row_id,1161364,116570,1176823,1491113,1595929,209233,22930,22956,22961,22967,22973,22983,22985,23150,23154,23158,23176,23724,24279,24285,24287,24321,244024,25073,25092,25214,326272,41970,43435,47144,47158son01,47158son02,47158son03,47158son04,47158son05,47158son06,47158son07,47158son08,47158son09,47158son10,47158son11,47158son12,47158son13,47158son14,47158son15,47158son16,47158son17,47158son18,47158son19,47158son20,47158son21,47158son22,47158son23,47158son24,47158son25,476521,516975,517063,555123,555145,555146,64898,65377,65380,66971,67107,67252,70711,738183,74113,74580,760266,ashgre1,astcra1,bafcur1,baffal1,banana,barant1,batbel1,baymac,bbwduc,bcwfin2,bkcdon,bkhpar,blchaw1,blheag1,blttit1,bncfly,bobfly1,brcmar1,brnowl,bucmot4,bucpar,bufpar,bunibi1,burowl,camfli1,chacha1,chbmoc1,chobla1,chvcon1,cibspi1,coffal1,compau,compot1,crbthr1,crebec1,dwatin1,epaori4,eulfly1,fabwre1,fepowl,ficman1,flawar1,fotfly,fusfly1,gilhum1,giwrai1,glteme1,grasal3,greani1,greant1,greela,grekis,grepot1,gretho2,greyel,grfdov1,grhtan1,gycwor1,horscr1,houspa,hyamac1,larela1,lesela1,lesgrf1,limpki,linwoo1,litcuc2,litnig1,mabpar,magant1,magtan2,masgna1,nacnig1,ocecra1,oliwoo1,orbtro3,orwpar,osprey,pabspi1,palhor3,paltan1,phecuc1,picpig2,pirfly1,plasla1,platyr1,plcjay1,pluibi1,purjay1,pvttyr1,ragmac1,rebscy1,recfin1,redjun,relser1,rinkin1,rivwar1,roahaw,rubthr1,rufcac2,rufcas2,rufgna3,rufhor2,rufnig1,ruftho1,ruftof1,rumfly1,ruther1,rutjac1,sabspa1,saffin,saytan1,scadov1,schpar1,scther1,shcfly1,shshaw,shtnig1,sibtan2,smbani,smbtin1,sobcac1,sobtyr1,socfly1,sofspi1,souant1,soulap1,souscr1,spbant3,spispi1,sptnig1,squcuc1,stbwoo2,strcuc1,strher2,strowl1,swthum1,swtman1,tattin1,thlwre1,toctou1,trokin,trsowl,undtin1,varant1,watjac1,wesfie1,wfwduc1,whbant2,whbwar2,whiwoo1,whlspi1,whnjay1,whtdov,whwpic1,y00678,yebcar,yebela1,yecmac,yecpar,yehcar1,yeofly1
BC2026_Train_0001_S08_20250606_030007_5,0.015472624,0.54201794,0.0046254313,0.0025310447,1.2781854e-06,0.08536401,0.0030196675,0.011699056,0.00497288,0.00029154777,0.01344198,0.0043647266,0.0015016682,3.605053e-07,4.195129e-06,0.0022137694,0.0043276534,0.00038278644,0.012290656,0.023778098,0.026114253,4.479699e-05,0.024114663,0.0028866155,0.30301,6.6258755e-05,0.0067240396,0.26911396,0.02969142,0.11228453,0.15696065,0.008264822,0.11315561,0.02723499,0.086366065,0.01848036,0.05448893,0.017004488,0.0030344764,0.72368383,0.06920426,0.0037216078,0.7941536,0.0191933,0.018555114,0.018555114,0.69735205,0.027200494,0.01692656,0.023171559,0.6455022,0.69103616,0.69103616,0.0060744532,0.94959176,1.1246892e-06,0.008084251,0.00018755831,0.00019131774,0.055339992,0.05098613,0.000648839,0.045554142,0.1884782,0.0025442287,0.0017509159,0.019785352,0.0010430252,0.000911702,0.022159008,0.0066978643,0.0005750971,0.038970526,0.074244745,0.11293336,0.045533232,0.05096601,0.3126461,0.110220976,0.06804404,0.06076157,0.016332183,0.16175045,0.0221475,0.05305539,0.21445335,0.1478983,0.19581276,0.10789986,0.047593296,0.3143267,0.21993974,0.04123099,0.022841698,0.057652377,0.096610904,0.13179177,0.13359094,0.13725968,0.1290129,0.13096853,0.02271108,0.33575436,0.81429756,0.8797297,0.11336602,0.075441845,0.051383674,0.1439436,0.14247994,0.12451161,0.56667894,0.088563204,0.17460768,0.07210209,0.29401225,0.08656599,0.07200829,0.019531857,0.24258842,0.15792097,0.30014065,0.3309521,0.22716318,0.44568083,0.102080874,0.2305682,0.054904133,0.059823107,0.037460476,0.06791908,0.27711242,0.06008581,0.099239394,0.23653847,0.055592533,0.23982762,0.36456147,0.13232656,0.09723405,0.008807286,0.031766962,0.12688246,0.09644282,0.09496148,0.26649356,0.29490876,0.017879939,0.18519346,0.24694322,0.060346875,0.2005563,0.12494906,0.13365528,0.04124126,0.065057114,0.026032882,0.050732035,0.061697826,0.05254722,0.022632675,0.14823265,0.10049825,0.31339133,0.097405,0.1706637,0.06467448,0.060634524,0.07962098,0.5374616,0.25781295,0.0045544743,0.14792866,0.14718688,0.16500449,0.49883717,0.037408162,0.11995686,0.16755705,0.41886988,0.50276905,0.016345698,0.05016911,0.05023634,0.0431924,0.028016366,0.0063860496,0.115135804,0.19835645,0.2544562,0.11672834,0.25371373,0.08136709,0.21666598,0.14437577,0.08802642,0.13767336,0.21011819,0.15648474,0.059188567,0.12885097,0.067613184,0.06438774,0.19735669,0.13317293,0.72946596,0.11610435,0.74866664,0.039008524,0.10341081,0.13304947,0.16644832,0.06691085,0.1116393,0.84417886,0.5318288,0.08193548,0.07754658,0.11235542,0.081939064,0.04286667,0.054136135,0.039646987,0.033911593,0.015290274,0.3931715,0.07053381,0.072249606,0.019932501,0.35669982,0.019787513,0.017649155,0.104718804,0.31145093
BC2026_Train_0001_S08_20250606_030007_10,0.018781168,0.54118896,0.0038414393,0.0024468258,9.831883e-07,0.08900268,0.002527608,0.012828893,0.0046462347,0.00029353373,0.016212096,0.0036652577,0.0015562527,3.8127408e-07,3.8020703e-06,0.0019956476,0.0014847863,0.00042134937,0.00926799,0.020386904,0.025331028,4.307823e-05,0.023414562,0.004324808,0.27998763,6.2295876e-05,0.00601502,0.2837647,0.029655434,0.11352595,0.14759688,0.0075735482,0.10150298,0.02643251,0.08638303,0.016785499,0.047453012,0.015380903,0.0028135907,0.7306383,0.06456794,0.003436071,0.79105973,0.017007519,0.015634514,0.015634514,0.6911484,0.024642926,0.01602015,0.02164211,0.64011204,0.68477553,0.68477553,0.005723366,0.9469224,1.0544485e-06,0.008040034,0.00022689185,0.00017302725,0.061296016,0.060934633,0.0007417699,0.04489754,0.13887419,0.0025478192,0.0017020906,0.020699166,0.00091749075,0.00093833916,0.022135397,0.0066982415,0.0007401429,0.05162623,0.08013726,0.11545802,0.045286894,0.05921491,0.22603646,0.14577708,0.08327907,0.05506357,0.014844351,0.17416468,0.020894013,0.042678315,0.24073277,0.24559826,0.13854975,0.16975035,0.046380367,0.2903256,0.2281771,0.060996085,0.024187312,0.08416226,0.13878307,0.06318101,0.10760849,0.08024412,0.05950931,0.11062275,0.019011635,0.3761518,0.80481505,0.87948537,0.07067909,0.06382802,0.05531268,0.08504917,0.14917327,0.10771112,0.6375209,0.08751256,0.2120382,0.04346124,0.24813719,0.12865917,0.09295538,0.02518334,0.22724262,0.16342142,0.2532307,0.19558284,0.20877609,0.5636213,0.09622231,0.1466133,0.062034283,0.064398214,0.04917437,0.07387188,0.2649169,0.064269066,0.09407787,0.1762327,0.036342993,0.22604696,0.3226628,0.11363599,0.08998997,0.006708314,0.03598032,0.11490954,0.077756606,0.090259835,0.15082167,0.33317742,0.014429208,0.21692657,0.16438566,0.042207774,0.11698035,0.07441552,0.22039431,0.041487977,0.07333446,0.028993161,0.05125506,0.0696207,0.05232747,0.0207303,0.117525466,0.08196538,0.4298608,0.09166631,0.22782652,0.06091453,0.056541488,0.06851387,0.5729155,0.16243528,0.0035262734,0.15536554,0.1375044,0.105060026,0.4709309,0.032388456,0.15657513,0.17138547,0.43150356,0.4759557,0.014143322,0.0712366,0.035554115,0.04300445,0.02255561,0.0047057476,0.1524449,0.31223363,0.31436807,0.107875906,0.23464425,0.10107758,0.19214956,0.1448475,0.06756838,0.07038594,0.30984977,0.109714225,0.0737465,0.23445003,0.046315733,0.05577182,0.1459013,0.11590346,0.863205,0.123807915,0.7548251,0.025179446,0.09928614,0.14096954,0.1364639,0.053648923,0.106731266,0.87404716,0.55340517,0.10406808,0.08117826,0.11293441,0.08403634,0.033986703,0.05210719,0.024480697,0.030946864,0.019824488,0.3288211,0.10646769,0.083977476,0.010507422,0.2349313,0.020995699,0.016304694,0.13321829,0.29437828
BC2026_Train_0001_S08_20250606_030007_15,0.017706022,0.5368435,0.0041488833,0.0023609446,1.042123e-06,0.08103643,0.0027339868,0.0102504855,0.004824477,0.00034667252,0.01206946,0.0038596767,0.001326287,3.5668552e-07,3.963205e-06,0.002627075,0.0035795777,0.0004090467,0.01167417,0.022902384,0.028703265,3.9365546e-05,0.036422256,0.0028544636,0.29361814,7.018478e-05,0.007859193,0.2498372,0.028815242,0.12073075,0.16265938,0.007444042,0.10117129,0.02645716,0.08613622,0.01745582,0.049974576,0.016447878,0.0027073114,0.7201133,0.065310314,0.0033488544,0.7929998,0.017313799,0.015058196,0.015058196,0.68367434,0.024518564,0.016475854,0.022218486,0.64667755,0.6899981,0.6899981,0.005552491,0.94603425,1.1228674e-06,0.008030391,0.00022868425,0.00015654121,0.07204377,0.085876666,0.00069682585,0.04918944,0.1685661,0.0025806378,0.0015288321,0.024672478,0.0009789689,0.0013168482,0.020692812,0.0067029325,0.0010513731,0.03527849,0.0861294,0.11234248,0.07225428,0.055128057,0.27034658,0.15378426,0.06270306,0.050383624,0.013952831,0.19584933,0.0193176,0.044134095,0.24269794,0.18751708,0.17008498,0.10057883,0.045116365,0.25824466,0.22272673,0.043841377,0.038945124,0.048874967,0.1258039,0.072887994,0.102476515,0.099094205,0.065758705,0.13416052,0.025965413,0.32131594,0.77974606,0.886612,0.08678954,0.07267625,0.051699296,0.09529375,0.13458177,0.20246051,0.61738837,0.070954666,0.18841027,0.050994672,0.2781061,0.10348581,0.06862356,0.03305696,0.29067352,0.17931959,0.2880327,0.20186877,0.2040679,0.57128274,0.103726245,0.18699655,0.0610788,0.07096198,0.06774228,0.06448044,0.2733576,0.04952655,0.09382283,0.20202667,0.07225676,0.28781083,0.3350743,0.10942781,0.1026908,0.007920962,0.03597169,0.10964171,0.09152855,0.092281766,0.20809871,0.26789793,0.018424524,0.20721649,0.14857695,0.033538014,0.12052032,0.065696485,0.1527414,0.043780673,0.06049309,0.025181646,0.05410353,0.07592146,0.043378774,0.024366962,0.137753,0.10408889,0.37056634,0.09567685,0.23413277,0.09920061,0.05290581,0.104095615,0.553035,0.25686404,0.004211404,0.18313488,0.1963748,0.11051624,0.43869543,0.036881946,0.23681362,0.14729306,0.45417887,0.47814068,0.015703514,0.048190378,0.044419266,0.055756353,0.03707041,0.0045214705,0.11905069,0.17669089,0.29646015,0.09619138,0.20553938,0.079758495,0.20115115,0.095264554,0.064921714,0.05023221,0.31937048,0.109235086,0.08489855,0.1870732,0.050797287,0.07133008,0.19775589,0.11717573,0.8219175,0.13467818,0.7430527,0.030882858,0.1432895,0.13962328,0.13199821,0.06732623,0.1254299,0.8560883,0.55459076,0.14879489,0.098012015,0.10954395,0.100827955,0.03864395,0.054557238,0.02934774,0.019562332,0.021358732,0.3341281,0.08748246,0.08433594,0.013191983,0.3128337,0.021297628,0.018248534,0.12039471,0.21168628
BC2026_Train_0001_S08_20250606_030007_20,0.021761699,0.55385995,0.0049639824,0.0020888778,1.0045536e-06,0.09050029,0.002985734,0.012865503,0.005594008,0.00026833607,0.013030609,0.0049325866,0.0015483506,3.5557014e-07,3.8002906e-06,0.002191866,0.0055617634,0.00034220994,0.012986316,0.056715444,0.037575327,4.9144986e-05,0.02801764,0.0039884783,0.4311662,7.883319e-05,0.0070050824,0.3210527,0.034125265,0.13186039,0.17735213,0.0091703115,0.12385271,0.030153938,0.085689396,0.020386351,0.061380252,0.019274585,0.0033351236,0.7243876,0.07524423,0.0041660727,0.797492,0.02128878,0.019631762,0.019631762,0.70236146,0.030942775,0.019590657,0.026198063,0.65619,0.69672376,0.69672376,0.006617052,0.93754786,1.0221543e-06,0.008015415,0.00019216251,0.00018221732,0.06337314,0.06705594,0.00069522345,0.068848275,0.21674807,0.0032433344,0.0018570649,0.024553027,0.0014721227,0.0009390242,0.02273624,0.0066888784,0.00057868334,0.033786256,0.17317297,0.13028315,0.049568176,0.050723303,0.2686238,0.12485269,0.06828432,0.04914123,0.017251894,0.2101889,0.021569245,0.054599483,0.20885573,0.22192031,0.124492556,0.13498987,0.060090482,0.21286707,0.31570363,0.048824277,0.043141227,0.06731902,0.12829047,0.060135365,0.14776479,0.10517233,0.07187014,0.109847456,0.024559442,0.30570647,0.8145957,0.888216,0.06649204,0.08210501,0.06151825,0.103364795,0.12761183,0.10992821,0.58586764,0.10613223,0.20550598,0.054243732,0.27628398,0.089980334,0.06929283,0.02280231,0.20835945,0.21351326,0.25325415,0.22492452,0.24199295,0.5962152,0.09130489,0.15679146,0.055112787,0.058243748,0.037057597,0.092925504,0.2566756,0.06599874,0.09587896,0.19214092,0.05437731,0.26753533,0.25859812,0.14268324,0.18086812,0.007927527,0.041391473,0.12108149,0.10083713,0.10957695,0.25515804,0.34978247,0.01648086,0.21193774,0.12906036,0.04819504,0.10882146,0.09850984,0.17521171,0.042843267,0.07147867,0.02094333,0.054869633,0.07907448,0.054855745,0.031107236,0.15260273,0.11187642,0.3336417,0.09884118,0.19292048,0.06350764,0.07014371,0.09588714,0.57583845,0.16711773,0.004156332,0.13358243,0.14252713,0.11571033,0.5690478,0.03781268,0.17466669,0.17755485,0.4574806,0.36318785,0.014634936,0.046145834,0.051782615,0.04055916,0.03396056,0.0047613876,0.10172698,0.17311561,0.34970295,0.122022614,0.24287169,0.09557798,0.19646333,0.1081065,0.060243253,0.05843536,0.22112373,0.13162716,0.062311776,0.13563275,0.08815647,0.05960592,0.1549116,0.10235991,0.87085944,0.11868194,0.7623089,0.026939718,0.09912279,0.16763607,0.13363254,0.114518136,0.11578094,0.8484615,0.5454603,0.09958657,0.09619463,0.09672878,0.09364263,0.028537085,0.043151334,0.035063453,0.02157872,0.02525716,0.3602134,0.0655132,0.0635479,0.01516799,0.30404174,0.02160671,0.02074702,0.12555234,0.24277768
BC2026_Train_0001_S08_20250606_030007_25,0.025420593,0.54157597,0.0041396357,0.0019045214,1.0154013e-06,0.08099027,0.0027208256,0.012481523,0.0053765895,0.00028558716,0.011188556,0.0032670416,0.0015501367,3.7744377e-07,3.8744693e-06,0.0022221939,0.002433368,0.00037242466,0.012716535,0.02157933,0.03653323,4.179348e-05,0.043249305,0.0034670527,0.30121556,6.490473e-05,0.006493149,0.2826362,0.029903775,0.11841162,0.15872882,0.007629399,0.10722358,0.02596736,0.08643902,0.016949957,0.048715655,0.015700158,0.0027253134,0.7309251,0.06481593,0.0033943835,0.7947266,0.01734437,0.016712228,0.016712228,0.69477654,0.025946273,0.016391298,0.021865018,0.6521248,0.6930637,0.6930637,0.005569025,0.945303,1.0233164e-06,0.008061662,0.00020573637,0.00017994443,0.054680087,0.04508207,0.00067659013,0.056643113,0.15156142,0.0022071397,0.0016392617,0.0154763395,0.0011435403,0.0010035902,0.028378237,0.0067341984,0.0005902105,0.048761938,0.0717644,0.11756066,0.054095224,0.05793674,0.28011736,0.09910403,0.08105239,0.042703085,0.011455838,0.18201919,0.021866726,0.0592935,0.26917753,0.21181403,0.118335396,0.18417044,0.046536405,0.24867587,0.29310077,0.063422374,0.020936834,0.04350284,0.105268635,0.05525466,0.14320095,0.07063386,0.0748428,0.104690015,0.02141652,0.34988952,0.8098898,0.8971552,0.07381789,0.10063398,0.04193702,0.0807464,0.1443856,0.13751432,0.5874953,0.11768329,0.1898998,0.05210802,0.27339116,0.09979389,0.082411155,0.023650512,0.22106448,0.1916007,0.30408895,0.32609007,0.19239983,0.6116307,0.07620842,0.16864188,0.0688294,0.08996563,0.041524287,0.059625078,0.24683662,0.06494644,0.10388181,0.21542199,0.046995826,0.23062797,0.3481273,0.15759508,0.09602035,0.006514276,0.027790267,0.13081966,0.09005524,0.09562405,0.17248456,0.32797793,0.026800133,0.18746246,0.1300514,0.050198935,0.13883594,0.10349716,0.19044942,0.050151356,0.10223704,0.028913273,0.07570896,0.06664677,0.049046367,0.02236001,0.14243677,0.097215496,0.48135498,0.09281291,0.2208408,0.04127822,0.044800967,0.09944543,0.5314478,0.24597314,0.0034718495,0.12559728,0.14987494,0.08775378,0.5435673,0.04155767,0.17744657,0.23749709,0.48056582,0.36786863,0.013694925,0.04915196,0.049773075,0.031208972,0.030590825,0.0056261234,0.122401826,0.20550802,0.2944865,0.12660736,0.21876515,0.1078679,0.2265455,0.104355514,0.08613464,0.04535316,0.28707153,0.13234201,0.07672544,0.19240999,0.058993604,0.061529957,0.19202906,0.15420763,0.84758073,0.12849282,0.7968354,0.01679581,0.11484406,0.14254998,0.18404698,0.046977073,0.13126203,0.8594314,0.5663007,0.090800844,0.08681603,0.11592106,0.064922646,0.034645904,0.05452138,0.02217267,0.027450245,0.017386679,0.3507417,0.07581381,0.065293975,0.0109500345,0.30830276,0.021167101,0.018615177,0.13826993,0.32804003
BC2026_Train_0001_S08_20250606_030007_30,0.017738469,0.53415006,0.0046622446,0.0030782004,1.3125648e-06,0.08057788,0.0031251875,0.012138235,0.0047590556,0.00031667415,0.0150664495,0.0035495223,0.0013025755,3.6828126e-07,3.9718007e-06,0.0025990985,0.0029704347,0.00035761806,0.0077339737,0.024164412,0.026026929,4.1002513e-05,0.021093898,0.0026332352,0.34340978,8.164451e-05,0.0065781185,0.2746473,0.025369313,0.11645918,0.15038727,0.006257537,0.10165761,0.023466395,0.08631557,0.015080834,0.046545804,0.014757628,0.0025783766,0.7087613,0.06009287,0.0029831605,0.7796918,0.014952019,0.015360006,0.015360006,0.6739689,0.023588022,0.013919197,0.019444518,0.62083536,0.6677993,0.6677993,0.0050370777,0.94425666,1.059694e-06,0.0080619445,0.00021389782,0.0001690028,0.045075055,0.03875965,0.00070456817,0.044524163,0.14364116,0.0026776223,0.0013461942,0.021922158,0.0010066627,0.001040352,0.025441686,0.0067130635,0.0006229227,0.051867627,0.09646083,0.13655154,0.0531426,0.055861674,0.37475967,0.11909415,0.058972754,0.052317612,0.013763641,0.19056769,0.029024404,0.05320875,0.27169323,0.18605049,0.19345443,0.1565374,0.052868076,0.2394222,0.23889855,0.056647737,0.030222464,0.05200742,0.10900356,0.109485365,0.10582068,0.100392655,0.11085979,0.12106624,0.025599046,0.32036018,0.78741455,0.8900809,0.098151386,0.074702255,0.054206155,0.12980446,0.1529918,0.13564952,0.6112744,0.080088854,0.21681304,0.06447846,0.25507092,0.11122562,0.06619016,0.030176625,0.28453982,0.21998733,0.29757622,0.26627794,0.27182418,0.5272193,0.12014156,0.18980572,0.07672551,0.06057322,0.042575616,0.074640155,0.25207907,0.046553563,0.094990805,0.21033928,0.05285209,0.24739076,0.38686618,0.111100994,0.077737495,0.0074771554,0.033405874,0.17513832,0.08519099,0.08279681,0.17268986,0.42731383,0.016885558,0.28586805,0.17996612,0.05307179,0.21593684,0.08620055,0.16312012,0.05339659,0.07278539,0.030245695,0.06730654,0.07187582,0.05337319,0.024414202,0.16224782,0.0964705,0.36097583,0.12790625,0.18373725,0.053974785,0.07016622,0.112178706,0.6099081,0.26358494,0.003959271,0.16781394,0.16031489,0.17972903,0.4689714,0.046780106,0.13685776,0.23883094,0.4535834,0.6092465,0.015819527,0.05129882,0.039692238,0.05069749,0.036682162,0.005868219,0.13525051,0.20693387,0.2654071,0.1305238,0.22171184,0.08443855,0.2276921,0.15909453,0.0809428,0.11316166,0.33621532,0.14030413,0.06957904,0.19784287,0.08375105,0.0660935,0.15838563,0.14146087,0.8137746,0.13070741,0.72846085,0.02830765,0.111304775,0.14046814,0.16191208,0.088498324,0.10813907,0.82486975,0.49462658,0.12508059,0.08093322,0.11622579,0.09314948,0.07363599,0.056364726,0.04233581,0.046834726,0.016078254,0.4881682,0.09586162,0.08335692,0.018889097,0.40487766,0.022938251,0.014274939,0.17090927,0.33397952
BC2026_Train_0001_S08_20250606_030007_35,0.016622756,0.55762357,0.004230989,0.0023798516,1.2716762e-06,0.072580636,0.00870733,0.022887118,0.006082604,0.00030774018,0.01713325,0.00475685,0.0013880916,3.6272854e-07,4.139082e-06,0.0023036946,0.0031443315,0.00039196477,0.00961223,0.019532092,0.034969993,4.3325574e-05,0.029688584,0.0029982994,0.2681532,7.542595e-05,0.007130816,0.248229,0.027585162,0.12423942,0.14161603,0.0075359093,0.1011008,0.026057394,0.086008534,0.017332027,0.048262525,0.015409557,0.0025368393,0.7463722,0.05781904,0.003025785,0.7987813,0.017254375,0.015931077,0.015931077,0.7022308,0.024554836,0.015120802,0.02069832,0.6545288,0.69621146,0.69621146,0.0050563365,0.9478071,1.1266146e-06,0.008056188,0.00022760646,0.00016684338,0.07395026,0.05115709,0.0007582159,0.03982381,0.18591063,0.002588911,0.0016671765,0.028571269,0.0008302173,0.00089393,0.018112332,0.006718778,0.00054242683,0.03808221,0.198033,0.13499318,0.052001253,0.0550067,0.27979004,0.1369509,0.061530318,0.044953622,0.010844583,0.20802118,0.0209269,0.046304613,0.21285944,0.20414571,0.1442497,0.13252883,0.036544807,0.25207856,0.31538948,0.060956664,0.022572279,0.04273302,0.12172411,0.10430379,0.10354578,0.11244375,0.079821646,0.11059978,0.023581123,0.31383112,0.7905041,0.9097275,0.08702287,0.06966594,0.06275287,0.11689574,0.122731246,0.11751913,0.674529,0.09350627,0.19424595,0.10140099,0.2182717,0.12904821,0.091161445,0.018686067,0.25506747,0.17548686,0.30686143,0.24206945,0.24083647,0.527996,0.09494266,0.14125215,0.0636915,0.057503555,0.0645112,0.06819431,0.2996784,0.054326665,0.110697314,0.22028042,0.043466408,0.28032702,0.4423308,0.12650979,0.13307236,0.007899678,0.03758979,0.1713992,0.08448684,0.15042856,0.15818746,0.28474584,0.014894476,0.17996542,0.16709024,0.06419815,0.11994261,0.08759386,0.11200497,0.05351126,0.08024748,0.027729189,0.069271386,0.061455738,0.04538553,0.03072709,0.15769021,0.08877426,0.37031528,0.08937346,0.15314725,0.05515928,0.056419916,0.08841474,0.50990033,0.18644598,0.0035447532,0.13519292,0.13937204,0.11804953,0.5061644,0.039249316,0.15689816,0.19201232,0.41590473,0.4276244,0.018372323,0.0514242,0.05183355,0.038846005,0.026533497,0.0043598483,0.11069405,0.14004138,0.3378957,0.13630734,0.2341776,0.10287804,0.20438115,0.121990114,0.08833886,0.06504804,0.24108313,0.11655759,0.07608304,0.14807235,0.056555927,0.07027357,0.14432521,0.09952457,0.8023682,0.14152883,0.79107666,0.0192636,0.10147979,0.12540136,0.14383966,0.081352584,0.12906906,0.85729444,0.53295076,0.08460034,0.078041114,0.09138237,0.073062375,0.028475933,0.0648664,0.03760232,0.018866,0.017871693,0.3135178,0.08254297,0.09880561,0.01219741,0.34024307,0.037294596,0.015277312,0.1701398,0.33676338
BC2026_Train_0001_S08_20250606_030007_40,0.019136438,0.53505695,0.004063482,0.0023902855,1.3077934e-06,0.1020036,0.0024835619,0.009807116,0.0041306596,0.0002985106,0.0125864735,0.0035562871,0.0011964707,3.6971522e-07,4.198257e-06,0.002158949,0.004055452,0.00043106932,0.0110436035,0.022388991,0.03478038,4.4541135e-05,0.028596569,0.0025895447,0.3926882,7.2681076e-05,0.0060979077,0.2712856,0.030411476,0.114697315,0.14993829,0.007369667,0.10308274,0.027526919,0.08676086,0.017002996,0.045884766,0.015414543,0.0027854512,0.72950137,0.065544255,0.0034134446,0.7906117,0.017106166,0.015808547,0.015808547,0.6950779,0.024883438,0.015883867,0.021589123,0.6417276,0.6853034,0.6853034,0.0056233457,0.94600207,1.1100384e-06,0.008113359,0.0001949102,0.00018193215,0.051078994,0.050309803,0.0007138814,0.053102564,0.19756486,0.0022600072,0.0016099438,0.01737429,0.0010682098,0.00092368945,0.024372514,0.0067414283,0.0006310914,0.03670077,0.08327491,0.11189727,0.051973406,0.056784794,0.22474676,0.16385016,0.060132712,0.05236473,0.014904809,0.18530169,0.0292604,0.049176686,0.21669587,0.1529414,0.13471141,0.12623076,0.03449805,0.2403214,0.21228094,0.047446012,0.022687024,0.06132364,0.101125345,0.06669608,0.12095401,0.099990375,0.050063416,0.101955496,0.022262104,0.3039944,0.8044544,0.88060755,0.07204663,0.06157579,0.07394584,0.09531922,0.113064565,0.09491417,0.60772145,0.08551009,0.18231256,0.054755032,0.2340121,0.10423042,0.0670465,0.021129848,0.19052666,0.14342502,0.24551895,0.17128511,0.2250466,0.5081682,0.10108727,0.16050534,0.063028,0.046374172,0.03903135,0.057560723,0.29626963,0.05192575,0.096286885,0.2171132,0.04613423,0.23378085,0.2705499,0.100708544,0.08096392,0.009031628,0.027421825,0.10035687,0.091172054,0.085757315,0.13864283,0.2850243,0.019185426,0.20935306,0.1720603,0.042934835,0.091746666,0.09131594,0.24824956,0.050449118,0.07122962,0.024379497,0.050540064,0.048727654,0.046125878,0.027405113,0.10722439,0.08883844,0.30287436,0.09619932,0.1745178,0.060380522,0.056410257,0.07887124,0.54378974,0.19505364,0.003562108,0.10770032,0.1447997,0.13175403,0.4300384,0.035349365,0.11664311,0.19128507,0.40298417,0.4627916,0.012789286,0.048877638,0.04191202,0.029769773,0.025992306,0.0044013555,0.09160558,0.20299365,0.28805682,0.0977246,0.24278295,0.07537158,0.17299086,0.08986288,0.08387402,0.06061732,0.22957328,0.09800135,0.067630224,0.1431101,0.045641232,0.0686089,0.14290453,0.08841553,0.89819497,0.09954478,0.76421607,0.028053142,0.096589185,0.08979588,0.12067321,0.069214806,0.1493427,0.855203,0.52731156,0.07903802,0.07875913,0.083460845,0.087746754,0.030421076,0.047792215,0.027819416,0.024484733,0.0137698725,0.26348454,0.071431845,0.07232101,0.009682739,0.201995,0.022499284,0.017623011,0.13179556,0.21064542
BC2026_Train_0001_S08_20250606_030007_45,0.022760605,0.54475087,0.005486312,0.0021756764,1.1561234e-06,0.07185857,0.0029083912,0.015038106,0.0056854323,0.00028427588,0.009825647,0.004075866,0.0016991162,3.4756994e-07,3.833149e-06,0.0022630184,0.0032657103,0.00041590078,0.010360134,0.027323646,0.024976129,4.3226097e-05,0.036863536,0.0035044102,0.42571738,7.503697e-05,0.006435638,0.24213491,0.028767291,0.13473226,0.16969101,0.008204328,0.11748734,0.03062752,0.085907035,0.018728813,0.049997404,0.01704207,0.003155796,0.7191912,0.07004958,0.0036600342,0.7842159,0.018048916,0.018654311,0.018654311,0.6737097,0.027963836,0.01712345,0.023155998,0.636536,0.6770218,0.6770218,0.0060376823,0.9357277,1.1162169e-06,0.008029863,0.0002685268,0.00017556218,0.08993294,0.037574038,0.00072082976,0.051502265,0.139384,0.0042086667,0.0017961417,0.01722978,0.00081716717,0.0009005776,0.026498768,0.0066856104,0.0006918364,0.051391542,0.11594236,0.12128378,0.045116294,0.047550824,0.32707673,0.08979728,0.05675268,0.038119175,0.013432565,0.23514423,0.012591266,0.07110069,0.27526882,0.22131336,0.12846832,0.13294476,0.038579136,0.2586407,0.23619798,0.03641164,0.029589469,0.06152926,0.09168294,0.0686991,0.1097088,0.08009359,0.06875283,0.1725575,0.020578528,0.33168027,0.78674585,0.8891444,0.07603445,0.095105946,0.043725412,0.10765943,0.15006755,0.23869696,0.5643199,0.13034269,0.18092483,0.04255607,0.31631735,0.11904733,0.06395426,0.030653324,0.22206472,0.32962158,0.3013584,0.34498808,0.1847344,0.5340562,0.080141984,0.10666926,0.07088388,0.07001609,0.046515126,0.07968689,0.28525102,0.049345426,0.10708475,0.21886425,0.067847945,0.42643663,0.32754147,0.1288163,0.10057407,0.008932819,0.033049557,0.114911295,0.08853895,0.15975663,0.1480095,0.46136472,0.04574657,0.20290141,0.14261279,0.060169462,0.15342063,0.07882676,0.26480323,0.056313034,0.17506588,0.03190076,0.11335882,0.050377488,0.06481993,0.021869577,0.16525818,0.069528624,0.53442794,0.11233885,0.17114472,0.03702636,0.08313528,0.15365595,0.56886375,0.2746915,0.0043384717,0.12308871,0.15649687,0.111228034,0.42375615,0.054856565,0.16650797,0.31323782,0.38818258,0.48348373,0.015274311,0.06693355,0.042531647,0.0617331,0.026857309,0.006177592,0.14822264,0.18821728,0.24761666,0.11199181,0.3131909,0.102530904,0.21327512,0.11694562,0.0832995,0.06140678,0.20766966,0.11487554,0.044770323,0.1848151,0.0703136,0.0480523,0.17244546,0.14084178,0.9044791,0.12658793,0.725611,0.022070318,0.09162597,0.11370986,0.1808759,0.05011411,0.117203616,0.8315968,0.55573034,0.12003443,0.09143462,0.12319777,0.07861811,0.03487169,0.055767566,0.021674149,0.03262441,0.019044146,0.28905198,0.08567088,0.09807148,0.012804528,0.27909338,0.020144762,0.015693327,0.14855438,0.30672374
BC2026_Train_0001_S08_20250606_030007_50,0.018597728,0.5504264,0.0035861512,0.0024724551,1.0196619e-06,0.086366296,0.0037137226,0.0116172545,0.0058816597,0.00033232704,0.013169989,0.0036906856,0.0015151778,3.5740942e-07,4.0005098e-06,0.002151031,0.0042382553,0.00033068808,0.010109087,0.017408095,0.023066055,4.412366e-05,0.02031982,0.0027007447,0.32042772,7.037084e-05,0.005938604,0.24638158,0.025243476,0.11583326,0.16113366,0.0063672224,0.09666726,0.02462866,0.08647413,0.015542319,0.04079604,0.013869657,0.0023848948,0.72940385,0.05715201,0.002711606,0.7932271,0.014981152,0.014341613,0.014341613,0.68480796,0.023251599,0.013995546,0.019305728,0.6463872,0.6885665,0.6885665,0.004633557,0.9437593,1.1199074e-06,0.008059627,0.00021406464,0.00015462755,0.051127296,0.032955773,0.0007578348,0.039511662,0.20790198,0.0016170592,0.0015129772,0.014677055,0.00088939804,0.0010012895,0.022962201,0.0067437864,0.00055458635,0.040975355,0.1728577,0.12817082,0.059504393,0.065403834,0.2395226,0.09863952,0.057890486,0.04987417,0.011347007,0.1988078,0.019357152,0.04961595,0.25410306,0.14120652,0.14928488,0.17146966,0.036725603,0.23221675,0.26284268,0.046219632,0.024489237,0.04428876,0.14537753,0.09074772,0.10569876,0.083891906,0.09978717,0.10435189,0.021554276,0.37844074,0.7810075,0.89403087,0.08845605,0.07272139,0.05226961,0.08740645,0.1322875,0.15046993,0.634659,0.07432636,0.19315767,0.06261517,0.25809273,0.0908674,0.06910137,0.025874116,0.25135598,0.25710905,0.29381523,0.2794908,0.21056196,0.58154756,0.09521853,0.1891853,0.06853218,0.063467056,0.060655598,0.08322974,0.280627,0.053398035,0.09787416,0.20839775,0.03706215,0.29611176,0.4123832,0.123168185,0.09602376,0.0081367465,0.03179048,0.13437381,0.08785715,0.1201829,0.14023101,0.3236361,0.018480426,0.17043015,0.19152059,0.054138348,0.17029786,0.07794796,0.1406322,0.05519227,0.08459617,0.02861461,0.07264431,0.071776226,0.046995066,0.018781412,0.12396036,0.10378062,0.4005238,0.10150741,0.19167742,0.06143392,0.056915615,0.09656608,0.55629885,0.24118437,0.0034171925,0.14538097,0.17849632,0.110206485,0.49793485,0.038900916,0.15523987,0.21211025,0.4224179,0.36846206,0.017816557,0.053070202,0.0455013,0.050980203,0.03217889,0.005436868,0.09635743,0.1741752,0.312954,0.08528512,0.25247824,0.1001018,0.23907927,0.12084643,0.092068106,0.07559983,0.26754206,0.10797321,0.0745905,0.16675438,0.076529734,0.06687614,0.17842449,0.12639184,0.734718,0.12191568,0.7554566,0.02130911,0.105933085,0.10858487,0.17650442,0.04195722,0.14101915,0.85489917,0.51773494,0.096653074,0.10345558,0.09335829,0.07563703,0.041722488,0.043568306,0.02421831,0.02506833,0.018085236,0.3045631,0.06756363,0.072694816,0.012407178,0.2686738,0.024618993,0.019853476,0.1380793,0.4017359
BC2026_Train_0001_S08_20250606_030007_55,0.025485659,0.5614282,0.0040865354,0.0022087446,1.1063638e-06,0.09162013,0.0029278882,0.015840534,0.003932338,0.00025945305,0.012801877,0.0036874816,0.0014767573,3.5939556e-07,4.2421684e-06,0.0023666245,0.0031255335,0.0003737287,0.0086489115,0.016936753,0.034350943,4.012647e-05,0.021979067,0.0023815094,0.35649136,7.2981355e-05,0.0065989364,0.2636495,0.029608916,0.11640165,0.15135488,0.0070490153,0.10541956,0.026344249,0.086748786,0.01706296,0.046007972,0.015562531,0.0027945545,0.7415293,0.064577304,0.0032116754,0.7897502,0.015947174,0.01554677,0.01554677,0.6864286,0.024133565,0.015444972,0.021331338,0.6427016,0.6850247,0.6850247,0.005494371,0.95094097,1.1826224e-06,0.0080841025,0.00019130242,0.00017613708,0.04812249,0.03645892,0.0007613494,0.033414364,0.12319913,0.0014901079,0.0015335721,0.014183934,0.000953999,0.0010962267,0.026038382,0.0067458134,0.000635035,0.045553904,0.09884525,0.11103826,0.041247528,0.060489055,0.237466,0.12349837,0.060553968,0.0462386,0.0140055455,0.18688281,0.023226924,0.0437968,0.24695913,0.1506757,0.1411896,0.15696691,0.038299326,0.22223414,0.29164225,0.046078216,0.023076093,0.037359074,0.1679517,0.09785929,0.104682975,0.13944611,0.06712457,0.119761266,0.020091468,0.32507408,0.7926357,0.878187,0.0779921,0.10465061,0.08836373,0.122202255,0.13676398,0.167715,0.6507868,0.12505426,0.20728475,0.05493228,0.24109365,0.114206105,0.06998826,0.026984187,0.2527628,0.1269254,0.25742558,0.25000098,0.25154352,0.5177495,0.10612333,0.18281476,0.06971864,0.05437438,0.04137053,0.07191935,0.294609,0.049119145,0.124101646,0.24933678,0.04650212,0.18824036,0.3199088,0.11419836,0.08499075,0.0068183118,0.034806613,0.12237704,0.091489166,0.08176189,0.17640367,0.32999793,0.022858888,0.17099077,0.16751358,0.055453368,0.11137084,0.07072918,0.22411583,0.04690035,0.09768348,0.025584687,0.06749938,0.061141677,0.045018066,0.019910518,0.12548108,0.094415896,0.35425597,0.110965446,0.1401857,0.05647955,0.060889903,0.120709695,0.5613599,0.30447814,0.0036282632,0.11797853,0.16276877,0.1295215,0.53623754,0.04669577,0.15570271,0.22443138,0.42106545,0.42486402,0.017058909,0.048476994,0.047109883,0.034215905,0.031595144,0.006570249,0.14014615,0.1635601,0.3008849,0.113328725,0.27008823,0.09691172,0.18287577,0.0957962,0.08506896,0.069363706,0.2692648,0.1224304,0.07330962,0.17516059,0.04448952,0.07066113,0.20025651,0.11386762,0.9174813,0.13020661,0.7762875,0.027152736,0.09194185,0.10870335,0.14135912,0.057986308,0.15340209,0.8349271,0.54522526,0.09087244,0.08084624,0.07995442,0.07464297,0.03298132,0.07454406,0.034089904,0.017935088,0.014077515,0.38835883,0.07789964,0.07637196,0.011317376,0.26553324,0.027076209,0.017497068,0.11649962,0.36397317
BC2026_Train_0001_S08_20250606_030007_60,0.02318709,0.60071117,0.013733854,0.0019864868,1.3010932e-06,0.14532807,0.0031657598,0.011860821,0.0055088145,0.00037055401,0.013887508,0.02543938,0.0015786152,4.371641e-07,4.0997234e-06,0.0028429164,0.0032445309,0.0004290498,0.01935084,0.023503304,0.03412569,7.5942975e-05,0.027163863,0.0073965807,0.47077996,8.4366824e-05,0.007979445,0.43897668,0.08454957,0.1985582,0.17712776,0.01053704,0.13512479,0.03297841,0.08638154,0.025285257,0.063466445,0.018486861,0.0034863239,0.7238818,0.07561142,0.0037201238,0.79195356,0.025203478,0.017505765,0.017505765,0.6944941,0.034191903,0.019305121,0.025998933,0.6475292,0.6854919,0.6854919,0.0069076275,0.922186,1.0600096e-06,0.007971817,0.00044058057,0.00029263296,0.054500982,0.055576917,0.00079673895,0.038746845,0.27741617,0.0034467618,0.0017876341,0.019134846,0.0010740457,0.0010009396,0.0339229,0.0066696373,0.0009013564,0.048849158,0.09066395,0.13957,0.041389827,0.04399403,0.34977317,0.1292472,0.0609034,0.038219977,0.0128566045,0.20533344,0.018329937,0.047618903,0.19127616,0.28631622,0.1227759,0.15595864,0.03283037,0.2349897,0.44293356,0.032494895,0.025948934,0.04930097,0.08961059,0.10602808,0.09209172,0.07929058,0.052126408,0.1489107,0.019224912,0.27446777,0.8014563,0.90779185,0.07905669,0.07751912,0.04546769,0.06765322,0.10607411,0.10011104,0.5587622,0.07908209,0.14857566,0.05342205,0.24853489,0.11540725,0.06789885,0.030025247,0.19831045,0.2792997,0.2811912,0.19760677,0.21190622,0.5758996,0.1507777,0.18526687,0.06810233,0.06567603,0.060998708,0.19935837,0.27461407,0.05684834,0.07869888,0.1250948,0.053951662,0.27715248,0.2723819,0.14032605,0.11875651,0.007322558,0.037414502,0.10607947,0.075228736,0.14888003,0.22369002,0.3078463,0.014816831,0.19399567,0.12053623,0.04409588,0.13430329,0.10031629,0.12183853,0.047194075,0.06900507,0.027500968,0.052954044,0.047953054,0.064363144,0.036959857,0.14610875,0.058133498,0.23808284,0.10120565,0.1767525,0.062774755,0.049875207,0.08304112,0.5642228,0.25039586,0.0036478476,0.08611614,0.1530096,0.11922199,0.64207685,0.04664687,0.15357113,0.13036497,0.69512194,0.29321337,0.014230745,0.055034466,0.043621104,0.04046857,0.014205034,0.0057727247,0.11193815,0.13819441,0.29072493,0.096290946,0.26883242,0.13459104,0.17532192,0.13450705,0.07319926,0.07485214,0.2604699,0.12359595,0.052178625,0.11669065,0.04175586,0.059559643,0.15793285,0.08482482,0.7206439,0.1410615,0.76954925,0.023610154,0.102632515,0.14019163,0.1470032,0.07198853,0.105501525,0.8008574,0.45535678,0.06413485,0.07540897,0.061412767,0.07211337,0.040286995,0.046800174,0.032848384,0.023197927,0.017891547,0.38592014,0.06112518,0.086645395,0.013971079,0.2940347,0.020663278,0.022784743,0.100279965,0.23525438
BC2026_Train_0002_S08_20250607_030007_5,0.020188464,0.42912436,0.0042751064,0.004941064,8.9807594e-07,0.06489246,0.0014856863,0.00691857,0.0031841518,0.00028908928,0.014394586,0.0059764944,0.00093297614,3.5753666e-07,3.91504e-06,0.0038693377,0.0082042655,0.0003409417,0.0437939,0.0056072273,0.019727414,4.2458953e-05,0.03017231,0.003662213,0.49042967,0.000110715504,0.0077252635,0.15079325,0.024363464,0.15867783,0.58516747,0.009648092,0.14815691,0.022992503,0.08551699,0.022885459,0.08005509,0.028895682,0.002663097,0.41512352,0.09521066,0.0029757556,0.8085558,0.025614582,0.015525676,0.015525676,0.54722595,0.0306691,0.020239789,0.03539312,0.65514725,0.70119673,0.70119673,0.0059663393,0.9167107,1.1027741e-06,0.007869634,6.8614245e-05,0.00016982673,0.02701372,0.015956447,0.0006588816,0.022140538,0.1361689,0.0010508538,0.0013367352,0.01566337,0.00047222798,0.00056184,0.040668294,0.0065938886,0.00040697542,0.043567065,0.050645713,0.15737334,0.04939456,0.10125308,0.19455877,0.03673812,0.04631839,0.047203403,0.02177339,0.1711075,0.01790029,0.035932187,0.24343033,0.2100485,0.17446561,0.10155244,0.04448199,0.18048707,0.1645898,0.023075305,0.009953171,0.023563707,0.09401054,0.03456299,0.19677363,0.08548337,0.061551668,0.3489735,0.033722118,0.2667934,0.66413295,0.7689978,0.053447016,0.091378406,0.015233496,0.07558501,0.13037385,0.10576281,0.42853808,0.054763455,0.15856093,0.060493927,0.3028991,0.09744032,0.053442776,0.030358428,0.2495233,0.32489643,0.21089095,0.41114074,0.16821861,0.32628047,0.057826143,0.06891324,0.0509762,0.037242297,0.04747228,0.06397498,0.26932934,0.04808242,0.07755228,0.10638689,0.028140517,0.2391644,0.23977412,0.123857975,0.14480692,0.006524857,0.06516719,0.09479728,0.06814889,0.15359154,0.042543825,0.32170832,0.008882843,0.20419507,0.05648734,0.05686238,0.060829222,0.0666683,0.056257747,0.03896633,0.046159424,0.022913184,0.06899333,0.06223162,0.08139141,0.018306728,0.1497617,0.042881485,0.2648374,0.13256815,0.25950605,0.02317555,0.060201455,0.16469036,0.5514229,0.11739947,0.009743809,0.11079391,0.15675262,0.15720175,0.18346557,0.09213909,0.14915793,0.11558736,0.35130042,0.41428816,0.045764003,0.079317346,0.11053479,0.06718079,0.028517233,0.013996541,0.20793353,0.099685505,0.23810229,0.0813763,0.1609596,0.033105943,0.2523856,0.13204086,0.09292947,0.06291691,0.19706798,0.058328558,0.058297146,0.19858533,0.061759695,0.04724444,0.18180437,0.10332074,0.3988596,0.09382567,0.6280904,0.011242922,0.08404868,0.11952722,0.12640753,0.057304908,0.19150825,0.73009473,0.41819334,0.077111736,0.08629117,0.12644434,0.0596406,0.052758347,0.19810317,0.050219826,0.0182792,0.027888875,0.52356124,0.10135823,0.06722654,0.009909799,0.2000835,0.014402992,0.017777452,0.07144705,0.6937158
BC2026_Train_0002_S08_20250607_030007_10,0.026899286,0.5027043,0.008644994,0.003082167,1.0311493e-06,0.07370327,0.0015049385,0.0072686584,0.0038923514,0.0003593658,0.016501963,0.014806549,0.00094151817,3.907553e-07,4.128078e-06,0.003990203,0.0066370503,0.00049646664,0.03126171,0.0076637743,0.03204176,4.12689e-05,0.039828774,0.004055919,0.48724857,9.916287e-05,0.009463819,0.20467052,0.042278994,0.17087688,0.61708003,0.010717063,0.17144692,0.029035317,0.08626911,0.025746645,0.079499,0.030062234,0.003233422,0.4922277,0.118307106,0.0037653628,0.82316536,0.029058022,0.01650253,0.01650253,0.57244664,0.033806257,0.023575088,0.03988918,0.6828014,0.7225929,0.7225929,0.0076628732,0.92291135,1.1145831e-06,0.007916459,8.319501e-05,0.00020508334,0.030187761,0.028460938,0.0007487591,0.017690577,0.15553609,0.0013285221,0.0011640701,0.040402383,0.00043625775,0.0005676509,0.050014634,0.006631488,0.00047582312,0.05664874,0.045062725,0.29545152,0.054057695,0.08823052,0.15224418,0.03536694,0.057626832,0.053369824,0.019289015,0.18926893,0.015657622,0.04597107,0.30547723,0.18896767,0.13660154,0.0920302,0.035935946,0.13971366,0.18182518,0.027410788,0.011637349,0.028908733,0.099100634,0.027026026,0.20872286,0.08628813,0.050341975,0.35567546,0.030348318,0.25712085,0.6777033,0.80633765,0.04507206,0.10079179,0.01963974,0.05702302,0.13361049,0.09369738,0.4315488,0.036302514,0.16631645,0.051557697,0.2759764,0.095849045,0.04637174,0.048580267,0.24760802,0.26564205,0.17950134,0.4326308,0.22284375,0.34505013,0.065995246,0.07905359,0.07760097,0.042064343,0.04848089,0.067718975,0.2751051,0.055128526,0.079055116,0.111237206,0.032815836,0.15216309,0.24279658,0.0831674,0.10504852,0.008985535,0.05975956,0.098028906,0.0833135,0.15918632,0.04423348,0.36149418,0.010098974,0.2706193,0.07254158,0.06304968,0.07402564,0.07089912,0.05550882,0.042689785,0.032868654,0.024981678,0.10415945,0.056658253,0.071564876,0.013864871,0.14209811,0.043568354,0.2739883,0.15094979,0.32436737,0.018894302,0.057164535,0.13450441,0.58936894,0.11341921,0.0074899024,0.124258034,0.12635165,0.12679318,0.1978322,0.06704961,0.1495652,0.09948562,0.31417307,0.49347275,0.044899385,0.06807865,0.12186559,0.049667295,0.029060911,0.024807679,0.17133768,0.101437844,0.20396934,0.068839446,0.15676543,0.033670582,0.2207889,0.10872724,0.09222587,0.047165684,0.23267405,0.059571326,0.051184226,0.19610229,0.041073322,0.05045257,0.16251934,0.08495972,0.42219573,0.09604243,0.568197,0.013069797,0.09960743,0.11167956,0.17489539,0.09053884,0.19581974,0.7224838,0.34461015,0.06631146,0.080845766,0.096426554,0.05217757,0.037868828,0.08767033,0.03629022,0.02001447,0.019061614,0.52669495,0.08822931,0.07886728,0.010808831,0.17638318,0.012511025,0.022814892,0.073073216,0.6085795
BC2026_Train_0002_S08_20250607_030007_15,0.027187193,0.45103183,0.0035002935,0.002611533,1.0393243e-06,0.07095271,0.0016693735,0.0046521844,0.0034029658,0.00032957178,0.015170948,0.0054648397,0.001195288,3.8087256e-07,4.34039e-06,0.004036513,0.0067135473,0.00034177597,0.03610799,0.013235022,0.035274692,3.8238624e-05,0.037280373,0.0028598045,0.5491818,0.000103937506,0.008510382,0.13293888,0.027039658,0.14589326,0.5838008,0.0095685115,0.15733342,0.02364169,0.08580465,0.022353379,0.07449621,0.028663076,0.0029107034,0.4522148,0.10203968,0.0035173513,0.8069644,0.02503185,0.016508147,0.016508147,0.5591592,0.031056615,0.020838795,0.035683423,0.6577603,0.70195323,0.70195323,0.006622674,0.92831516,1.105186e-06,0.007910867,6.310921e-05,0.00014646737,0.025715832,0.01645475,0.0006485981,0.01727591,0.1400895,0.0009798427,0.0010270117,0.018049506,0.0005479266,0.0005973888,0.04535053,0.0066124117,0.0004927096,0.044400383,0.045214187,0.13893351,0.05057858,0.068454094,0.20423472,0.05749515,0.058051,0.059729945,0.024000147,0.1606326,0.01945961,0.050005898,0.27297956,0.18704021,0.22068454,0.12756577,0.043831553,0.12961139,0.28218484,0.032865155,0.011402459,0.035649266,0.10202941,0.030585786,0.23915659,0.09724831,0.043181796,0.4928748,0.024912454,0.31832203,0.69211227,0.77409863,0.051824514,0.14884187,0.015883958,0.07617537,0.16526382,0.09420526,0.4034338,0.06684445,0.18680996,0.054454748,0.31685495,0.08446193,0.044806443,0.027728284,0.2721996,0.24178107,0.17162254,0.38303766,0.20332351,0.29453874,0.06616245,0.07991131,0.05552731,0.039555483,0.05469758,0.051399864,0.2534176,0.059944466,0.08372722,0.12757687,0.02543982,0.12280871,0.23665728,0.10155862,0.09045987,0.0076916623,0.06805684,0.08744699,0.07542528,0.15602912,0.061049655,0.43085477,0.009824896,0.18876888,0.064592436,0.05882428,0.11773489,0.08706691,0.06391293,0.050167765,0.03963276,0.02428659,0.12559855,0.060043585,0.075267754,0.01616982,0.19190617,0.047298457,0.27055478,0.15581648,0.23969743,0.023137985,0.062225416,0.16793102,0.59842813,0.15145901,0.007844781,0.1020979,0.15335228,0.17174599,0.22588809,0.06324201,0.17481467,0.14371075,0.32582176,0.507766,0.047659647,0.07558248,0.17769085,0.087571256,0.027227862,0.017723968,0.15098149,0.13433139,0.22692466,0.062950134,0.18567282,0.043887984,0.24850267,0.14793837,0.12458277,0.052759062,0.22049588,0.056395803,0.054506987,0.22545484,0.038388416,0.05033142,0.18763234,0.09295191,0.4592244,0.09431068,0.62076366,0.015242095,0.08105045,0.11306004,0.17385238,0.084620364,0.13942473,0.7089442,0.3742355,0.08214267,0.06688966,0.09572681,0.05391096,0.05011399,0.15883401,0.03899784,0.021367641,0.021771425,0.5642767,0.14765418,0.07661684,0.010375525,0.22307467,0.010698113,0.028871663,0.09320835,0.6683322
BC2026_Train_0002_S08_20250607_030007_20,0.029085122,0.44333008,0.003672475,0.0018641737,9.966725e-07,0.07480841,0.0014762911,0.0037981155,0.004194372,0.00031483604,0.017174298,0.005950088,0.0008997066,3.5208856e-07,4.2090546e-06,0.0043185703,0.0065170657,0.0003845231,0.027980445,0.005969631,0.037172187,3.3073753e-05,0.022909675,0.0038495942,0.4586493,0.00010501862,0.008852425,0.16412635,0.025180586,0.16683851,0.6091736,0.010330932,0.15639928,0.024352303,0.08602012,0.025075661,0.08141692,0.030893244,0.0029089334,0.40689483,0.10346412,0.0034017742,0.8090035,0.027362654,0.018175075,0.018175075,0.5524844,0.03324823,0.021772696,0.038090736,0.65776086,0.7035186,0.7035186,0.0066457796,0.9186154,1.13395e-06,0.007923699,7.533939e-05,0.0001546994,0.038785353,0.013573128,0.0006876819,0.015210726,0.12411663,0.0009935441,0.0009871685,0.015437164,0.0004886111,0.00060131185,0.06254607,0.006624021,0.000468793,0.054312788,0.04723321,0.20159543,0.066355556,0.09909065,0.19462888,0.035503265,0.049480945,0.050995335,0.029288357,0.18508567,0.015786722,0.046728022,0.2801536,0.1562958,0.16658534,0.10390332,0.045935366,0.17490208,0.15989275,0.02579815,0.011272798,0.018932397,0.10063867,0.03964152,0.20928754,0.09498931,0.044855006,0.5788975,0.03159366,0.2580081,0.66561484,0.72803473,0.047820725,0.15309317,0.02118732,0.06980794,0.14557603,0.099762246,0.30411917,0.039312467,0.18935524,0.06565002,0.38234857,0.07719097,0.04554567,0.032474667,0.24829566,0.23757204,0.17454337,0.43787208,0.22251064,0.25227094,0.064534985,0.07537272,0.058230158,0.046889782,0.044502363,0.06536297,0.2959477,0.061650384,0.07614282,0.1636096,0.037572682,0.17688143,0.2767873,0.12812881,0.112407945,0.008206097,0.06523128,0.088895515,0.07391556,0.12772588,0.044057094,0.3513017,0.0101689575,0.16189888,0.05456509,0.080293514,0.064973764,0.08339929,0.052750647,0.03869059,0.039294694,0.03470552,0.100777246,0.06215325,0.06800823,0.014119877,0.15093088,0.042328928,0.23687579,0.13096787,0.29611045,0.021959886,0.06430812,0.20761377,0.57510805,0.14473425,0.014608115,0.1411909,0.16665733,0.1570852,0.22102684,0.078575574,0.2410087,0.10461044,0.25497597,0.29848006,0.04069763,0.0890541,0.23812343,0.08189902,0.034147244,0.018028557,0.14813788,0.13376416,0.19937292,0.069169395,0.15467994,0.043350782,0.28309232,0.14362594,0.11792629,0.06254981,0.20616688,0.05809876,0.06061023,0.19023536,0.09675536,0.04952111,0.19731538,0.09441374,0.32317224,0.074066415,0.53800046,0.013663506,0.08294361,0.11979038,0.16645458,0.044049095,0.22872685,0.6962991,0.37039262,0.08681455,0.07516421,0.13361347,0.057086494,0.0393936,0.20557687,0.03629967,0.021219423,0.028578622,0.53342354,0.11814393,0.0752729,0.0094017675,0.34492758,0.011621902,0.022576353,0.0779501,0.6815144
BC2026_Train_0002_S08_20250607_030007_25,0.03265469,0.5045621,0.0030897819,0.0026522868,9.043294e-07,0.07174443,0.0017119527,0.0066218846,0.00492585,0.00030667818,0.014459085,0.004657585,0.00093326764,3.636576e-07,4.027128e-06,0.004855521,0.00346211,0.00034759275,0.04122892,0.01040452,0.028436312,5.1272214e-05,0.04994501,0.0062485007,0.40953013,8.68024e-05,0.010842272,0.14022426,0.027649213,0.16001076,0.6203181,0.013350493,0.19266863,0.03454637,0.08572369,0.032096554,0.0862868,0.035593048,0.0037449873,0.50603247,0.13378891,0.0042896355,0.82592344,0.033534758,0.021509174,0.021509174,0.583577,0.040744007,0.027613139,0.047599744,0.6862158,0.7282646,0.7282646,0.008557915,0.9115038,1.0897168e-06,0.007895751,0.000103568906,0.0001662933,0.044020712,0.015852949,0.0005738493,0.017769778,0.086937815,0.0011089704,0.0015266333,0.021966487,0.0006402015,0.00055508106,0.038239606,0.0066198763,0.00047906974,0.055728473,0.07596322,0.17543115,0.061910097,0.11486823,0.15375756,0.030912958,0.0653447,0.04889775,0.018493883,0.19897158,0.018075498,0.046682447,0.30350253,0.21168064,0.17879695,0.10085632,0.033909135,0.17986837,0.1538191,0.0259405,0.013485317,0.021235611,0.10092041,0.04056942,0.2612534,0.08946471,0.04330134,0.3699313,0.029958712,0.35816807,0.6965946,0.71709853,0.05698111,0.07104184,0.013715027,0.063359566,0.135736,0.0865953,0.32669666,0.05658932,0.16775459,0.04419989,0.24485788,0.0787981,0.054792996,0.04321486,0.28225294,0.5047663,0.20527913,0.38301682,0.21214257,0.31066895,0.062481288,0.05240411,0.058935504,0.05884748,0.051141955,0.046938807,0.25864822,0.06794567,0.06868328,0.103367224,0.038241543,0.26557514,0.26116768,0.08446318,0.14943141,0.010739908,0.06100059,0.06392219,0.08410046,0.27368516,0.03128995,0.19757125,0.00985817,0.1670328,0.06846084,0.071142145,0.044094436,0.067261174,0.058906995,0.03819788,0.029018603,0.025041074,0.08157597,0.05094302,0.10641863,0.0168062,0.120907806,0.05000044,0.23301215,0.11771142,0.3784614,0.024468081,0.20187686,0.15671143,0.54281247,0.10066268,0.011125209,0.09257892,0.12865141,0.22981818,0.1801667,0.047899324,0.25156224,0.109312385,0.22722901,0.31758708,0.046932153,0.08826142,0.1001237,0.2232651,0.033115886,0.015118993,0.13887827,0.12646694,0.19480515,0.06643396,0.17144892,0.045456666,0.27580535,0.11573059,0.07884611,0.043489598,0.20846601,0.056481678,0.056302503,0.15206224,0.053621605,0.04022147,0.1733247,0.09556107,0.2745508,0.08055107,0.5796157,0.012262054,0.07218587,0.14493679,0.20886521,0.043659896,0.21555072,0.73193383,0.4164462,0.07185103,0.079659864,0.12076555,0.052356873,0.035320994,0.1259851,0.027385266,0.02439879,0.0230643,0.525761,0.088702224,0.090322964,0.009995936,0.21497715,0.011472302,0.024708379,0.08332526,0.6799945
BC2026_Train_0002_S08_20250607_030007_30,0.025129866,0.45350417,0.003331694,0.0032353702,9.464511e-07,0.05568529,0.0017926601,0.0045367265,0.0045037754,0.00034036222,0.018583007,0.005355258,0.0010523123,3.8257832e-07,4.4178787e-06,0.0044284575,0.004299167,0.00039355227,0.04168329,0.005393838,0.05088979,3.9085273e-05,0.0329891,0.005090742,0.5021638,9.358475e-05,0.009404068,0.13924116,0.0263267,0.14742768,0.59140277,0.010800646,0.1703683,0.028603163,0.08606111,0.025055509,0.07612856,0.030000214,0.0033575979,0.46691847,0.113605976,0.004063883,0.8040602,0.027178718,0.018114474,0.018114474,0.55773515,0.033733778,0.022657275,0.038920876,0.6552676,0.69758487,0.69758487,0.0074281693,0.9240128,1.0146326e-06,0.0079201795,8.604034e-05,0.0001368313,0.025419487,0.013552177,0.0006164692,0.019460695,0.10689479,0.00091565895,0.0012638711,0.018523343,0.0006294494,0.00056154927,0.039959654,0.0066081937,0.0004902243,0.11575491,0.0493839,0.17094249,0.052058745,0.09125186,0.19921587,0.042217083,0.05491211,0.06411777,0.021430856,0.17764273,0.019994328,0.046497405,0.2734089,0.18562704,0.15837729,0.13401924,0.04936491,0.13164723,0.25749534,0.024499895,0.012411295,0.02073101,0.10788397,0.029376294,0.24395318,0.12931967,0.053211994,0.41063574,0.033352792,0.31658614,0.69940495,0.75832087,0.0557396,0.11386474,0.018281976,0.09656961,0.16156663,0.12237586,0.3866196,0.059921563,0.1955826,0.061383072,0.33280337,0.08872557,0.041140623,0.029273191,0.27340677,0.3004277,0.2165062,0.35707644,0.2278242,0.3068989,0.10217031,0.061030872,0.07158214,0.06554869,0.05762285,0.060392145,0.3025192,0.056341432,0.06986122,0.18247835,0.028649136,0.2479546,0.2772982,0.122012965,0.1495729,0.009235847,0.08448623,0.08577878,0.10281427,0.12329355,0.044930976,0.49751097,0.01064576,0.16918291,0.07397331,0.072864614,0.06364578,0.08605823,0.06341901,0.05262611,0.05505649,0.028161177,0.13032456,0.06245312,0.068433695,0.016394375,0.14223965,0.05775492,0.33046782,0.12961352,0.3037107,0.024627432,0.07437321,0.2850509,0.60104185,0.21047059,0.0077541657,0.13907897,0.15671253,0.16135813,0.2977709,0.06414318,0.2339075,0.12907161,0.2485842,0.5467695,0.054856725,0.07561042,0.12418647,0.09299037,0.03161095,0.012365406,0.12241322,0.12092625,0.23137061,0.07455643,0.2530756,0.05152925,0.29314756,0.16712435,0.08801173,0.051922064,0.24774261,0.05967057,0.044843197,0.24987137,0.044037234,0.048640136,0.18149967,0.10951532,0.54905915,0.08907349,0.5017008,0.016878193,0.0816912,0.10180716,0.27457377,0.048794806,0.15081692,0.7179674,0.42714217,0.06979986,0.07441205,0.13121216,0.056729373,0.06436234,0.21928363,0.027569322,0.030250112,0.021498596,0.53608197,0.16275,0.08634108,0.008926019,0.3015063,0.014390484,0.02322613,0.08879009,0.71593106
BC2026_Train_0002_S08_20250607_030007_35,0.03618073,0.41831744,0.0031823902,0.0017853793,1.0390693e-06,0.07152054,0.0014915131,0.0053644427,0.0034574277,0.00024089409,0.014006854,0.0063995835,0.00079804275,3.63614e-07,4.15429e-06,0.004017447,0.004733294,0.0003630724,0.024195973,0.0056607253,0.033894505,3.0358897e-05,0.03480516,0.005740806,0.46067655,0.00011407868,0.00757689,0.15973343,0.023442227,0.14280917,0.58548164,0.008830365,0.1487765,0.02245694,0.0858457,0.021137945,0.07086672,0.028526457,0.00259712,0.42502913,0.10285992,0.0031194654,0.80062705,0.02524179,0.014191038,0.014191038,0.5478318,0.027184466,0.019805986,0.035037033,0.6451642,0.68922246,0.68922246,0.006322644,0.91677576,1.247023e-06,0.007957188,7.145267e-05,0.00014191761,0.03565545,0.013304115,0.00063163385,0.017550861,0.07915861,0.0010584798,0.0010357965,0.013389621,0.0006626687,0.0006401523,0.040752452,0.006648257,0.00044845385,0.05093898,0.042802963,0.13645095,0.054500643,0.09835751,0.15609618,0.039457697,0.05612665,0.045296095,0.022972947,0.15612304,0.01832188,0.037827075,0.25807673,0.13459249,0.21224716,0.09843633,0.039603293,0.14698976,0.15980537,0.02776369,0.010426831,0.020839741,0.10147013,0.03863027,0.21582755,0.11944702,0.045015927,0.33681968,0.034676302,0.2311508,0.6644934,0.819053,0.04889391,0.097669035,0.021344118,0.08964647,0.124012366,0.085119046,0.393414,0.0317973,0.16891856,0.043000843,0.31238684,0.099800974,0.055816147,0.025083914,0.25846452,0.3008173,0.14852993,0.4610606,0.22429812,0.32006553,0.080373816,0.06724911,0.05203531,0.040190957,0.061098512,0.06114052,0.30554846,0.059603598,0.07233559,0.111163676,0.030687101,0.18696502,0.26639202,0.09063601,0.09550084,0.0070132934,0.049932692,0.08155248,0.071095146,0.12731713,0.07121852,0.23504141,0.009701189,0.15765135,0.06750771,0.083098374,0.065072246,0.07208959,0.058473695,0.040498745,0.040349685,0.031650662,0.07639768,0.07084216,0.07062202,0.013103306,0.15464857,0.05688927,0.24884842,0.16759516,0.25998726,0.019730125,0.06521138,0.14507084,0.5207423,0.13816863,0.009630612,0.11518281,0.1521516,0.17019151,0.26419646,0.06443422,0.15626882,0.1438652,0.2926349,0.27987432,0.041577563,0.073667236,0.323147,0.09573239,0.02853337,0.015256829,0.11870096,0.09623748,0.20625629,0.05447026,0.14394322,0.03979513,0.2104857,0.106046475,0.14520481,0.04051814,0.21948758,0.060872976,0.05319975,0.15358168,0.046453144,0.041570548,0.13506371,0.08224645,0.39225435,0.082697436,0.54925233,0.011073206,0.085017994,0.09730388,0.15001005,0.10527158,0.14354618,0.7064834,0.3522742,0.07853336,0.08071168,0.1137857,0.052254878,0.035218008,0.15177417,0.04978357,0.024695156,0.024866339,0.49196434,0.074629225,0.08752482,0.00958982,0.23654109,0.01488595,0.018367222,0.068447575,0.6027104
BC2026_Train_0002_S08_20250607_030007_40,0.027533922,0.47265396,0.0037209017,0.005053632,9.446653e-07,0.067055106,0.0018013872,0.00657484,0.0049455157,0.0003286712,0.01600671,0.0048927325,0.00089601177,4.2595894e-07,4.064312e-06,0.0049301144,0.0047210054,0.00037807744,0.044408996,0.007827639,0.029633766,4.566478e-05,0.037804857,0.0043089674,0.5257301,9.502373e-05,0.009503955,0.1547508,0.028023586,0.1503535,0.61950976,0.010901925,0.17822565,0.030843683,0.08635142,0.026977051,0.07509064,0.03109878,0.0033429984,0.46876433,0.12223754,0.0040992047,0.81021196,0.028687956,0.017888052,0.017888052,0.5613759,0.033762492,0.023620497,0.040755488,0.66049975,0.7046752,0.7046752,0.007845208,0.9214691,1.0402025e-06,0.0079085035,9.284757e-05,0.00016143707,0.031511016,0.016569236,0.00059256144,0.020842811,0.10366565,0.0015458149,0.0011881309,0.014850715,0.0005657042,0.00055471,0.04056009,0.006616174,0.0005347217,0.04871601,0.04793018,0.1489065,0.046606544,0.090327695,0.17709643,0.061522417,0.050205246,0.07002171,0.043902922,0.19872066,0.013157834,0.06624679,0.2759874,0.33416703,0.17604584,0.0947712,0.056618236,0.29336488,0.16669229,0.0292056,0.01061683,0.022822693,0.10029104,0.03237021,0.33381635,0.083394,0.04467111,0.3295131,0.044437293,0.22402985,0.67657214,0.7578623,0.044435427,0.08337603,0.018004216,0.07805426,0.11015354,0.10589375,0.3590096,0.045821074,0.15464611,0.048901025,0.23899852,0.10146427,0.047175243,0.027496623,0.22016287,0.21697687,0.16315785,0.29647326,0.18167491,0.31164774,0.06402221,0.062021296,0.055537257,0.040458646,0.044283465,0.04954952,0.30595502,0.073571645,0.12067991,0.1268601,0.025444195,0.16678795,0.22570781,0.11259871,0.10745618,0.007742341,0.057949223,0.07995522,0.07689494,0.10677421,0.045900177,0.3019097,0.009057396,0.18414712,0.06268136,0.08661696,0.06844708,0.10384181,0.061829403,0.0429756,0.044369385,0.029318303,0.0799112,0.0575229,0.098725796,0.017590009,0.15324402,0.046994355,0.30192283,0.17582558,0.42432553,0.025153423,0.06945637,0.172128,0.54766995,0.11296248,0.008694279,0.11339829,0.14954576,0.15829425,0.1796536,0.053612974,0.18444437,0.13217628,0.26526013,0.3439715,0.046929162,0.08631543,0.13992907,0.06445647,0.026366178,0.018248187,0.1941215,0.1137741,0.22359982,0.06392855,0.20083323,0.04397073,0.17580953,0.12790903,0.11061689,0.08121893,0.19790776,0.051019825,0.04863075,0.18531169,0.047337767,0.0465792,0.18173328,0.09901358,0.39397874,0.0769588,0.57005274,0.011706702,0.074558154,0.11238468,0.18849678,0.053905237,0.13463715,0.6953456,0.37827992,0.067063995,0.08737474,0.12671089,0.058189113,0.039134227,0.22899307,0.030079324,0.01915223,0.02398027,0.5279556,0.07606125,0.12055773,0.010431795,0.23935248,0.011788744,0.021354388,0.085603535,0.55403405
BC2026_Train_0002_S08_20250607_030007_45,0.031132327,0.5456625,0.009375703,0.0033737791,1.0436358e-06,0.081584364,0.0016841545,0.0059637236,0.004898431,0.00041017265,0.014485776,0.03579915,0.0010328646,4.338459e-07,5.0086587e-06,0.005633594,0.006578926,0.00043455258,0.03910627,0.006083729,0.02054968,5.869246e-05,0.03070195,0.007177755,0.5620008,0.000100637844,0.012163636,0.26195922,0.058551736,0.22383048,0.60872597,0.014980259,0.21652862,0.0408343,0.086873494,0.03813402,0.09941544,0.04441087,0.004418925,0.5133332,0.154868,0.0042216764,0.8240961,0.038872354,0.020657985,0.020657985,0.5960713,0.04528786,0.033268616,0.057068817,0.682501,0.7236999,0.7236999,0.009875939,0.9121928,1.1941127e-06,0.007931829,8.572706e-05,0.0002552004,0.031360473,0.015422478,0.0006626897,0.020886773,0.12925914,0.0016905465,0.0013806644,0.015987003,0.0006695493,0.0006163394,0.075322114,0.0066630533,0.00047857518,0.059111822,0.04562384,0.3260402,0.059319608,0.088438444,0.17118469,0.04608715,0.04513707,0.036935583,0.025804825,0.20799428,0.014786852,0.034415774,0.25078577,0.22656983,0.17963563,0.10681295,0.03400242,0.14384319,0.4548558,0.017954767,0.010658039,0.023324203,0.08219001,0.039905496,0.25034457,0.12200091,0.046150394,0.50316274,0.04444462,0.26224685,0.71622515,0.74653196,0.068091884,0.1011044,0.013609573,0.07258408,0.12643713,0.080344416,0.3710176,0.048711155,0.18101609,0.04872878,0.27852845,0.10289628,0.04397884,0.036452986,0.25676718,0.3957646,0.1968633,0.46660632,0.18274733,0.3466108,0.055803012,0.07333815,0.061827924,0.0636629,0.068370625,0.13850228,0.26391318,0.05746928,0.07010428,0.07856201,0.034655787,0.23060562,0.24176627,0.092416696,0.15460494,0.010971134,0.050879356,0.08983541,0.08774222,0.22643635,0.028099936,0.25237083,0.009181575,0.15038677,0.058234777,0.086634964,0.06353852,0.07941952,0.07070672,0.06814526,0.052263673,0.04005257,0.08821924,0.057997726,0.06915852,0.016818747,0.13650501,0.03888763,0.27825898,0.13309729,0.3181935,0.018741252,0.053922944,0.11258071,0.5239268,0.1460455,0.009602011,0.115774505,0.1418612,0.11007004,0.23806208,0.060566004,0.2030829,0.10205885,0.4124959,0.3540935,0.04267094,0.067331776,0.3345158,0.06244842,0.02503479,0.01630663,0.12975197,0.10077357,0.32209665,0.07275459,0.19036122,0.069432825,0.22288465,0.10898119,0.1265749,0.058953065,0.20878118,0.06385099,0.03818313,0.20276861,0.06111122,0.04020718,0.12501214,0.1036305,0.307764,0.095702685,0.58584607,0.0146037685,0.07083739,0.11560079,0.14551988,0.061552964,0.17654468,0.71557593,0.37631005,0.067557484,0.0769985,0.09974166,0.04311208,0.04148851,0.17664374,0.030492652,0.018556388,0.023942815,0.5011483,0.06728242,0.07784178,0.009960336,0.1771751,0.011376039,0.01396703,0.06680151,0.5503657
BC2026_Train_0002_S08_20250607_030007_50,0.032627348,0.48779503,0.0034458183,0.0018561669,9.996998e-07,0.07032782,0.001452074,0.0048606107,0.003940867,0.00030715752,0.013257657,0.0058236076,0.0010243759,3.810545e-07,4.3379587e-06,0.0049861637,0.006563382,0.00048765258,0.10735588,0.008861993,0.018643532,5.6697958e-05,0.094192065,0.007033674,0.47455058,8.924321e-05,0.00961038,0.122951366,0.026088238,0.1464659,0.6061468,0.010703346,0.16995178,0.028130379,0.085849434,0.025684139,0.08258599,0.03301414,0.0031597395,0.4773629,0.11982357,0.0036078463,0.8177448,0.029699571,0.015614585,0.015614585,0.5699357,0.034138303,0.025087006,0.042591177,0.6755761,0.71672934,0.71672934,0.0072398526,0.9177424,1.0973306e-06,0.007899217,8.391665e-05,0.0001546556,0.030343387,0.020815805,0.0006014351,0.017949065,0.1354315,0.0016448296,0.0012470832,0.024509056,0.00053873204,0.0005779021,0.0517772,0.0066119023,0.00054469425,0.03875178,0.045172457,0.15130994,0.06785102,0.09084038,0.17255794,0.048254162,0.06317943,0.05357369,0.018467853,0.15462705,0.027565863,0.059171934,0.268089,0.32288817,0.18499807,0.10035733,0.050559375,0.21397357,0.17389458,0.023935422,0.013499924,0.043692566,0.092675984,0.03649973,0.28928795,0.08874067,0.063066185,0.4362436,0.044323035,0.31771526,0.6304182,0.72407335,0.054259982,0.13614042,0.018148169,0.0599574,0.14998041,0.09584649,0.3675718,0.056529243,0.15945873,0.05137243,0.30724388,0.083687335,0.053849496,0.029339721,0.21435018,0.55338496,0.15813647,0.4211841,0.15183985,0.2504175,0.071407646,0.084598556,0.05307173,0.033412382,0.069896005,0.0513846,0.25140756,0.05626306,0.069522224,0.15070306,0.030305864,0.27828202,0.25852087,0.09166726,0.11410351,0.007972242,0.10738389,0.07781639,0.07529424,0.13469942,0.045875985,0.28783214,0.010726597,0.19118269,0.06913133,0.054264862,0.08302845,0.09092449,0.06803559,0.04732068,0.045294438,0.03466705,0.11230162,0.08888403,0.07769896,0.01847462,0.14651151,0.04890687,0.24890397,0.14039235,0.3521093,0.02368042,0.051547218,0.13731566,0.5686352,0.15817873,0.0074320524,0.0985206,0.15106384,0.13982584,0.16864377,0.05196675,0.123729534,0.10859306,0.31922483,0.30351427,0.03999739,0.07818817,0.16276811,0.066164434,0.02342116,0.024160203,0.12425673,0.11020245,0.2295464,0.054359257,0.17346159,0.05175769,0.19736592,0.14492172,0.1128033,0.046829123,0.22276255,0.055046022,0.06146855,0.17493767,0.050565377,0.042079683,0.16103125,0.08634786,0.34278852,0.08358547,0.48449957,0.011416458,0.07955753,0.13000941,0.11950608,0.102814145,0.14526755,0.71038747,0.3587751,0.091766946,0.07579807,0.088376425,0.05150039,0.047127523,0.14088812,0.059105717,0.018993882,0.029880598,0.50971335,0.07869075,0.07751015,0.009120836,0.18055166,0.013851956,0.018624604,0.06609773,0.5986919
BC2026_Train_0002_S08_20250607_030007_55,0.022123005,0.44892704,0.0032769486,0.0019922352,8.330695e-07,0.07068737,0.0014128522,0.00508573,0.0032480014,0.00027403914,0.012752615,0.0062052943,0.0010934345,3.7847306e-07,4.2145866e-06,0.004934863,0.0074464837,0.00036015708,0.063815214,0.0050162957,0.022828158,4.0514748e-05,0.037053548,0.0033365232,0.5160611,9.946232e-05,0.008575746,0.12299853,0.022067515,0.13151947,0.6014108,0.00906874,0.16037835,0.023379082,0.08575566,0.022272795,0.078139186,0.030913364,0.0027427445,0.39486974,0.10762253,0.0031271777,0.8032892,0.025568446,0.016202835,0.016202835,0.5487978,0.030948658,0.02115129,0.03716972,0.6489471,0.6948986,0.6948986,0.0062574022,0.9152323,1.0672825e-06,0.007907068,7.576704e-05,0.00015977286,0.023681851,0.012887887,0.000642881,0.012553284,0.090657085,0.0009811904,0.0009872465,0.015346497,0.00049682776,0.0006054308,0.03861704,0.006600623,0.0004459701,0.05453774,0.051719494,0.15288131,0.054317284,0.09335253,0.19553897,0.07387935,0.041126475,0.04404453,0.031208511,0.1602933,0.02402244,0.054471448,0.2817444,0.18020895,0.20400654,0.12916046,0.043932453,0.14169149,0.19237301,0.027076855,0.010152528,0.019123176,0.080869,0.030890327,0.21924378,0.09487479,0.06566978,0.42094743,0.028531274,0.28846225,0.6551857,0.7133811,0.067698516,0.13974549,0.019030472,0.10413752,0.19014226,0.11692267,0.4410236,0.07799897,0.22754014,0.05484131,0.3138144,0.08776983,0.04192714,0.027954644,0.22569315,0.30884936,0.22906946,0.5567571,0.17346737,0.22364491,0.07694818,0.0725527,0.058658034,0.057318598,0.05160212,0.061685096,0.28488714,0.051666975,0.077726796,0.10059265,0.028318148,0.16260514,0.26238877,0.104773894,0.08359902,0.008648297,0.0676682,0.10283488,0.06131319,0.15098289,0.036685936,0.34515855,0.009238119,0.17775647,0.06361553,0.055527944,0.061122183,0.11468931,0.050470974,0.045602962,0.04947009,0.024606293,0.092557825,0.06831329,0.07332542,0.014552913,0.15170851,0.039491467,0.29874235,0.1310578,0.32488778,0.02239837,0.064084455,0.1865238,0.57358754,0.15765685,0.008868279,0.12778431,0.1754583,0.14789213,0.15954034,0.08011574,0.17724815,0.10780674,0.29668453,0.38715595,0.050150733,0.08289411,0.25315425,0.07888773,0.03644008,0.023389373,0.17991804,0.1250607,0.18700525,0.09092237,0.18276447,0.044353448,0.25440753,0.12949125,0.13750234,0.04239755,0.2609457,0.053227566,0.058977667,0.24519676,0.04884275,0.039651055,0.20174086,0.0878363,0.46881613,0.095431715,0.5965828,0.012260047,0.08344372,0.13651332,0.18489835,0.04836786,0.16143695,0.6764594,0.42303053,0.11474056,0.06987142,0.10806242,0.04683254,0.04515837,0.19856527,0.042056557,0.019166775,0.030550044,0.5502354,0.092609376,0.09220732,0.0109999245,0.2634926,0.01257046,0.022046268,0.118131265,0.8029379
BC2026_Train_0002_S08_20250607_030007_60,0.030918976,0.32716283,0.006679273,0.0032194962,1.1620928e-06,0.053822424,0.0014940556,0.0065604565,0.0032448112,0.00026761918,0.011500997,0.009881375,0.001257778,3.5228175e-07,4.6498053e-06,0.0036024777,0.0045539457,0.00037664516,0.06413532,0.009166334,0.021230076,4.8869646e-05,0.03591462,0.008282697,0.35544458,8.361308e-05,0.007010501,0.17111038,0.026728509,0.11986836,0.5356984,0.008177111,0.121711396,0.021714747,0.08489918,0.023112629,0.067812644,0.022485727,0.0024431369,0.3415221,0.083728775,0.0027753238,0.7558919,0.023740383,0.011579284,0.011579284,0.51021355,0.02023607,0.01441757,0.025741376,0.57656837,0.61819,0.61819,0.006135298,0.88863766,1.2121291e-06,0.007863841,9.040155e-05,0.00019269618,0.02117267,0.022755066,0.000660308,0.017938716,0.07971004,0.0015902786,0.0010429553,0.011874724,0.0004431486,0.00053551194,0.039830856,0.0065305624,0.00045981244,0.05541146,0.032320224,0.32055217,0.058550347,0.18094352,0.14945233,0.04681432,0.042435944,0.046600312,0.023964213,0.13079926,0.015125656,0.02693463,0.20404428,0.32519484,0.23501444,0.08388806,0.03182472,0.13656785,0.18170568,0.018335728,0.010603782,0.03056209,0.082845785,0.037418585,0.20688643,0.088244684,0.042125717,0.38672078,0.019782672,0.19139525,0.6641648,0.606012,0.08628147,0.14225525,0.022518082,0.07552706,0.14218616,0.087353066,0.41471496,0.044491038,0.21556038,0.04532019,0.43208584,0.13734776,0.038796883,0.04196339,0.20758641,0.33056068,0.1720319,0.55801237,0.16027237,0.1753439,0.048578795,0.076994844,0.051974438,0.061624955,0.051003963,0.059241872,0.31375363,0.044237256,0.07207647,0.1400453,0.037787624,0.13659388,0.26685512,0.101660855,0.0884242,0.009433673,0.047412153,0.10598908,0.07116032,0.09670478,0.04471093,0.20195301,0.009586506,0.1373787,0.05428978,0.05517451,0.087804794,0.08534147,0.08292186,0.055020336,0.036745463,0.026264515,0.1159721,0.046874188,0.048556056,0.012555149,0.13212763,0.0465968,0.20727047,0.24643457,0.20095988,0.023093848,0.07503064,0.14372872,0.48353568,0.15144962,0.00922783,0.08071425,0.14689477,0.109665774,0.22539008,0.071857065,0.15684488,0.10809926,0.23427531,0.25981838,0.2525168,0.08224758,0.11633947,0.045625005,0.029047843,0.024378432,0.121073194,0.09472597,0.2215466,0.103974506,0.13429627,0.040405106,0.17518732,0.11049409,0.1061623,0.038686927,0.19919455,0.059633564,0.048887845,0.15299366,0.052278306,0.034482267,0.15125605,0.09135926,0.6734197,0.06935869,0.4406737,0.01438988,0.07270057,0.13283727,0.13377973,0.046366964,0.18169427,0.57733035,0.23477201,0.08291315,0.06477128,0.10662113,0.043604214,0.03987656,0.19023292,0.023585953,0.014415446,0.019054519,0.5043459,0.082070805,0.13630466,0.009445024,0.2597703,0.01182251,0.0148882875,0.076262705,0.71633965
BC2026_Train_0003_S08_20250607_070007_5,0.09345262,0.50741225,0.0044089616,0.0066199745,9.993091e-07,0.096996404,0.0031090034,0.0048380974,0.0022051488,0.00029511235,0.07239395,0.0028336477,0.00094825757,8.3974953e-07,4.0668624e-06,0.016201783,0.0009700849,0.0004249406,0.26495737,0.030788325,0.015133393,0.00018421453,0.037264977,0.0011213776,0.15427104,7.787035e-05,0.015146196,0.04003423,0.014635172,0.07183983,0.037892114,0.0021826793,0.52818966,0.009307808,0.016329663,0.004783647,0.06541832,0.6651201,0.0033519927,0.09244963,0.6920145,0.0031447613,0.08485372,0.0061424267,0.0579246,0.0579246,0.7522222,0.10634418,0.28941768,0.5449993,0.028979877,0.029659588,0.029659588,0.006490108,0.7879325,1.4483633e-06,0.0067596077,7.527994e-05,0.00019016996,0.019091517,0.022211319,0.00073964044,0.0074863713,0.055916626,0.0015139125,0.00092349463,0.06696752,0.0007970452,0.0025228497,0.03922442,0.0070014875,0.00076370995,0.06349285,0.07689425,0.15604907,0.07091927,0.23314124,0.4873991,0.06971215,0.24238238,0.1587443,0.032272648,0.34101057,0.0148983225,0.15204799,0.16645706,0.05294241,0.19413911,0.114068635,0.053769745,0.1758397,0.17058209,0.048117295,0.13306227,0.14098737,0.3770267,0.14300624,0.9675857,0.12683277,0.08063526,0.12480107,0.06542027,0.48272198,0.55918014,0.5550332,0.14298387,0.03254866,0.02431248,0.23922884,0.15389216,0.06588161,0.2886838,0.0364074,0.24896401,0.08189328,0.51840687,0.090578504,0.10462492,0.07372835,0.38721344,0.87605095,0.62260157,0.25533473,0.3787439,0.528375,0.10047916,0.13488354,0.3262733,0.0780273,0.24434142,0.12507972,0.32188284,0.06044531,0.14289199,0.14443421,0.03958867,0.32846588,0.24740025,0.15930083,0.08262958,0.014830009,0.24504022,0.21663465,0.108446375,0.050390888,0.01730223,0.26540256,0.033591736,0.33160707,0.14929743,0.09620085,0.048121437,0.13445751,0.04486602,0.57238704,0.03954017,0.15817893,0.052340697,0.08211592,0.06514035,0.075177014,0.110824786,0.11288226,0.13406812,0.21971224,0.1580138,0.16557103,0.17780231,0.08055203,0.5028784,0.27563697,0.02251597,0.12332019,0.18787104,0.3393998,0.52261823,0.05046745,0.19288932,0.10589594,0.75968915,0.21654153,0.015959758,0.04632786,0.15049525,0.08417668,0.042113278,0.008185129,0.11505993,0.05186324,0.2518689,0.11811359,0.3258788,0.041610844,0.33765846,0.18427509,0.22146693,0.09459116,0.19673164,0.09870129,0.06199963,0.16320337,0.03239458,0.03064923,0.1765837,0.2843392,0.2711132,0.26981485,0.6589367,0.04747329,0.17588635,0.20131086,0.17397547,0.078723416,0.124050006,0.561835,0.35569757,0.17254882,0.16308095,0.084407166,0.10438859,0.055120543,0.03725143,0.051936552,0.032836296,0.043738928,0.7472569,0.042500947,0.15409753,0.03520941,0.23292331,0.022021146,0.071572535,0.11281347,0.10844044
BC2026_Train_0003_S08_20250607_070007_10,0.06077767,0.5512874,0.0060438337,0.005640548,8.1102075e-07,0.14512,0.013356456,0.013005241,0.0036133875,0.00045159768,0.33957222,0.0062658833,0.0010366357,6.952822e-07,4.849658e-06,0.008310869,0.0008026894,0.00042811688,0.1084475,0.057440873,0.014048707,0.00011460006,0.02963246,0.0013403145,0.21361,8.889637e-05,0.010496215,0.05955323,0.026045369,0.06333956,0.07190951,0.0030094718,0.62127364,0.012025469,0.01658999,0.0054560094,0.07445632,0.6458136,0.006408239,0.1428643,0.7146887,0.005244242,0.106980406,0.007914107,0.06861012,0.06861012,0.77144957,0.15461555,0.34083316,0.5394567,0.03892624,0.039921694,0.039921694,0.0112062525,0.7887908,1.5994772e-06,0.00678908,4.699194e-05,0.00015092253,0.01719345,0.013460386,0.0007070543,0.013952533,0.030351913,0.0013478367,0.0017419864,0.04462629,0.0011960751,0.0013751829,0.04938026,0.006996833,0.0007370995,0.107844576,0.09192498,0.33713105,0.09215505,0.18253167,0.46570477,0.15808746,0.6896497,0.1448249,0.03224743,0.5290292,0.01967276,0.15532485,0.34443745,0.061227165,0.28804263,0.13628154,0.086872794,0.13415284,0.16900708,0.07448012,0.21947543,0.09888106,0.16803974,0.1977362,0.9866632,0.13263486,0.1433514,0.14898089,0.073793374,0.40777916,0.53529364,0.57622164,0.30396146,0.03728815,0.02566807,0.34745812,0.16474763,0.081214525,0.522244,0.039065853,0.30367067,0.08391322,0.45303193,0.11335714,0.13988262,0.08252835,0.36230043,0.7581905,0.47776926,0.22896203,0.39786577,0.37701795,0.11033791,0.22472328,0.13097157,0.08197166,0.32777512,0.105405554,0.35369903,0.20192389,0.3071665,0.18858962,0.034039017,0.42533484,0.27846134,0.2541538,0.10839525,0.02725063,0.25178,0.142357,0.10672836,0.056795105,0.0380553,0.35569948,0.06688145,0.5556191,0.1720514,0.2115535,0.04161166,0.1371181,0.054098994,0.28628004,0.042142868,0.25223994,0.08315204,0.094289064,0.15654671,0.04367356,0.18425329,0.39508352,0.16890728,0.30465078,0.14798635,0.17941055,0.117243,0.065084696,0.6340671,0.5049811,0.021924486,0.23513483,0.3383078,0.18705504,0.5190367,0.0511837,0.08476135,0.06178907,0.7528072,0.3211972,0.017043317,0.052060436,0.118684135,0.067820884,0.034450963,0.015459055,0.14329739,0.0513913,0.3181469,0.1560721,0.88882816,0.044876996,0.53370196,0.14308362,0.18337254,0.26758844,0.26079386,0.0934806,0.21816213,0.20811968,0.072047904,0.030829068,0.33243337,0.18359378,0.32301512,0.15761702,0.48643005,0.0504167,0.18228003,0.16187428,0.15168028,0.08835575,0.109142736,0.57674456,0.2825937,0.18894932,0.13394918,0.05898454,0.17061132,0.049904913,0.035778385,0.08068123,0.02857947,0.043239776,0.6745242,0.048587028,0.14582399,0.045901302,0.262658,0.029267728,0.15369157,0.16525619,0.1627317
BC2026_Train_0003_S08_20250607_070007_15,0.042781025,0.49627778,0.005428224,0.004811644,1.008038e-06,0.16965227,0.0047943895,0.008498321,0.0036837268,0.000726,0.51926136,0.0065298215,0.0009984379,7.154169e-07,4.9316986e-06,0.008871462,0.0010077045,0.00040811524,0.19169351,0.041402243,0.01622331,0.00013090971,0.025192425,0.0021261356,0.13348788,8.8505956e-05,0.012855204,0.04213736,0.024030365,0.09777024,0.04195971,0.003581576,0.54286104,0.010767321,0.016725369,0.006043074,0.07160392,0.6092312,0.004344189,0.11028093,0.6692394,0.0041351197,0.10785692,0.008929877,0.07216778,0.07216778,0.7444509,0.12696251,0.31852743,0.49854255,0.037915967,0.03888518,0.03888518,0.00854501,0.7904972,1.6774757e-06,0.0067124018,6.663241e-05,0.00017991658,0.0133145405,0.019681433,0.00067384413,0.012143808,0.04553201,0.0013596675,0.0020515053,0.03601737,0.00067710684,0.0015174851,0.0572889,0.0069784457,0.00066270086,0.06626836,0.092725515,0.27527118,0.063606165,0.15580642,0.43243614,0.07665663,0.35788152,0.14251207,0.03073569,0.6508982,0.014704552,0.14589067,0.3033432,0.047920413,0.38223106,0.11894094,0.16154718,0.2906003,0.11183407,0.060885854,0.2102667,0.2633412,0.1981534,0.3020135,0.97769207,0.2600813,0.13071646,0.11290842,0.07759364,0.35596237,0.6055987,0.50210613,0.23599537,0.028220162,0.029451696,0.45879444,0.0901676,0.049708076,0.40628377,0.029885957,0.23292337,0.10599461,0.36083293,0.1615784,0.21904542,0.10768079,0.5674022,0.67909914,0.35510454,0.16571699,0.38692468,0.3673246,0.0994703,0.1634416,0.117323175,0.056338534,0.2585266,0.11281019,0.37886736,0.09824254,0.3676682,0.16522726,0.03406892,0.57800764,0.23470868,0.23073779,0.32379314,0.0317533,0.22969729,0.13068546,0.096566714,0.064430915,0.01738097,0.20636432,0.19431622,0.55508405,0.34851816,0.18457218,0.0495118,0.15500514,0.050736308,0.1756962,0.0354438,0.09520325,0.049753502,0.11871431,0.2696698,0.04035701,0.14507648,0.30720243,0.19228248,0.2104234,0.2285075,0.20794564,0.15069273,0.04786633,0.6354226,0.7029091,0.03782998,0.09390583,0.15557273,0.19274761,0.24168156,0.037172962,0.125844,0.04940587,0.6534917,0.3575222,0.015144591,0.06969101,0.10454643,0.08697793,0.049965404,0.014389729,0.07489717,0.04309549,0.22750066,0.14732422,0.9960161,0.065158926,0.43503675,0.097521745,0.19106239,0.17559455,0.16247839,0.055442646,0.27527612,0.12387184,0.05235325,0.033495996,0.2915023,0.16007753,0.24503885,0.17081034,0.37142766,0.07345764,0.18241787,0.080440395,0.15176868,0.07281303,0.10615208,0.5688005,0.29017416,0.15455073,0.1460686,0.07150141,0.1167211,0.0383613,0.029293753,0.07011662,0.057065677,0.033421546,0.6660868,0.073842786,0.19759732,0.05008168,0.2572816,0.044065837,0.074358426,0.14253862,0.12334573
BC2026_Train_0003_S08_20250607_070007_20,0.09814152,0.5438828,0.0065409406,0.0068744733,1.1179416e-06,0.09953299,0.0052347747,0.0068320413,0.0022217021,0.00031463502,0.05780501,0.0034361943,0.00085678033,7.0276434e-07,4.4409553e-06,0.012133051,0.0011061882,0.00052153826,0.1573383,0.049983177,0.016002832,0.00017232227,0.025496107,0.0010651734,0.20501179,0.00011286703,0.016370365,0.06442563,0.018553521,0.08627089,0.04916521,0.00259357,0.5608607,0.010783258,0.016293375,0.0051616477,0.06571607,0.6918934,0.005283904,0.097422786,0.7106234,0.004101369,0.08461333,0.007176132,0.07167118,0.07167118,0.7737195,0.1287618,0.36130968,0.56677175,0.029988725,0.03058623,0.03058623,0.008609021,0.79689616,1.3279653e-06,0.0067184702,6.561976e-05,0.00015987824,0.021630945,0.01212287,0.00077369617,0.010871038,0.03825947,0.0010795762,0.0009323468,0.034435682,0.00090252346,0.0017558404,0.04749629,0.0070788567,0.0006321895,0.08124263,0.07803729,0.17576455,0.07481807,0.15812945,0.48503405,0.101624414,0.57392126,0.09963892,0.027918007,0.3193262,0.017552719,0.1030682,0.14796388,0.056035385,0.49137393,0.14691193,0.0900155,0.18794279,0.1905674,0.056864567,0.2218696,0.07051042,0.12936482,0.10035762,0.97366804,0.37724292,0.15812367,0.102176614,0.06602968,0.47440243,0.5665041,0.66888154,0.11439224,0.030303698,0.023832746,0.25748026,0.10862851,0.07731605,0.34665772,0.08445709,0.25289303,0.08084935,0.5366179,0.08043449,0.09978449,0.07835694,0.40705514,0.8588395,0.3856648,0.31467932,0.34495673,0.2864258,0.1384571,0.12933905,0.13318725,0.058207493,0.34238037,0.15582019,0.36953083,0.07103147,0.29698804,0.12270957,0.033462133,0.642319,0.22089116,0.19910407,0.09776129,0.02631448,0.5288142,0.18783389,0.119890474,0.06245402,0.018819487,0.18956745,0.034605958,0.5476155,0.14698592,0.15205559,0.047391605,0.17234468,0.059607595,0.6019538,0.045846086,0.1068194,0.06539692,0.07317237,0.14357245,0.04577417,0.1125269,0.36256984,0.19587842,0.20848082,0.2157491,0.15274142,0.12700051,0.06011493,0.5772677,0.2944267,0.026908647,0.13839117,0.2602488,0.17827222,0.25423586,0.04146087,0.123080045,0.05819885,0.74144965,0.27354145,0.012489544,0.0394936,0.20757666,0.08982085,0.042055402,0.009969097,0.17222813,0.055403076,0.23109965,0.16836238,0.4503735,0.05674211,0.3276847,0.19076794,0.26922253,0.22675002,0.15370823,0.053966567,0.14924377,0.14824826,0.04200669,0.062245402,0.18448116,0.15661983,0.30799758,0.23240907,0.56671107,0.058384653,0.24004363,0.15787575,0.15353714,0.15830787,0.1369284,0.46991175,0.3304467,0.12826109,0.13429879,0.059181765,0.16678128,0.051262986,0.028949508,0.05630366,0.03054635,0.057080258,0.633506,0.050714456,0.12308118,0.04782093,0.2875278,0.021994065,0.08620746,0.10222689,0.13090554
BC2026_Train_0003_S08_20250607_070007_25,0.050697766,0.5890963,0.018873932,0.011777719,8.2090764e-07,0.09238178,0.0040442524,0.007179424,0.0025148478,0.00040428923,0.04940267,0.009163465,0.00095427403,6.320807e-07,4.055976e-06,0.010842696,0.0010376985,0.00039664708,0.049961228,0.03194808,0.016226105,7.8423036e-05,0.02191967,0.0010456042,0.15194969,8.062074e-05,0.021509156,0.099148415,0.03805149,0.08321735,0.040636476,0.0030115303,0.5348592,0.014191812,0.016746407,0.00627641,0.059172492,0.65996933,0.0051157945,0.110266656,0.70108366,0.0036955003,0.083162256,0.0076398533,0.084042236,0.084042236,0.7481305,0.11142903,0.31873643,0.5395452,0.0262584,0.027986927,0.027986927,0.00889976,0.76292384,1.115561e-06,0.006747739,5.033767e-05,0.00012905385,0.014514684,0.009797534,0.00065346254,0.010002482,0.03078295,0.00117377,0.0012599136,0.021550056,0.0009813894,0.001740167,0.05225171,0.007077723,0.0006872192,0.07427184,0.09632983,0.39904213,0.074847475,0.16997764,0.5510832,0.0915861,0.24926291,0.1172079,0.029061567,0.34294555,0.013578344,0.16066028,0.18367763,0.056315303,0.27788162,0.19061455,0.061037228,0.13937914,0.25600463,0.031541467,0.18605776,0.099364035,0.12283839,0.15498751,0.867787,0.15648332,0.23617409,0.1120744,0.052107982,0.45443884,0.62366956,0.57684135,0.14236028,0.025711775,0.026915556,0.35790107,0.123596005,0.10803011,0.3991418,0.03841785,0.24605772,0.060324043,0.6065946,0.076670095,0.1481339,0.07246211,0.717147,0.56872237,0.36049512,0.2588807,0.37819868,0.35954672,0.13459101,0.13253024,0.155604,0.0630723,0.4111502,0.2473807,0.3508811,0.06211357,0.2010823,0.13967091,0.027090546,0.3868036,0.23124075,0.2419617,0.07090557,0.03942237,0.50082785,0.1820894,0.0896284,0.049361683,0.024267023,0.24136293,0.08452072,0.3322835,0.5507495,0.09616485,0.06538088,0.1910254,0.04767723,0.46218058,0.054067604,0.17229484,0.05629597,0.09556161,0.10435783,0.04069722,0.14388205,0.10441911,0.11585893,0.20316046,0.20115253,0.26012844,0.1352339,0.06338555,0.556064,0.25651267,0.03542748,0.14336705,0.09628996,0.1637599,0.46389887,0.042124156,0.15287441,0.096666746,0.53512126,0.20192398,0.012968559,0.06390981,0.2200111,0.05633114,0.043727625,0.013125115,0.10634775,0.077506185,0.37210527,0.189492,0.3596863,0.04569809,0.37193945,0.15604222,0.21401292,0.1470995,0.17616606,0.07600359,0.1816384,0.16914533,0.037339963,0.041984614,0.22971314,0.17422324,0.24069536,0.18990849,0.66046846,0.06374311,0.22311331,0.14545153,0.25171286,0.07537946,0.120402664,0.4961679,0.51655346,0.181339,0.15390608,0.063675,0.080883645,0.051015247,0.024889471,0.07716702,0.028427206,0.04684874,0.63126695,0.052858137,0.13373697,0.06185357,0.2208265,0.01620021,0.07960996,0.15008178,0.13456877
BC2026_Train_0003_S08_20250607_070007_30,0.058533106,0.56959426,0.006449214,0.0122549385,1.0197479e-06,0.07531018,0.0041913614,0.008445421,0.0019501058,0.0003254672,0.20903088,0.004325534,0.00071578694,6.542912e-07,4.5712286e-06,0.01631338,0.0015220691,0.00040262044,0.12979989,0.07454892,0.020337813,0.00011727131,0.021832626,0.0014173519,0.1427676,7.252014e-05,0.017649753,0.049349785,0.017612798,0.07860232,0.042062864,0.002627088,0.5309208,0.011883894,0.016422683,0.006165438,0.06762175,0.69155055,0.0043624663,0.13722159,0.703688,0.0032153819,0.09027664,0.0074077616,0.10995992,0.10995992,0.774757,0.10642576,0.3088616,0.5600655,0.030891916,0.0324456,0.0324456,0.0073017646,0.8045111,1.1994373e-06,0.006768539,5.003353e-05,0.0001442892,0.020033753,0.022610387,0.0007114632,0.013677859,0.14283109,0.001968126,0.0010605849,0.030068906,0.00069071195,0.0018532464,0.048001528,0.0070798444,0.0006146989,0.084704906,0.19116099,0.20292668,0.14682588,0.16726403,0.7575449,0.09105742,0.18099767,0.16274479,0.028490197,0.7199249,0.008987852,0.11934726,0.16965021,0.10185593,0.21531768,0.12572977,0.10765743,0.15351038,0.13363923,0.039230928,0.356325,0.09191015,0.23076728,0.28495806,0.82190335,0.37899956,0.20600975,0.12576392,0.06531328,0.5284705,0.53874123,0.40227363,0.17182581,0.024065742,0.034534253,0.35280702,0.1580257,0.09666601,0.6324852,0.04232575,0.19431941,0.12509169,0.5884232,0.102324665,0.19561197,0.12027593,0.93055904,0.65335834,0.84213895,0.25701475,0.38333705,0.21003535,0.1431195,0.26781598,0.4310743,0.058981854,0.5533519,0.25530902,0.4104236,0.06516833,0.2713593,0.12012919,0.054293513,0.3221068,0.2178084,0.36757985,0.08782595,0.032288384,0.5864702,0.29827178,0.1458516,0.032466892,0.016313054,0.14772359,0.25008377,0.55259216,0.2769206,0.08852105,0.079760075,0.14020433,0.06011798,0.5147857,0.05647649,0.33493695,0.05526401,0.12955359,0.113853306,0.09039704,0.17146356,0.10654403,0.12084383,0.28229842,0.19913365,0.31041762,0.23095986,0.07316159,0.4291221,0.44838846,0.09906124,0.09960788,0.09067355,0.20435387,0.15234677,0.062251676,0.10796106,0.10884292,0.5523528,0.16152021,0.0160817,0.055508032,0.10441257,0.07983931,0.05033913,0.013509418,0.07989586,0.043063104,0.2347543,0.36873734,0.5732511,0.10428094,0.4959186,0.15260777,0.22537105,0.18898755,0.13036273,0.04451555,0.09475054,0.1178178,0.030522006,0.04111335,0.19189411,0.39491883,0.28425965,0.22971691,0.5964331,0.06619784,0.17054848,0.14604792,0.22198409,0.122197226,0.12633279,0.5403702,0.45555153,0.46839458,0.17669821,0.050161522,0.07031467,0.23742706,0.027471224,0.053210452,0.025558513,0.061316054,0.7099608,0.036672175,0.13853179,0.12007065,0.20956522,0.0208004,0.062431894,0.19452263,0.120024234
BC2026_Train_0003_S08_20250607_070007_35,0.07354601,0.55404615,0.0060357624,0.016727982,8.001816e-07,0.123806715,0.0044989195,0.0038939035,0.0030305465,0.00045024848,0.11466054,0.007599276,0.00086112134,7.801892e-07,4.8248403e-06,0.0150179155,0.00095836184,0.0005022619,0.20649132,0.035988227,0.01218246,0.00017098364,0.016142752,0.002459614,0.15563613,8.292536e-05,0.0136636235,0.07872321,0.022315217,0.058621634,0.0695976,0.003989072,0.61139375,0.018895684,0.016287766,0.00770516,0.08927432,0.68357843,0.008333653,0.15205574,0.71159893,0.006544975,0.12171119,0.009902448,0.100006044,0.100006044,0.7810408,0.17711367,0.37156272,0.5672494,0.042975444,0.044875015,0.044875015,0.012800193,0.78632474,1.5771462e-06,0.006742982,7.9809186e-05,0.0001452204,0.01951338,0.016529052,0.00059365464,0.013981675,0.06043826,0.002076393,0.0014272982,0.040730882,0.0008213566,0.0013053183,0.055580996,0.0069654873,0.00080258516,0.12165981,0.07133614,0.2202548,0.07407441,0.16572906,0.5066947,0.14894634,0.5175906,0.10035117,0.028485708,0.42828557,0.016935386,0.10402149,0.15446815,0.065131225,0.27610236,0.23054016,0.14067689,0.13731445,0.10654407,0.030630989,0.14247482,0.095058784,0.13296072,0.14960442,0.9873513,0.34779036,0.11664632,0.15550825,0.05011487,0.5066271,0.63834226,0.60575914,0.15699413,0.03752867,0.021972409,0.288748,0.17530915,0.07761933,0.56060195,0.039926615,0.31645805,0.07596539,0.46144775,0.08552049,0.14806372,0.09017427,0.8172113,0.65106183,0.5982337,0.36328864,0.22978017,0.24711902,0.09099991,0.25028932,0.20142281,0.08553269,0.69880337,0.11576607,0.33858243,0.12310804,0.34753954,0.12922812,0.034644324,0.35578898,0.18474184,0.1835852,0.35876852,0.018907998,0.22907114,0.19933173,0.09588657,0.05715085,0.024087913,0.19682863,0.080684796,0.3300513,0.16196649,0.13765843,0.06681878,0.12302693,0.044772595,0.17962182,0.04278362,0.09106329,0.05155882,0.09482857,0.06586087,0.043598376,0.24913226,0.15408212,0.12017579,0.26416954,0.19617558,0.34242508,0.106589936,0.06922171,0.49090976,0.28917643,0.026746903,0.18692283,0.21122836,0.23665123,0.22915867,0.03501548,0.15598324,0.07033349,0.5099153,0.19343549,0.013713356,0.06403494,0.09163595,0.06585246,0.030479373,0.017118901,0.11955496,0.06534825,0.34329075,0.39837196,0.40373093,0.073492065,0.54368746,0.16867106,0.20948674,0.2394586,0.1522004,0.0850649,0.09795636,0.4144866,0.04017733,0.049916144,0.2803481,0.2024796,0.19363834,0.1382213,0.42358506,0.043834426,0.18167691,0.18143274,0.14040601,0.107057914,0.1260392,0.5430894,0.5954566,0.12200756,0.14096718,0.061473835,0.08356887,0.056681164,0.025884721,0.11180663,0.025569165,0.034045666,0.6933387,0.04662729,0.11655033,0.047983907,0.18559168,0.038925175,0.07597561,0.12834492,0.13353519
BC2026_Train_0003_S08_20250607_070007_40,0.06213385,0.51045483,0.0056212517,0.0056119733,1.0293362e-06,0.08542409,0.0044633076,0.005067018,0.002210815,0.00073078653,0.06440644,0.004107045,0.0009979216,8.23785e-07,4.557681e-06,0.008515481,0.0012404971,0.00043569572,0.11468579,0.05021724,0.020166863,0.000100184625,0.019633679,0.0010099824,0.10542057,9.585215e-05,0.0076558213,0.06705894,0.020639637,0.055820465,0.041916847,0.002304356,0.5358217,0.012732239,0.016390726,0.004499796,0.044344176,0.6599939,0.0052335053,0.12780203,0.7011713,0.003588556,0.060901575,0.005472041,0.06374688,0.06374688,0.7219372,0.0767267,0.3880332,0.53044736,0.020331034,0.021618996,0.021618996,0.008022763,0.8303387,1.3855357e-06,0.0068729576,9.829251e-05,0.0001781622,0.020130137,0.02981629,0.0005401424,0.007386864,0.035104554,0.0016685949,0.0015093274,0.036234684,0.001082188,0.0015096399,0.073219955,0.0071167033,0.0013507329,0.10255393,0.1341593,0.17806014,0.14866467,0.15860766,0.5532704,0.09770379,0.48455405,0.12039927,0.031702466,0.4194939,0.024097117,0.25382474,0.11272922,0.051976226,0.2854085,0.23397145,0.07969946,0.35774672,0.1375261,0.040067274,0.11290762,0.0947203,0.18434028,0.34237117,0.9420227,0.41279793,0.26460233,0.100193456,0.059791174,0.40827888,0.5269907,0.6169775,0.29790205,0.023290917,0.02016276,0.31166485,0.107467555,0.13241102,0.6172875,0.038123436,0.14924031,0.10051738,0.5400935,0.07656037,0.19007207,0.07142396,0.91987437,0.71237636,0.41290864,0.25644478,0.25550857,0.315315,0.2769953,0.22415178,0.09577048,0.06864069,0.7601012,0.14574513,0.4280338,0.07323427,0.15340097,0.12922361,0.03701103,0.35077673,0.22367361,0.18414608,0.07562366,0.03764187,0.54454523,0.17333844,0.1427181,0.039557073,0.024584783,0.34609434,0.07196168,0.38587928,0.2663918,0.13191938,0.10056679,0.12554845,0.043026026,0.12730135,0.05385094,0.32128152,0.05536093,0.1332514,0.10534474,0.05951142,0.28168696,0.2554263,0.13266145,0.20784782,0.19008483,0.2479025,0.15250677,0.09750694,0.4910575,0.43166173,0.100345455,0.1292498,0.14764884,0.21978678,0.29781464,0.043050095,0.0993109,0.0756763,0.5258878,0.23374473,0.011323394,0.064295486,0.116269946,0.061912917,0.03294784,0.008683554,0.10766158,0.043704916,0.43505993,0.1850322,0.41036335,0.051651664,0.6207784,0.1362575,0.15246297,0.13508065,0.1514108,0.08673705,0.13964428,0.14302284,0.04696561,0.030791745,0.24563028,0.13110182,0.26437378,0.3319081,0.35184813,0.04608726,0.23204008,0.098672904,0.1853052,0.0760671,0.10497557,0.3661057,0.6884766,0.19219139,0.16096216,0.0782971,0.08400581,0.06598513,0.030305669,0.053804494,0.023963735,0.048797134,0.5852852,0.05312725,0.12444004,0.08900826,0.20111609,0.037583984,0.0802778,0.18264745,0.1420014
BC2026_Train_0003_S08_20250607_070007_45,0.04369818,0.53535223,0.0055260397,0.006482005,1.1377176e-06,0.10060813,0.0042530713,0.011551608,0.002510586,0.00056829996,0.31919292,0.0032898951,0.00086833833,6.128494e-07,4.517778e-06,0.007826144,0.0008968633,0.00046710589,0.09430556,0.064225785,0.009574264,0.00010647489,0.018991573,0.0013965782,0.14513342,7.778329e-05,0.011452657,0.04330896,0.020860009,0.05932856,0.035498958,0.0027386176,0.5548319,0.008850717,0.016411398,0.0048705856,0.056670826,0.6966476,0.0042297035,0.11361876,0.71027184,0.003194516,0.07204622,0.0071875933,0.06405703,0.06405703,0.7674402,0.10823466,0.33124626,0.5717991,0.024469474,0.025631547,0.025631547,0.007838804,0.7925629,1.3741846e-06,0.0067540742,5.6654764e-05,0.00016241285,0.017921656,0.016589224,0.0005658953,0.010552606,0.051164836,0.0012034369,0.0013059095,0.025689995,0.0008142248,0.0015010592,0.0325944,0.007042255,0.0006533026,0.1657064,0.11222763,0.24028574,0.07774351,0.31089878,0.687637,0.07508195,0.2826886,0.1071144,0.045602918,0.58471143,0.01796752,0.160041,0.1377941,0.069928765,0.21607156,0.35963094,0.08715584,0.13012554,0.08652143,0.058043994,0.13897815,0.12390036,0.23858151,0.19830027,0.982015,0.2675572,0.19995463,0.11111796,0.19674781,0.5313244,0.59391725,0.556351,0.22205083,0.040606096,0.016002554,0.3121077,0.16678427,0.10584702,0.41346583,0.02789756,0.22165889,0.0919506,0.46086124,0.12252352,0.14453988,0.08886927,0.8960575,0.88446814,0.5488198,0.39636105,0.3361651,0.31666112,0.18955219,0.14314708,0.16989347,0.07546432,0.4213279,0.11308213,0.44120014,0.09259452,0.18293327,0.15773113,0.025509616,0.38810942,0.2322516,0.19156183,0.15171002,0.03370474,0.43515778,0.16204001,0.086011656,0.059195634,0.040092018,0.56887376,0.10238554,0.5238072,0.20928209,0.3132202,0.050644197,0.19058584,0.039274033,0.2494685,0.04117942,0.29084557,0.09217427,0.08237737,0.10626692,0.0325832,0.30678183,0.14504446,0.21668687,0.23595347,0.10612301,0.14582385,0.17679603,0.06977107,0.5177208,0.3513038,0.06444993,0.10796182,0.2056107,0.3243678,0.47904974,0.060096532,0.16988592,0.07043794,0.61519974,0.33412236,0.015193413,0.06319567,0.14714018,0.10735947,0.03348665,0.009731266,0.11963867,0.052487038,0.28816593,0.19299726,0.88315576,0.055181697,0.5762847,0.29097894,0.35956308,0.22434647,0.1627492,0.055636052,0.097252674,0.14971581,0.112960786,0.030856278,0.29541704,0.20522232,0.3291748,0.22287217,0.40199542,0.0445903,0.09763008,0.09840911,0.2718162,0.08818944,0.11275937,0.5512731,0.35157296,0.15105307,0.1379326,0.11675651,0.07423592,0.046708815,0.030826101,0.09202703,0.046914507,0.025981229,0.7001324,0.04373563,0.102723174,0.076318964,0.17772588,0.025748923,0.094464675,0.16412358,0.11317492
BC2026_Train_0003_S08_20250607_070007_50,0.023043953,0.51872313,0.0061470647,0.009470315,9.17531e-07,0.13154307,0.005413999,0.007325537,0.005108017,0.00051241723,0.43692106,0.005568819,0.00097388314,7.500586e-07,4.8517154e-06,0.012868377,0.00065892277,0.00039925522,0.2901579,0.11938228,0.0086917225,0.00019608758,0.026606124,0.0028791574,0.14691201,6.8060224e-05,0.025681846,0.039235406,0.022974208,0.09428237,0.037330452,0.0044180998,0.5652745,0.011206772,0.016639939,0.0072249444,0.09099509,0.65641254,0.004085167,0.17164616,0.67613053,0.003643004,0.124276355,0.01094701,0.08188574,0.08188574,0.75888216,0.14545977,0.32674727,0.5443023,0.042462695,0.044025574,0.044025574,0.008462872,0.7576156,1.3043226e-06,0.006803783,6.103782e-05,0.00017985285,0.013542911,0.026658112,0.0005090007,0.010705781,0.061729297,0.0014231523,0.0019222769,0.041027144,0.00059209904,0.0024607365,0.037318442,0.0070407875,0.0006514357,0.08477998,0.09162891,0.2628031,0.08227189,0.2517468,0.5746451,0.08367896,0.4732662,0.16351224,0.044708554,0.59989864,0.017010402,0.1389294,0.22809339,0.054338686,0.4043755,0.23162995,0.08510008,0.14909185,0.13490267,0.052733324,0.2815736,0.21298996,0.14942239,0.37481785,0.9909713,0.23743927,0.23184632,0.14699645,0.072367996,0.3577318,0.53165543,0.44898582,0.30640745,0.032851953,0.013983842,0.41391918,0.1463368,0.046790626,0.4115454,0.034613628,0.17087078,0.083532356,0.3601975,0.112193644,0.23585615,0.119760916,0.6203039,0.90543,0.4449875,0.24830912,0.34967837,0.28790492,0.10763793,0.13585757,0.16896784,0.080489054,0.2820278,0.096789375,0.43094942,0.16732112,0.16813463,0.16579923,0.042900085,0.45215684,0.25712633,0.18375306,0.27319184,0.0191516,0.36975172,0.108742505,0.08972832,0.07715793,0.022865418,0.20918146,0.11636845,0.58767796,0.265591,0.15481935,0.04957167,0.26183733,0.04495607,0.20426945,0.03341664,0.22647746,0.038205896,0.19543539,0.19478467,0.055004165,0.18082044,0.31652611,0.19485988,0.20315412,0.20264642,0.23049717,0.15345635,0.06649603,0.60049576,0.6134449,0.051342364,0.08944535,0.1279348,0.30524337,0.23929368,0.05057648,0.15915367,0.08094121,0.60032606,0.28506353,0.013812834,0.059590906,0.13922155,0.07510785,0.054628555,0.012342513,0.092376724,0.047326557,0.3227997,0.1533791,0.9945352,0.06670777,0.7396043,0.12336675,0.17019954,0.10249947,0.072513625,0.05612513,0.20471908,0.119780175,0.037872426,0.026570007,0.34946325,0.19516443,0.2427545,0.18861353,0.37558645,0.07279127,0.19606537,0.19717604,0.13560335,0.09189193,0.107105635,0.555615,0.2757889,0.18273121,0.1740395,0.09970219,0.10561917,0.052617677,0.026378203,0.0705369,0.04792555,0.059090164,0.7605045,0.048253316,0.1329164,0.045541357,0.22974667,0.064287364,0.08701776,0.16707239,0.108729094
BC2026_Train_0003_S08_20250607_070007_55,0.043686137,0.50262296,0.0075373417,0.0069689197,1.0408967e-06,0.12927234,0.004934845,0.016083954,0.00212279,0.00037498926,0.052533437,0.003280597,0.0007967637,6.4795216e-07,4.112012e-06,0.016692717,0.0016396906,0.00036755748,0.14207481,0.03813691,0.018160513,0.00014090448,0.028328098,0.0021719232,0.16910939,7.7954675e-05,0.033836972,0.04061733,0.015251278,0.061428063,0.030125052,0.0022655053,0.5045418,0.0086329505,0.016416123,0.004613861,0.05157568,0.6022014,0.00376143,0.07339128,0.65039444,0.0030079964,0.06482357,0.0059620934,0.11643799,0.11643799,0.73147756,0.0932266,0.21188791,0.4566366,0.021138282,0.022066476,0.022066476,0.0066040177,0.80876166,1.1456833e-06,0.00676992,5.6073135e-05,0.00017456315,0.026229229,0.011146632,0.0005314744,0.008818179,0.053307004,0.0015013401,0.0011188303,0.03048047,0.00091238314,0.0019013078,0.049188785,0.0070023946,0.0006590256,0.1324051,0.12921195,0.1773488,0.0829814,0.1477608,0.7498013,0.13746849,0.32904702,0.10430943,0.026278919,0.4454167,0.01319531,0.11667651,0.30634847,0.07261341,0.11895046,0.29700577,0.094766974,0.10730325,0.15552035,0.025680058,0.17726107,0.25664943,0.27369294,0.17598471,0.95143783,0.18416473,0.15729856,0.1067289,0.17993872,0.7276737,0.54460436,0.5467318,0.13812786,0.03087523,0.0269386,0.23342219,0.24413452,0.10396566,0.33552817,0.04808018,0.20272522,0.11777934,0.60716116,0.08344522,0.21182361,0.0915746,0.8443251,0.8155207,0.44259533,0.4313135,0.31888482,0.3155684,0.13358653,0.18768518,0.18653862,0.065801255,0.4750192,0.11317515,0.37082502,0.09277539,0.2660783,0.20248416,0.04128186,0.40975732,0.28343382,0.24083674,0.140252,0.027466696,0.19738962,0.22471197,0.11487587,0.036378834,0.028074345,0.6270749,0.05292148,0.30311513,0.34306526,0.14470293,0.07093873,0.12591264,0.080296054,0.5648025,0.037906736,0.20716833,0.07905511,0.12444251,0.34676528,0.052790742,0.34540915,0.11144747,0.34373456,0.36467734,0.16312946,0.31567365,0.22705129,0.08444931,0.5151754,0.25644127,0.06677926,0.124618165,0.18511552,0.3852485,0.4153025,0.04661717,0.17943537,0.09067813,0.604667,0.37469697,0.015313225,0.046744257,0.14534247,0.102720164,0.031053366,0.010460269,0.11860214,0.06014459,0.310322,0.16565236,0.3087786,0.09280023,0.4220174,0.27623188,0.23695107,0.14246318,0.1161756,0.06551257,0.18733416,0.19345888,0.05719366,0.034610532,0.33359042,0.4486966,0.3976027,0.18305995,0.50493234,0.080901735,0.17939486,0.20792143,0.20805728,0.09672994,0.12603863,0.45814416,0.4455803,0.21570697,0.12344955,0.09819717,0.078367665,0.08795079,0.036900852,0.060409546,0.026774542,0.060052343,0.691569,0.059151333,0.16455768,0.0554517,0.22206092,0.021259118,0.07384082,0.14961123,0.11077993
BC2026_Train_0003_S08_20250607_070007_60,0.1009879,0.5436767,0.005759064,0.0065484606,8.809561e-07,0.13682716,0.004714277,0.0048590573,0.0028465418,0.0004197728,0.040224418,0.0028882907,0.0009512191,7.419565e-07,4.289523e-06,0.015101003,0.00087739853,0.0005194389,0.36825943,0.14692472,0.016700475,0.0001814618,0.014080102,0.0014062079,0.1303155,7.960274e-05,0.015489889,0.06318168,0.024517564,0.07873814,0.040064793,0.0031235863,0.56149924,0.012048604,0.01627534,0.0061553535,0.07780835,0.6778681,0.0051192692,0.15119256,0.68732965,0.003820961,0.086561404,0.007879863,0.097567014,0.097567014,0.75653386,0.11140009,0.37005106,0.5421647,0.02974034,0.031106021,0.031106021,0.008281616,0.8117151,1.2160447e-06,0.0067457394,0.00010256975,0.0001533054,0.03871072,0.02463889,0.0005298875,0.00993124,0.045348205,0.0019291306,0.0014085822,0.041419264,0.00097483693,0.0015659641,0.06696686,0.006979342,0.00068287866,0.0949156,0.08019444,0.15064792,0.08258998,0.22083475,0.59160936,0.115800716,0.52958155,0.12177287,0.03678769,0.34283614,0.008960772,0.26380736,0.16038474,0.0657662,0.1738759,0.18681404,0.11212044,0.2548623,0.16199224,0.034001898,0.15137264,0.19097406,0.1837197,0.18846051,0.9791836,0.33426356,0.16054498,0.11842374,0.041186117,0.50147295,0.5299271,0.53074646,0.17777073,0.03318215,0.018760318,0.385834,0.16562213,0.093153924,0.43689367,0.07558238,0.18781137,0.06212361,0.6225348,0.11683866,0.14950205,0.08657403,0.9304942,0.8298105,0.44608095,0.45007658,0.34810013,0.5613031,0.16584876,0.153213,0.29555762,0.09385796,0.42434153,0.14147888,0.37480953,0.108186655,0.21574958,0.1681698,0.041475583,0.49150982,0.24255574,0.18016922,0.1553185,0.018450398,0.5341547,0.25681838,0.122712344,0.049097847,0.022298474,0.25631407,0.11275394,0.51477975,0.28242904,0.12881027,0.10179028,0.17411648,0.059248254,0.6530517,0.037354056,0.106078155,0.064473875,0.08968533,0.1784453,0.07582119,0.16911288,0.19303012,0.155007,0.3975253,0.16858166,0.34634772,0.15330136,0.057051044,0.5079923,0.38925985,0.06907608,0.11321864,0.13273856,0.18800372,0.24064384,0.06563402,0.15875612,0.106381856,0.7621404,0.16933168,0.014516543,0.07219279,0.17068174,0.07440154,0.037938245,0.010422687,0.11703676,0.0655955,0.63565254,0.23378117,0.3529861,0.056190822,0.43032098,0.18258646,0.2154304,0.19844823,0.11586706,0.06280736,0.106281355,0.15692832,0.03685551,0.041388806,0.25334615,0.37313113,0.29260582,0.23538832,0.5479756,0.052063398,0.16373071,0.15242293,0.23014772,0.18492103,0.12531665,0.5096814,0.6870521,0.11653212,0.18145764,0.06561877,0.10777161,0.052965496,0.04026588,0.046995714,0.03337313,0.037891638,0.6881334,0.04899477,0.15002958,0.07239707,0.21577059,0.017094115,0.082547896,0.15478037,0.13983054
BC2026_Train_0004_S08_20250607_070007_5,0.01196235,0.6494924,0.009105614,0.002390894,5.530209e-07,0.15900275,0.0016819615,0.0063550207,0.0036599014,0.00014372694,0.01635634,0.029353382,0.0017588957,4.5066173e-07,3.1168966e-06,0.0070401174,0.00048584718,0.0006263153,0.05279754,0.11405839,0.023702966,0.000103977436,0.022272617,0.0017200125,0.052365527,4.5707868e-05,0.017783355,0.06625355,0.092382826,0.0961975,0.12605692,0.0060013025,0.73385227,0.024309738,0.013223827,0.010988335,0.10175474,0.11477529,0.02281485,0.07959843,0.57781035,0.017551415,0.13402288,0.016591504,0.3349283,0.3349283,0.7511539,0.48838788,0.16036765,0.1701903,0.0475867,0.04721813,0.04721813,0.034491733,0.54487044,6.3935715e-07,0.006563258,4.991866e-05,0.00029555734,0.01822903,0.05546936,0.00043539243,0.025644626,0.0060354923,0.0011569157,0.0012620158,0.083048604,0.00035521746,0.00091287127,0.04314887,0.006485558,0.0004383318,0.17473745,0.1582804,0.18496445,0.08629593,0.0638175,0.62436414,0.115300715,0.1468767,0.10623796,0.033449177,0.45145032,0.03654823,0.19298773,0.1657413,0.12837933,0.24184377,0.12290539,0.07510766,0.08668008,0.3950577,0.0860863,0.18128467,0.040497605,0.09637134,0.07025578,0.85310477,0.16697003,0.13587524,0.13493769,0.061260667,0.46940887,0.60723376,0.45526055,0.2896709,0.07818621,0.009546662,0.18413423,0.12960462,0.091236755,0.3194014,0.04850569,0.2714413,0.04623382,0.37534052,0.09846974,0.15181287,0.063107,0.73258424,0.42391354,0.5176962,0.1787146,0.24552679,0.09817393,0.08972507,0.09420025,0.2891809,0.077902935,0.31389797,0.15770502,0.26038903,0.10721375,0.763696,0.13891795,0.05413133,0.2990168,0.30414647,0.37924546,0.5049966,0.032107588,0.16021354,0.099480525,0.16007826,0.12706752,0.06412963,0.36460796,0.22693121,0.568388,0.09844643,0.09680319,0.084378496,0.1217459,0.050219532,0.3503915,0.06496255,0.11760729,0.03138724,0.06417137,0.13532735,0.07767175,0.26603037,0.052089352,0.23601535,0.14446878,0.15087889,0.08441068,0.14420295,0.08531204,0.74608135,0.30415764,0.026256949,0.14930373,0.20211579,0.2343121,0.25275356,0.14864276,0.1971331,0.17234254,0.37658924,0.2426024,0.013714636,0.09634085,0.09393426,0.0518692,0.044693545,0.0061788415,0.3028394,0.08780127,0.1655014,0.112840384,0.27180615,0.15323812,0.64683914,0.41231576,0.26742125,0.22642729,0.1830331,0.115308985,0.044005927,0.16735189,0.047144122,0.035086393,0.2206038,0.34155148,0.49011305,0.1958217,0.22482628,0.03497111,0.119551904,0.25302935,0.2863455,0.5189492,0.1484225,0.5272701,0.50801504,0.17098935,0.2765146,0.051634375,0.060776517,0.037770376,0.037727803,0.056742445,0.1298773,0.03145754,0.73749393,0.046083078,0.2152792,0.045663506,0.36995292,0.027104592,0.11732349,0.14247273,0.17716673
BC2026_Train_0004_S08_20250607_070007_10,0.010277097,0.64184576,0.01105453,0.0016987034,6.920043e-07,0.11328908,0.0016949864,0.0057952465,0.0039146445,9.481091e-05,0.006869349,0.01833574,0.0012054308,5.654794e-07,3.3933654e-06,0.0071332846,0.00048691905,0.000573886,0.07428486,0.029372295,0.025026392,0.00011216729,0.019075962,0.0018898617,0.031193981,5.635058e-05,0.011058931,0.07675746,0.095178805,0.09074652,0.105232075,0.0063319905,0.7177758,0.025463855,0.013644802,0.01220508,0.10162676,0.14240715,0.018441651,0.09351195,0.57001543,0.015302063,0.1378282,0.016364086,0.37425232,0.37425232,0.7712146,0.47862193,0.17728832,0.19943416,0.04791332,0.048749898,0.048749898,0.029063312,0.6068281,5.648045e-07,0.006689559,3.3414988e-05,0.0002692413,0.023537133,0.0143042505,0.0004480471,0.01385323,0.0055287373,0.00080027647,0.0013365387,0.10988911,0.00032079793,0.001139696,0.07640488,0.00664652,0.0004884492,0.15740259,0.13463067,0.18085825,0.06961773,0.10620097,0.65713316,0.12550107,0.1906372,0.16194798,0.05064783,0.40235463,0.027104452,0.1672182,0.22483134,0.13769333,0.23780821,0.1421244,0.08515725,0.105270915,0.39419127,0.0694222,0.14956157,0.08712969,0.10934061,0.10269362,0.8990557,0.123084165,0.1013478,0.16618092,0.048329715,0.34484792,0.53572446,0.39840883,0.11941851,0.07804821,0.008885435,0.17687103,0.12037323,0.09360595,0.3112002,0.096916296,0.3014727,0.06660931,0.3986297,0.086954914,0.17425571,0.06301731,0.45346862,0.6153353,0.45412925,0.20661274,0.3949243,0.09837751,0.095750056,0.14165014,0.19423145,0.06683833,0.34028658,0.150098,0.30313224,0.09887153,0.2882794,0.18827026,0.074537896,0.39066324,0.34242135,0.2944739,0.11377161,0.02160413,0.1794009,0.083880305,0.18887612,0.14899582,0.04541481,0.42949072,0.054628365,0.5595217,0.109221466,0.07017104,0.06794864,0.15600301,0.12069006,0.28988194,0.058666013,0.046971053,0.04315087,0.05815679,0.100142285,0.04418934,0.25381452,0.08191094,0.15018916,0.15985155,0.1488826,0.10650217,0.19981179,0.13079971,0.6999434,0.314536,0.021871086,0.17239389,0.14641857,0.22347558,0.11082226,0.1425143,0.2736142,0.17617784,0.55894995,0.28035545,0.013467195,0.102995604,0.13037057,0.043338988,0.041493516,0.00799153,0.16163456,0.13275489,0.11411023,0.21805015,0.3847034,0.12185817,0.3977142,0.3649322,0.28362745,0.17347288,0.13230725,0.13259168,0.0809971,0.16099116,0.052079108,0.035345845,0.20834132,0.25745353,0.90393084,0.15163901,0.3681163,0.032555312,0.11315571,0.17970768,0.26851967,0.24721421,0.17587599,0.5181211,0.55063814,0.12239027,0.25771773,0.06248351,0.097804844,0.043736298,0.04832149,0.06457622,0.055054635,0.04570568,0.7993909,0.052234165,0.1285777,0.04612831,0.39250165,0.017425112,0.0777855,0.12789416,0.1958481
BC2026_Train_0004_S08_20250607_070007_15,0.008282161,0.6093016,0.0042095715,0.0024500752,6.404863e-07,0.13537154,0.0020873055,0.009809982,0.006435341,0.000109474546,0.005186675,0.008719531,0.0013704383,4.6283682e-07,2.8699665e-06,0.007455112,0.0004634293,0.00039240377,0.034783993,0.03888211,0.01791232,6.05358e-05,0.01791898,0.002449009,0.033258967,4.9942693e-05,0.013432101,0.034480415,0.056859583,0.06366858,0.12775624,0.006567339,0.7421253,0.03221712,0.013276651,0.011922957,0.1148934,0.14335829,0.024773424,0.10275702,0.5884516,0.021538632,0.14420852,0.017304305,0.40365642,0.40365642,0.7706303,0.4758048,0.16580932,0.18875617,0.05059696,0.052155152,0.052155152,0.03674981,0.5525676,5.9198914e-07,0.006603231,3.74549e-05,0.0001898873,0.028335553,0.017899763,0.00040895105,0.016897576,0.0061642607,0.0007305987,0.0029982915,0.038268283,0.00032340462,0.0009850108,0.032703962,0.006540853,0.00045611846,0.14141273,0.084024265,0.13773444,0.055014003,0.0881092,0.6245493,0.21199717,0.17686278,0.11261088,0.0629422,0.4468993,0.0368117,0.14939477,0.19676723,0.08537915,0.19092332,0.16216217,0.07590381,0.097897515,0.36800563,0.10454235,0.17877388,0.05685404,0.07863284,0.09104562,0.87018806,0.116018996,0.13635999,0.20094818,0.057387915,0.47494888,0.5605683,0.5056602,0.14406985,0.06919299,0.0151513275,0.14829582,0.12164584,0.10341703,0.41449982,0.08905795,0.20123392,0.039432935,0.39703926,0.095519625,0.23648821,0.08522931,0.34271932,0.6463895,0.511322,0.1913625,0.26376763,0.09004952,0.11796628,0.105907835,0.42736503,0.06693653,0.65259475,0.1583178,0.23671763,0.15067188,0.27241418,0.15868206,0.11953576,0.5867848,0.33593076,0.31054384,0.18131375,0.01918829,0.28575203,0.08425451,0.2098453,0.12434994,0.048886225,0.46578136,0.11584878,0.56169975,0.11610333,0.15785573,0.09305332,0.12844735,0.085711405,0.33825776,0.07424559,0.10899049,0.031483166,0.06128051,0.08800461,0.059905503,0.24033742,0.06496622,0.22843038,0.16645089,0.25035852,0.21484013,0.25546348,0.120782994,0.6708424,0.29563394,0.015252259,0.15006652,0.117831394,0.2340656,0.40751758,0.18301713,0.1857655,0.12211415,0.25899437,0.31887782,0.012597683,0.09837613,0.077145666,0.1644616,0.06705632,0.0062740934,0.19755915,0.12036547,0.20239213,0.13437156,0.3761176,0.22795826,0.42463884,0.37022394,0.23049968,0.15089695,0.12176948,0.15475906,0.068101875,0.17751476,0.085243784,0.05443307,0.19938686,0.40697038,0.9084874,0.1764768,0.2793887,0.03240923,0.10476631,0.26142615,0.23981234,0.34384814,0.17760429,0.5693487,0.6692194,0.14404361,0.25471237,0.042203814,0.08397142,0.03927687,0.07397844,0.041047875,0.045250274,0.04140488,0.7779606,0.069472514,0.2375202,0.03177642,0.3708975,0.013768257,0.060080547,0.20473509,0.23618545
BC2026_Train_0004_S08_20250607_070007_20,0.009536267,0.63094914,0.00954867,0.002230142,7.6280975e-07,0.13773727,0.0026690573,0.006962844,0.0047283876,0.00010967709,0.006379331,0.064854406,0.0013389448,4.4209554e-07,2.8891045e-06,0.007739736,0.00052117003,0.0004743753,0.048924956,0.023238046,0.020725762,7.5642856e-05,0.02731062,0.0018465862,0.031022059,4.361786e-05,0.015882244,0.06428579,0.06470137,0.09609115,0.103762105,0.005605887,0.7239945,0.023646962,0.013466833,0.01049911,0.101288676,0.1405086,0.017979743,0.09740197,0.5711037,0.01470405,0.13774702,0.014477495,0.3665081,0.3665081,0.76740015,0.473374,0.1737401,0.19142613,0.047920786,0.048577927,0.048577927,0.027511125,0.57143605,5.9637665e-07,0.0066814544,3.6163285e-05,0.00022107668,0.0153928595,0.014587247,0.0004186781,0.019987298,0.0069932365,0.00068308035,0.0014733581,0.050021596,0.00038037307,0.0011396394,0.049316376,0.006595268,0.0005479251,0.15501454,0.11237335,0.14519456,0.07817783,0.10537841,0.5934814,0.1997361,0.3503737,0.21625455,0.03388831,0.48242497,0.024746396,0.16090056,0.20971155,0.1375927,0.24878757,0.12196403,0.09343577,0.116831094,0.45704958,0.17013234,0.27064025,0.06434738,0.0537191,0.10556276,0.9059226,0.1099757,0.10495987,0.14339374,0.04948572,0.38472235,0.5878332,0.41100675,0.15022278,0.05991592,0.010185648,0.1825448,0.14752801,0.09486779,0.43047738,0.07037536,0.2621427,0.08916143,0.4662379,0.11160375,0.13587068,0.07303533,0.39869857,0.65147406,0.5371495,0.1969013,0.31860322,0.13818915,0.12555727,0.12057962,0.50117695,0.07627005,0.24272764,0.17319778,0.25175095,0.17508286,0.27414602,0.12192685,0.053787276,0.34527457,0.32114434,0.27211314,0.18095315,0.02402841,0.2062237,0.111806266,0.21397017,0.0958024,0.044477545,0.5720708,0.09899118,0.65593076,0.14338432,0.12425898,0.078915834,0.12726703,0.11904851,0.33925688,0.08389484,0.07104276,0.039264202,0.06209508,0.13273102,0.048007388,0.20895085,0.08592155,0.16265969,0.1901276,0.18760599,0.13359472,0.25127935,0.121624455,0.75298756,0.31693,0.024230957,0.17544262,0.13816479,0.2751923,0.23933025,0.1724967,0.19583951,0.14578433,0.48566678,0.45697775,0.013498749,0.09603181,0.10383948,0.12664194,0.04380223,0.009380089,0.20019546,0.12883474,0.22066793,0.1160913,0.3486174,0.10417826,0.4206989,0.3455131,0.26884118,0.14058279,0.17896245,0.15331559,0.067198396,0.20776288,0.06391287,0.032728624,0.3369002,0.3955979,0.94574237,0.174179,0.28224507,0.031598594,0.10552081,0.26899013,0.28500238,0.26998377,0.19807899,0.51104313,0.60544956,0.12547076,0.2832034,0.054462586,0.081802025,0.044036202,0.048908286,0.054620262,0.03897279,0.026982,0.7830913,0.05410593,0.16683294,0.034525428,0.39506277,0.023749886,0.0834892,0.22885603,0.18892598
BC2026_Train_0004_S08_20250607_070007_25,0.007722701,0.6367534,0.008487329,0.0017439494,6.4922403e-07,0.21514688,0.0019421909,0.0060360893,0.0061724447,0.000114206894,0.008001482,0.035222836,0.0012876577,4.9406634e-07,2.8892912e-06,0.010661296,0.0004569428,0.0005688681,0.16314393,0.042381283,0.017316232,0.00010585867,0.016554648,0.0019857553,0.032044448,4.5725174e-05,0.018767163,0.05972736,0.079368085,0.09996106,0.10241494,0.0069760643,0.7165785,0.026177386,0.013626101,0.012422764,0.11997458,0.16720572,0.019739404,0.14832582,0.5650271,0.0151591655,0.14448376,0.017450726,0.3192459,0.3192459,0.7539089,0.46059042,0.21278712,0.20517333,0.051967718,0.052173257,0.052173257,0.028107038,0.5911397,6.816011e-07,0.0067897527,5.2859687e-05,0.00025167267,0.013423849,0.026667522,0.0004546859,0.018648772,0.0065586874,0.00079399574,0.0020932287,0.061040826,0.00041752672,0.0008965306,0.063758574,0.006706873,0.00037937655,0.15465668,0.11357718,0.20120043,0.081604935,0.103166,0.5725443,0.112548366,0.37430882,0.18163693,0.036922656,0.4210327,0.06868868,0.21497427,0.2100073,0.1119345,0.18298529,0.10686866,0.0913237,0.1332049,0.24019206,0.21520884,0.25787848,0.061727654,0.07924774,0.22931996,0.9367295,0.26856923,0.11450492,0.17235199,0.039425865,0.30909663,0.5817006,0.3608853,0.23042405,0.07315838,0.018491162,0.26356253,0.13072382,0.107950896,0.48608622,0.043371573,0.1820924,0.055125587,0.48458344,0.10002087,0.16323976,0.075709656,0.63475853,0.71872264,0.48690346,0.24224173,0.40602154,0.10627979,0.14810686,0.23890081,0.48376152,0.07024661,0.27130187,0.17572059,0.28276744,0.14119321,0.75597143,0.20815082,0.06005813,0.4308465,0.26183635,0.3658931,0.17213812,0.0335708,0.43273017,0.07862233,0.17520505,0.123497374,0.046389703,0.4297883,0.46475956,0.7373052,0.16613899,0.08912449,0.2382709,0.116551414,0.07832261,0.23768191,0.077037185,0.09158844,0.04790447,0.054282296,0.13032621,0.10728373,0.18703407,0.10181828,0.19002908,0.13926645,0.22867993,0.28320643,0.25626922,0.104081035,0.81644577,0.5664923,0.026275197,0.15423411,0.15641491,0.37569028,0.1160801,0.18714613,0.17261067,0.121919975,0.39458504,0.39793602,0.015062751,0.15177816,0.076005004,0.076747715,0.13395262,0.008893094,0.21251035,0.10109932,0.22116712,0.12702326,0.4335775,0.13447687,0.5403092,0.30733296,0.17250217,0.16334258,0.1457498,0.18879923,0.07701267,0.15983438,0.049607035,0.045112975,0.30557188,0.3031758,0.5983932,0.14273603,0.27457517,0.02659813,0.095215626,0.1380535,0.31196702,0.36239934,0.18859237,0.51198447,0.52215767,0.17307664,0.36089027,0.047348674,0.08236864,0.07269257,0.055794593,0.059354708,0.117583305,0.019181637,0.8077426,0.06353337,0.26647183,0.043210708,0.29827717,0.030950699,0.13540486,0.18083826,0.19419965
BC2026_Train_0004_S08_20250607_070007_30,0.0071702977,0.6135223,0.0044870833,0.0017374954,5.599446e-07,0.11349886,0.0017613949,0.0053566764,0.0031527744,0.000101010075,0.0062680016,0.0066284644,0.0012079641,4.2931364e-07,3.2351475e-06,0.008550319,0.00037305456,0.00040866394,0.052913804,0.03358064,0.01838016,7.4410214e-05,0.025005175,0.0015764016,0.024349397,5.434723e-05,0.015389219,0.036697946,0.04546913,0.06502441,0.09064408,0.0045060893,0.71896434,0.02075611,0.013603741,0.008608774,0.09370708,0.13184527,0.016809884,0.09427293,0.56107795,0.012226568,0.11159664,0.0123726465,0.3310883,0.3310883,0.76439255,0.45707935,0.1485039,0.17257869,0.037998993,0.039205384,0.039205384,0.025023278,0.60095,7.3626785e-07,0.0067568845,2.761591e-05,0.00023836482,0.012554338,0.018297823,0.00037408178,0.01472827,0.004554186,0.00062521687,0.0020513497,0.047310784,0.00036250096,0.0012885779,0.030049602,0.0066245627,0.00041642686,0.2524567,0.109364435,0.26008195,0.14803728,0.08019286,0.6923868,0.35785952,0.2523387,0.11014362,0.035818446,0.48338875,0.028209586,0.147657,0.210839,0.15802911,0.23516142,0.14408511,0.08198669,0.09887768,0.2401426,0.124692224,0.14818409,0.10575412,0.06988572,0.10615092,0.8922671,0.13400747,0.15522005,0.17436884,0.03439582,0.3572311,0.5862122,0.40592515,0.21636103,0.084634624,0.011116237,0.25543323,0.20429222,0.10890993,0.35729277,0.08490097,0.2942403,0.05778622,0.5817175,0.11210362,0.21436805,0.09847809,0.6803145,0.7322444,0.55877924,0.2376574,0.3217468,0.10459856,0.12146094,0.109256975,0.5048791,0.08191902,0.55641,0.1956155,0.3271369,0.07914713,0.6339296,0.1581287,0.07057877,0.62133026,0.4011018,0.44583982,0.096798755,0.030060688,0.17470874,0.12629779,0.24625647,0.090399675,0.070524484,0.43516424,0.46135142,0.56176794,0.19190547,0.08087378,0.08591665,0.12149682,0.12727587,0.3328266,0.07212868,0.08360347,0.037803777,0.05318999,0.11868001,0.05420119,0.2653189,0.090785265,0.20307791,0.18359956,0.20346755,0.2504121,0.24928181,0.12502119,0.7926732,0.5120651,0.024520326,0.120125696,0.14370097,0.22536752,0.21379897,0.1554113,0.26932138,0.16391072,0.52360564,0.35780442,0.011346933,0.103317656,0.08673333,0.07385775,0.055841155,0.007868073,0.20745665,0.11397019,0.25797126,0.20359004,0.40135947,0.19023268,0.58160114,0.35308143,0.17268711,0.16579492,0.16507164,0.16686332,0.07569676,0.22580352,0.04112916,0.032764256,0.2502709,0.4142185,0.9466365,0.1735537,0.2436314,0.02771539,0.09735512,0.22983974,0.35343218,0.35019597,0.18877499,0.50749433,0.5835406,0.18560396,0.34933597,0.052321453,0.117797844,0.056209963,0.043935932,0.07830231,0.08897476,0.026974842,0.8420116,0.091475114,0.20893316,0.08829002,0.40789384,0.014541309,0.0766739,0.23994492,0.30120587
BC2026_Train_0004_S08_20250607_070007_35,0.008940991,0.61684,0.003173399,0.0023335067,5.6473044e-07,0.13208503,0.0027777269,0.006599355,0.0038933642,0.00010367945,0.008761937,0.0082590915,0.0011827952,4.714638e-07,2.6242787e-06,0.011637703,0.0003995305,0.00038792414,0.10025019,0.043786023,0.023048006,0.00010942792,0.029702416,0.0015151768,0.028657343,5.087672e-05,0.012644897,0.039657217,0.05444125,0.08042301,0.111699246,0.0048458413,0.7292267,0.022083666,0.013532637,0.009066405,0.0969348,0.11864212,0.017485436,0.093945935,0.56891453,0.01427236,0.13142234,0.012928041,0.3404351,0.3404351,0.75450087,0.46811855,0.1557108,0.1696117,0.04567906,0.04615134,0.04615134,0.026843423,0.5570861,7.027713e-07,0.0066802413,4.4633696e-05,0.00017107213,0.026055329,0.021401424,0.00040453637,0.019156605,0.0065665343,0.0006835402,0.0015657576,0.0410484,0.00039446188,0.00085763703,0.041285053,0.0065601575,0.00048369606,0.23085177,0.1108366,0.121379726,0.062633,0.07486881,0.5978348,0.17906278,0.42445108,0.1214909,0.030379359,0.48519254,0.027841056,0.16457081,0.28071475,0.14922906,0.21927314,0.12818086,0.09532184,0.10770462,0.32361928,0.14055787,0.16238816,0.1306724,0.11155737,0.14600949,0.9143386,0.14458705,0.10711852,0.15121679,0.08017514,0.3454551,0.5686417,0.4823476,0.19423737,0.10423493,0.019712998,0.1602264,0.15024962,0.118258364,0.3611446,0.07652309,0.34985787,0.058748364,0.5022783,0.12727772,0.13987322,0.060211554,0.41777462,0.7117244,0.54397815,0.19377632,0.29452655,0.11722102,0.110553935,0.14205153,0.31313425,0.0762694,0.36029953,0.0987434,0.2373674,0.21556686,0.24442935,0.14578472,0.064289324,0.4366526,0.4206158,0.35833225,0.14418846,0.04749576,0.19037546,0.12880248,0.21724755,0.08649316,0.0813351,0.41175887,0.079145014,0.59578204,0.120937906,0.1345017,0.10665654,0.19219734,0.08894427,0.35397702,0.09110353,0.093811385,0.03286872,0.058160663,0.15764199,0.0823876,0.28097752,0.14061409,0.23887962,0.18503268,0.24916077,0.1529385,0.26418695,0.11304251,0.7878155,0.27214214,0.018596746,0.22279753,0.1543161,0.3354207,0.34059495,0.16850442,0.2605281,0.21085429,0.40784097,0.39722124,0.016671851,0.11953219,0.09655283,0.059752133,0.08858436,0.0072865635,0.25848734,0.15445341,0.21940076,0.20151229,0.3706845,0.13126214,0.5258408,0.5200944,0.26863274,0.19064231,0.1851397,0.15299067,0.051675532,0.2727874,0.090130016,0.04388753,0.28337717,0.37182733,0.5717784,0.1695979,0.28130183,0.025994737,0.1081097,0.23165856,0.38933203,0.33969432,0.18071985,0.5198112,0.602536,0.081094615,0.2956092,0.0671736,0.080482185,0.03980917,0.05034265,0.059871238,0.059171107,0.030112714,0.7683531,0.059418976,0.1604626,0.04915874,0.36080223,0.012814521,0.1618171,0.21142462,0.26565483
BC2026_Train_0004_S08_20250607_070007_40,0.009795457,0.581034,0.003989666,0.0020205984,5.3452493e-07,0.12091934,0.001762288,0.0053462805,0.0034269388,0.00012886417,0.0063148,0.0058969734,0.0010477675,4.2848967e-07,2.8507825e-06,0.011071587,0.00050981366,0.0004695296,0.034411576,0.022201998,0.021920456,5.8293586e-05,0.018790197,0.0013673279,0.03049136,5.1899675e-05,0.015564374,0.031445384,0.072330914,0.056415338,0.08748217,0.0051135053,0.6993246,0.02528632,0.013422491,0.009457372,0.08986906,0.13363683,0.018187309,0.084274635,0.56582785,0.013217485,0.10354959,0.012970528,0.31016406,0.31016406,0.73965096,0.4149299,0.13983794,0.1651345,0.036020048,0.037132245,0.037132245,0.024535805,0.5610322,5.594603e-07,0.00670125,3.5491965e-05,0.00020105799,0.013449379,0.02122833,0.00036592555,0.012971095,0.004555426,0.0006034189,0.0016452218,0.066482626,0.00040296355,0.0014279265,0.03697949,0.0065698316,0.00039489777,0.15546234,0.1256091,0.13508964,0.06586641,0.096202664,0.6925201,0.19364639,0.19541453,0.1600095,0.03756635,0.4350629,0.023649292,0.21370769,0.17909186,0.1455148,0.19670133,0.16205598,0.1265531,0.09678449,0.21021971,0.079562396,0.21747576,0.046641596,0.10407022,0.11031699,0.82096326,0.1629334,0.1409281,0.15031506,0.05736618,0.43479168,0.534332,0.49119073,0.16024148,0.088424265,0.012854386,0.21812147,0.13929586,0.13193704,0.3808146,0.07392759,0.25114486,0.07045615,0.5516198,0.104877666,0.2910975,0.08208714,0.63531667,0.6015801,0.5345123,0.18423526,0.43341273,0.08964931,0.09426841,0.14956492,0.49028954,0.0675424,0.6076405,0.114276245,0.25884423,0.110562734,0.40865695,0.14127953,0.04313231,0.38369736,0.4351494,0.43724096,0.15701458,0.02863512,0.3069727,0.10355095,0.3706668,0.06998451,0.04183939,0.3837665,0.16644652,0.58776444,0.12597229,0.07246846,0.09827341,0.14827505,0.08292796,0.4100532,0.11652328,0.14915018,0.04122716,0.054008525,0.08127341,0.05702522,0.40387434,0.08416638,0.2491996,0.177896,0.13706173,0.27649215,0.2962739,0.13927247,0.7418889,0.49608564,0.04046036,0.20445274,0.11554232,0.2091673,0.23880918,0.127288,0.3064458,0.1919302,0.49032128,0.33022675,0.015997479,0.09300747,0.09450181,0.10678807,0.05524366,0.006317658,0.22680637,0.12338063,0.37905377,0.1398488,0.32773843,0.1784761,0.52236915,0.45435688,0.24497949,0.31718475,0.124667056,0.1878462,0.09121426,0.18459152,0.045254834,0.030146422,0.29482165,0.43136844,0.7783011,0.1809155,0.22380441,0.02977665,0.11367923,0.20157373,0.2825984,0.23028836,0.16524878,0.52735144,0.7047876,0.21606845,0.52306676,0.06888965,0.0945832,0.053184483,0.089457296,0.04515485,0.092350565,0.02364657,0.82523674,0.06530589,0.20904726,0.056805927,0.36065626,0.014408041,0.08791007,0.20902169,0.25587502
BC2026_Train_0004_S08_20250607_070007_45,0.012182721,0.63091576,0.00322601,0.0020843206,6.295878e-07,0.12361256,0.0017472422,0.00605929,0.0035152244,8.552756e-05,0.0075101433,0.00751228,0.0013057934,4.4650287e-07,2.9513244e-06,0.0059522805,0.00043930695,0.00041310926,0.053714536,0.024632705,0.024225574,8.24071e-05,0.015048799,0.0018765138,0.03710137,5.1056766e-05,0.011984734,0.04180285,0.045514513,0.061972,0.111581,0.0051409365,0.72850204,0.024587912,0.013488597,0.009819009,0.09592037,0.13451615,0.019412206,0.09133239,0.57543486,0.015636053,0.13277152,0.0139108505,0.37889573,0.37889573,0.77213657,0.4807995,0.1717838,0.18877009,0.044941757,0.04617168,0.04617168,0.028876534,0.5966002,5.594445e-07,0.006695305,3.4027304e-05,0.00023290225,0.0132027585,0.016789097,0.00039073866,0.016930677,0.0052394667,0.00078791915,0.001497788,0.03460214,0.00034663233,0.001029857,0.042981554,0.006594399,0.00053449656,0.15354088,0.14835036,0.20118815,0.08837755,0.09705444,0.69555724,0.27019203,0.12560575,0.13591413,0.034724865,0.47550383,0.031044418,0.14434473,0.21278732,0.14949325,0.2542353,0.15842785,0.08490693,0.10301869,0.32750115,0.075474955,0.19353418,0.06142978,0.071937434,0.1438328,0.8025291,0.15250751,0.14707404,0.18189406,0.054212216,0.3526007,0.70371723,0.413995,0.17987715,0.080602005,0.01070469,0.22400782,0.17397484,0.10652651,0.3228392,0.104620904,0.3442167,0.04499265,0.5624789,0.13658188,0.25898188,0.07237239,0.5431526,0.68960506,0.54582167,0.2402927,0.38664126,0.08275707,0.11434307,0.10208576,0.42761305,0.06996421,0.4960125,0.10661136,0.23263249,0.09495455,0.761421,0.17484811,0.06572183,0.58462703,0.37984183,0.47314626,0.16800396,0.029029483,0.47194633,0.106522955,0.18543679,0.0856727,0.07113783,0.37210253,0.08557215,0.5510085,0.1103562,0.10320404,0.12833314,0.13984603,0.091561325,0.41526318,0.06252182,0.15270129,0.0359536,0.0615732,0.086309165,0.06191981,0.33534467,0.065638386,0.23229636,0.19194846,0.2351134,0.107623965,0.2938791,0.091113076,0.7204312,0.38613352,0.01856498,0.14938569,0.111409985,0.26402944,0.5018957,0.14506151,0.2348765,0.21159528,0.32759002,0.3035257,0.01294486,0.101069815,0.077972114,0.11728474,0.04267331,0.008627727,0.26490644,0.11255711,0.20777471,0.1576898,0.32832873,0.22608423,0.55904806,0.38014168,0.26981437,0.2567177,0.14827402,0.13839495,0.10521606,0.19848707,0.06396537,0.032894403,0.29841202,0.48098448,0.8369705,0.16940776,0.26615167,0.024278488,0.08092292,0.3285666,0.3383988,0.17269985,0.18916544,0.5139249,0.6145744,0.18233486,0.27511674,0.062637605,0.083776735,0.072349325,0.05923104,0.06945316,0.13663134,0.036942426,0.79471624,0.070953384,0.15946522,0.04619822,0.40659812,0.014172513,0.09093263,0.14000079,0.20348965
BC2026_Train_0004_S08_20250607_070007_50,0.011508478,0.61032796,0.0031726898,0.0022458793,5.510664e-07,0.11681657,0.002001432,0.005895981,0.0041876924,9.0816015e-05,0.005879658,0.00888399,0.001373165,4.5553685e-07,3.0963733e-06,0.007894597,0.00040583487,0.00046801905,0.02597141,0.047023207,0.013201594,6.0215923e-05,0.02147764,0.002519963,0.046301432,4.523108e-05,0.014474962,0.031071886,0.042532273,0.082642674,0.12640974,0.0058636786,0.7336521,0.023314182,0.013293968,0.01044567,0.119699106,0.116676316,0.020829216,0.09947694,0.57538784,0.019835703,0.14025246,0.016213102,0.38502973,0.38502973,0.7526675,0.47246855,0.15344663,0.16951217,0.048831675,0.049253263,0.049253263,0.031424854,0.5345068,6.489421e-07,0.0066656657,4.7314323e-05,0.00017365467,0.018149126,0.0276739,0.00043061769,0.01661764,0.0057809493,0.0009999558,0.0015235492,0.06454607,0.00032315627,0.0008160438,0.041623242,0.0065694056,0.0004898109,0.21490908,0.07350106,0.119919166,0.063646525,0.09775731,0.65300673,0.246039,0.17106918,0.16020462,0.03888598,0.4594654,0.06779968,0.32229355,0.17651203,0.15706636,0.21629167,0.16697961,0.09063454,0.080979764,0.34402138,0.26734552,0.21458542,0.050269943,0.06943824,0.10974141,0.85059476,0.12842678,0.2352828,0.24815285,0.06325146,0.2457823,0.6372438,0.4714308,0.15857607,0.09061099,0.009605663,0.20654206,0.14732891,0.1280717,0.31154695,0.067117065,0.31126198,0.093998544,0.5045897,0.14774483,0.17511629,0.072715215,0.421906,0.63536316,0.6640412,0.20834625,0.45477024,0.10186787,0.11019833,0.07903896,0.44800884,0.06732959,0.3504431,0.12583293,0.29685786,0.113152675,0.26815215,0.1700155,0.061816353,0.6042733,0.3448547,0.30464542,0.12516384,0.018530583,0.5518739,0.08163395,0.2179437,0.092985705,0.06108447,0.6163957,0.2142019,0.7083657,0.15916426,0.15691191,0.11633462,0.14112656,0.09862094,0.26604694,0.10215245,0.13604389,0.039174948,0.061414238,0.11921009,0.1472338,0.30285862,0.09055393,0.2057131,0.1815457,0.11192877,0.11325483,0.22692974,0.15710974,0.85993135,0.3727836,0.015610656,0.16085896,0.13543633,0.25244355,0.3813439,0.19603844,0.27045542,0.20898734,0.41290206,0.48477,0.01433048,0.1362903,0.087463096,0.05900266,0.090445854,0.0069148475,0.310086,0.12602468,0.25364608,0.13501376,0.366476,0.21304058,0.479282,0.50105804,0.25903803,0.24940927,0.13689166,0.17729346,0.048512146,0.23531923,0.04480978,0.031053018,0.43746185,0.40588832,0.82665724,0.1635943,0.25493917,0.038780976,0.15020902,0.2804766,0.4149338,0.35195506,0.16987279,0.50124884,0.60359025,0.103181235,0.23914242,0.07151781,0.093973875,0.03721583,0.06264087,0.06890004,0.052806158,0.027093252,0.8515997,0.08375851,0.2717552,0.028322035,0.43060976,0.032725178,0.11841961,0.20739621,0.21051429
BC2026_Train_0004_S08_20250607_070007_55,0.009119787,0.5909523,0.0036918924,0.0012869037,7.060374e-07,0.15066622,0.0019177014,0.0063906494,0.004074229,8.1981445e-05,0.008561341,0.0068544345,0.0013916601,4.491329e-07,2.6550063e-06,0.0076731504,0.00057050324,0.0004987987,0.0530804,0.059972037,0.020521034,8.904832e-05,0.015771024,0.0035654865,0.042184304,4.638002e-05,0.013678545,0.053763468,0.053068135,0.0880358,0.0916492,0.007038809,0.69472325,0.021147218,0.0131470645,0.012151265,0.12808731,0.14759211,0.016205372,0.12922983,0.54804856,0.015055007,0.15286307,0.018508123,0.4483746,0.4483746,0.74609303,0.41890654,0.15715712,0.1828552,0.053030685,0.05376835,0.05376835,0.024945715,0.5773636,5.8592974e-07,0.0066885473,3.2801385e-05,0.0001884136,0.03248601,0.032198478,0.00044033062,0.02030305,0.006414635,0.00082845654,0.0018871906,0.083114296,0.00037677004,0.00096524425,0.05090403,0.006512435,0.00040449816,0.24875474,0.12828943,0.18583429,0.05940163,0.08973456,0.6290185,0.10749552,0.4793064,0.19530983,0.03856738,0.42680764,0.05149981,0.19678123,0.22354254,0.11492002,0.21983251,0.20443828,0.108305134,0.09963175,0.17609575,0.07808222,0.25397187,0.059773922,0.072550125,0.13814694,0.84953356,0.2349468,0.13687047,0.17553063,0.14510751,0.34174097,0.5547736,0.37479264,0.15920444,0.07332221,0.008737934,0.15661824,0.16237634,0.07368393,0.31373584,0.046700567,0.3209419,0.08134228,0.54794055,0.16298728,0.14305077,0.08309808,0.7116968,0.7039093,0.6218693,0.24475998,0.25805634,0.108935654,0.24157019,0.22564213,0.50267494,0.087853804,0.28792575,0.099896915,0.24023615,0.17404202,0.41328079,0.1295535,0.090688534,0.61275995,0.3088029,0.35792768,0.22396615,0.022747464,0.31948617,0.13234305,0.18046777,0.080806606,0.24533205,0.4880799,0.05928957,0.68444663,0.14778204,0.121575944,0.08519946,0.14214423,0.06881548,0.39334425,0.06516896,0.12526925,0.06345209,0.0795499,0.08521579,0.09618812,0.5466557,0.11625561,0.2615384,0.17171101,0.25084636,0.15819609,0.20455793,0.118016794,0.7166364,0.45371753,0.04041792,0.12848279,0.13165154,0.34129843,0.2086958,0.3032771,0.3406915,0.18306269,0.48436794,0.41818106,0.0140055735,0.10287803,0.09008765,0.07134359,0.0685128,0.005913417,0.2850423,0.10729512,0.11870693,0.15284798,0.36468336,0.1740508,0.45581993,0.4214295,0.24318287,0.20077968,0.16042021,0.19535062,0.09586844,0.28438124,0.04185674,0.029982857,0.28940707,0.40265208,0.466816,0.15265697,0.2261389,0.02907068,0.10569784,0.24801233,0.37473163,0.47678682,0.16821973,0.5216823,0.5861089,0.111993164,0.27351037,0.06246292,0.07239128,0.03620695,0.053766206,0.066179365,0.06782583,0.032454025,0.7996589,0.085874,0.21149096,0.032550044,0.3189155,0.01624879,0.11619972,0.19358292,0.21356413
BC2026_Train_0004_S08_20250607_070007_60,0.008763899,0.57300043,0.004934284,0.001987861,6.3349324e-07,0.10742273,0.002646388,0.020118434,0.004344152,9.185606e-05,0.0059411107,0.0054040137,0.00129281,4.1315468e-07,3.0616825e-06,0.006909008,0.0010142161,0.00041304342,0.04670126,0.036442604,0.016486697,7.662656e-05,0.04722451,0.0036982882,0.03184346,4.0606083e-05,0.012421029,0.049514063,0.041452155,0.09049949,0.08753665,0.0053837663,0.66877806,0.01901542,0.013099087,0.010180099,0.10028399,0.1083071,0.013574117,0.1120139,0.52336687,0.012531423,0.13291863,0.014683519,0.46958816,0.46958816,0.73145396,0.38075802,0.11192589,0.1408657,0.04487681,0.04641743,0.04641743,0.02095817,0.60202014,7.196369e-07,0.006654041,4.0610154e-05,0.000275122,0.012810514,0.021306708,0.00058745104,0.016517146,0.0099007785,0.0009678314,0.0021278483,0.03724163,0.00035743264,0.0007958137,0.03817119,0.0064903256,0.0004170369,0.35840586,0.092885725,0.13147908,0.050638378,0.062612236,0.58084303,0.12086857,0.21016952,0.15319893,0.04484044,0.5197329,0.07981341,0.20083219,0.2685511,0.13250834,0.23330991,0.22282273,0.094126664,0.10724514,0.31936178,0.19057758,0.26340023,0.11133966,0.22113003,0.12416522,0.73131764,0.11809496,0.09570205,0.16863017,0.18691118,0.26675633,0.5891559,0.50920266,0.15745081,0.08271496,0.012398323,0.1501867,0.2537315,0.080467656,0.3609593,0.053929053,0.29357398,0.06539274,0.58383584,0.09893985,0.22394526,0.077912405,0.4268853,0.5497477,0.4744906,0.27634236,0.27986068,0.16499226,0.24719268,0.14096284,0.25756395,0.06120828,0.25528184,0.19691439,0.27397436,0.11078286,0.32860827,0.101755425,0.16875279,0.48498547,0.35252503,0.2972192,0.22117509,0.042709216,0.24499395,0.16913046,0.30816153,0.07202311,0.22972415,0.6966974,0.06233613,0.7497368,0.1625459,0.14877982,0.12013829,0.123925164,0.09880325,0.39976156,0.08583575,0.07915507,0.07001391,0.06652951,0.22530475,0.06504094,0.577086,0.078920305,0.30776697,0.14341071,0.15775874,0.10007721,0.29362056,0.11200345,0.7126243,0.25727737,0.0167037,0.13109468,0.16982499,0.3568626,0.3235953,0.57879496,0.28819165,0.17499572,0.38046154,0.5701399,0.013539589,0.098244116,0.09569111,0.06527391,0.06093614,0.0069184857,0.39471358,0.17912574,0.16221263,0.15427035,0.28850076,0.28373444,0.4324701,0.6004189,0.4274921,0.21804596,0.16304946,0.2261824,0.092902966,0.41286007,0.06992912,0.037214763,0.234618,0.39863378,0.5669546,0.17258501,0.28330964,0.029526358,0.11129463,0.23741606,0.32019356,0.34644833,0.19999549,0.47518286,0.52739227,0.09912787,0.39686322,0.054350935,0.07236226,0.04204933,0.035571955,0.09154832,0.05386859,0.029472807,0.7344309,0.07537801,0.23894958,0.03143791,0.35504383,0.031834763,0.1310799,0.17450602,0.20986068
BC2026_Train_0005_S08_20250607_070007_5,0.0049992255,0.57480586,0.004047836,0.0056386464,1.2996774e-06,0.06871399,0.0030725074,0.004597827,0.0025946423,9.8567536e-05,0.007888218,0.009831127,0.0027698735,4.1776707e-07,3.73215e-06,0.0123807555,0.0005098894,0.000466733,0.020836256,0.009936067,0.0133634005,0.0001139268,0.022454152,0.0026496884,0.019443348,4.566601e-05,0.021730656,0.05760843,0.03670088,0.11638952,0.05820372,0.0042297775,0.61259943,0.014079376,0.01356295,0.010261032,0.09364791,0.13115643,0.0069731157,0.121180974,0.50181097,0.0056691384,0.14180385,0.011510363,0.6201987,0.6201987,0.7420907,0.3143239,0.10155479,0.16045924,0.045720853,0.047943827,0.047943827,0.012329,0.70930034,1.0031445e-06,0.006746049,6.241015e-05,0.00023969772,0.017884688,0.016615143,0.00040733023,0.014299332,0.007870958,0.0023585656,0.001678869,0.032802105,0.00035162378,0.000861805,0.028981095,0.0066012363,0.00040340103,0.16702804,0.07258992,0.21282892,0.1914696,0.09380871,0.6496904,0.13147645,0.11224355,0.46631947,0.031999484,0.44807643,0.045435008,0.12659058,0.29586115,0.23871383,0.20658217,0.45793363,0.12987435,0.08223614,0.3117081,0.116131954,0.066294335,0.07118859,0.13969438,0.21859217,0.6433356,0.21273838,0.25020662,0.29829288,0.19183253,0.30006206,0.49040586,0.3327238,0.22090703,0.12545434,0.043266833,0.79120654,0.17970854,0.124133565,0.26448092,0.14367527,0.17351292,0.088911004,0.68073773,0.09053409,0.09505692,0.062312778,0.63802767,0.5017074,0.51105565,0.33766535,0.9740103,0.06499527,0.5502906,0.10307759,0.30739278,0.116608806,0.16525967,0.28258914,0.42054588,0.11662218,0.57022464,0.3356987,0.037124682,0.62814873,0.36370584,0.35017294,0.058224358,0.026628634,0.37839416,0.4266656,0.42610097,0.05275333,0.20313239,0.60303974,0.047430716,0.41075948,0.13117273,0.25637335,0.15132782,0.32597798,0.18790488,0.49402317,0.2284066,0.09309641,0.072240345,0.18034987,0.1325948,0.070219725,0.2718604,0.04374406,0.20428446,0.24229653,0.16910292,0.06928351,0.3870763,0.17533772,0.87454015,0.42267457,0.07370654,0.10061234,0.19419798,0.46684504,0.07563839,0.6716284,0.20617431,0.49610734,0.22258505,0.64901817,0.018247044,0.17899638,0.27367812,0.09178652,0.11353934,0.020551374,0.41610697,0.08358994,0.10783839,0.23573403,0.52246517,0.105267346,0.48729563,0.6155433,0.31568688,0.4533395,0.25578696,0.12674348,0.046616882,0.16709739,0.22404645,0.053252865,0.5396498,0.39446998,0.35394308,0.45091107,0.43117398,0.059086863,0.18397592,0.28874543,0.38828954,0.29903272,0.2735699,0.42996347,0.6143492,0.14637135,0.1965381,0.23939632,0.31336537,0.049482465,0.059985597,0.22556515,0.36507067,0.040628478,0.83145535,0.10190464,0.17275454,0.09520999,0.63161546,0.026671056,0.12164683,0.45964044,0.18841776
BC2026_Train_0005_S08_20250607_070007_10,0.004076294,0.5180065,0.0046390765,0.0039460133,2.8211477e-06,0.093995415,0.0031531914,0.0052841674,0.0025224194,0.00010899575,0.007482449,0.0043359417,0.0022464355,4.016558e-07,4.339874e-06,0.010561384,0.00056394114,0.0003661774,0.009701863,0.015810397,0.017776182,8.627088e-05,0.030051714,0.004706054,0.024791311,6.4817614e-05,0.01664158,0.061020836,0.042203836,0.12557703,0.067070834,0.0047826986,0.6058945,0.013654232,0.013645442,0.009681093,0.07826328,0.112378225,0.00896376,0.12776554,0.50221825,0.008663862,0.13820402,0.013226718,0.644711,0.644711,0.7033293,0.254158,0.09330518,0.14224239,0.0452043,0.047351893,0.047351893,0.016220817,0.7202358,8.824923e-07,0.006678457,7.078077e-05,0.00017732264,0.03675439,0.021459883,0.0003104223,0.013991295,0.008928692,0.0052922056,0.0020464424,0.021863334,0.00040510995,0.0008024872,0.032460745,0.0064454973,0.0004401547,0.16241144,0.055244178,0.11372887,0.10834763,0.089439906,0.54427034,0.06685599,0.09580167,0.23144732,0.032441102,0.5155035,0.016624426,0.13909186,0.27023798,0.17196518,0.25218365,0.3932058,0.09569416,0.14848447,0.2944765,0.028096292,0.039645214,0.07858041,0.11082262,0.15795775,0.6801819,0.23296535,0.088150255,0.23830658,0.22129367,0.28406087,0.5233252,0.40062618,0.13725097,0.14547633,0.016920377,0.26133078,0.2054472,0.12912627,0.29871544,0.103152454,0.1589028,0.16788642,0.6847706,0.097271435,0.068948224,0.093816094,0.42255005,0.44418123,0.58964384,0.23025508,0.5285731,0.07237339,0.4027471,0.1192519,0.20770535,0.12027533,0.22282161,0.30734944,0.43581587,0.1349652,0.2962649,0.20523728,0.03083341,0.5302885,0.4146822,0.28659475,0.08790728,0.021123579,0.19390734,0.23811716,0.22040893,0.04694699,0.28705472,0.86482775,0.030186258,0.34225518,0.13421905,0.22266746,0.12314385,0.2560592,0.099413164,0.16723,0.16444269,0.1052756,0.13088456,0.13811426,0.1039713,0.04516523,0.46971843,0.03632317,0.36960137,0.1830182,0.18251036,0.10002676,0.43161646,0.11643615,0.66058254,0.2394087,0.19825576,0.08687413,0.24763946,0.6547299,0.13071753,0.55673337,0.26633444,0.2606907,0.24594705,0.48926634,0.020363778,0.11385021,0.2353665,0.08424111,0.123594806,0.011293917,0.278516,0.086567625,0.11592877,0.14780863,0.38170177,0.074421234,0.40174168,0.541498,0.40896946,0.22392291,0.1608637,0.13269864,0.05328096,0.17245634,0.113097854,0.06472368,0.29455692,0.6016312,0.30890238,0.24794088,0.32947025,0.06973233,0.15073001,0.20518073,0.37207243,0.10676205,0.38436693,0.42557737,0.6536096,0.09559576,0.29189408,0.1605868,0.12471183,0.051578198,0.046353146,0.09103169,0.18167803,0.040783662,0.62875974,0.16193217,0.1794634,0.04998544,0.34097147,0.013052908,0.17086151,0.2365915,0.2522221
BC2026_Train_0005_S08_20250607_070007_15,0.005243745,0.5463665,0.0035810303,0.00387067,1.2652627e-06,0.058296684,0.003611084,0.004200797,0.002149925,0.00012094737,0.006972459,0.005842447,0.0026173014,3.7612324e-07,3.3080717e-06,0.013049991,0.0004907258,0.00040786053,0.010267217,0.009260276,0.028510932,8.259384e-05,0.017098203,0.0025194115,0.01544816,5.445704e-05,0.02534988,0.060122564,0.040587474,0.09095374,0.0538074,0.0036120852,0.6191499,0.014335798,0.0133600505,0.008656263,0.076474264,0.12180511,0.006938365,0.09961647,0.5006948,0.0054629617,0.10903527,0.009573195,0.604858,0.604858,0.7323771,0.2956744,0.091026,0.13758324,0.035730135,0.038029443,0.038029443,0.011350381,0.69559497,9.83812e-07,0.0066347946,5.0365124e-05,0.000214401,0.017527882,0.013446521,0.00031288675,0.009063777,0.0063005015,0.0021881033,0.0013286171,0.03677506,0.00038196446,0.00090746867,0.02452883,0.006425039,0.00039321903,0.16297787,0.12215103,0.19420183,0.14516708,0.18716767,0.5985479,0.12572095,0.10950924,0.41294584,0.05268407,0.5057086,0.02011992,0.1511134,0.29958522,0.16825387,0.21892658,0.39963272,0.1322787,0.10397661,0.34495348,0.09605629,0.037905358,0.10843188,0.14132535,0.16335058,0.7178566,0.1903127,0.20769984,0.27947304,0.07922255,0.37534285,0.511325,0.43519634,0.20272136,0.2093412,0.06163448,0.73318386,0.12315602,0.13281463,0.30305672,0.20517333,0.20219025,0.11806601,0.5442449,0.103402115,0.14257357,0.101402625,0.7007276,0.49767843,0.57014817,0.33888006,0.9362449,0.0650182,0.44615525,0.07570882,0.6488401,0.15991113,0.34287435,0.21333835,0.4492769,0.08191907,0.541907,0.23074327,0.058736898,0.6867869,0.3500176,0.31714568,0.054206684,0.022643773,0.27293825,0.41256273,0.23549141,0.05411083,0.17385122,0.66726196,0.063120365,0.30309558,0.12459334,0.203215,0.109982945,0.29812342,0.16240475,0.5540663,0.24674237,0.08330923,0.08941978,0.16167305,0.07931539,0.039640773,0.32438272,0.036029063,0.22062872,0.28326818,0.12688765,0.15626363,0.47458664,0.1257831,0.85734075,0.3677179,0.116643205,0.14345792,0.19132951,0.45165572,0.09020601,0.6335963,0.24567431,0.34661695,0.3813023,0.5099782,0.02102232,0.19302003,0.28421366,0.073290564,0.1491564,0.02197995,0.42702615,0.06267425,0.25910357,0.23730841,0.38519028,0.09036528,0.50728387,0.486767,0.38319963,0.32535523,0.101364926,0.1942726,0.08154706,0.22189999,0.15391558,0.054923177,0.6047895,0.41094178,0.42596588,0.36595756,0.43965054,0.08513059,0.1540701,0.22756521,0.40459952,0.1631696,0.34354237,0.35171837,0.86245775,0.10300141,0.22214206,0.15424493,0.328873,0.04103091,0.08435434,0.18375918,0.2205634,0.051096804,0.872808,0.08441514,0.19256377,0.06184557,0.6702379,0.026723202,0.2308753,0.4111697,0.21913274
BC2026_Train_0005_S08_20250607_070007_20,0.007669649,0.61630327,0.010893944,0.008957281,1.1673892e-06,0.110011786,0.0031835758,0.005022379,0.0023686353,0.00010894074,0.006895614,0.022870148,0.0032708477,4.1387668e-07,4.1071644e-06,0.020367082,0.000543002,0.0005146021,0.007840897,0.0084945075,0.018345065,8.369338e-05,0.020833028,0.007653054,0.02000593,5.3405456e-05,0.024308268,0.14644462,0.07751309,0.14153293,0.085101955,0.0049601826,0.67201465,0.016239237,0.013782812,0.011741824,0.107112534,0.12802936,0.009837753,0.122471236,0.5246687,0.008156887,0.16923921,0.014029042,0.6326191,0.6326191,0.7766695,0.40082842,0.11123148,0.1680246,0.055296656,0.05769326,0.05769326,0.017464189,0.7392667,7.827176e-07,0.006792004,4.692709e-05,0.00021728018,0.020837346,0.01171532,0.00036217997,0.01333181,0.0086555565,0.0035758375,0.001363587,0.035401344,0.0003555506,0.0010250572,0.058610186,0.006590259,0.00039246015,0.14998321,0.080483995,0.21533567,0.12897131,0.13596205,0.71888876,0.12052576,0.14474371,0.46079805,0.050211545,0.4475155,0.020941153,0.14489962,0.3143474,0.31901327,0.1845514,0.4869124,0.18578424,0.09311127,0.3692503,0.09173308,0.044781573,0.09723457,0.13377346,0.3205718,0.69012547,0.15390234,0.16705936,0.34176597,0.10062989,0.33403766,0.5234731,0.35096484,0.24896474,0.15396789,0.034164235,0.6528151,0.15603948,0.14551082,0.28915405,0.06953726,0.23076205,0.0843333,0.5780967,0.11537512,0.10709949,0.071788594,0.6446579,0.48698282,0.5803831,0.31712294,0.9634215,0.09107846,0.3745842,0.1261866,0.6256583,0.14299764,0.2118496,0.30328366,0.3445542,0.1166289,0.5792441,0.28001314,0.032127336,0.64760655,0.39676306,0.3168205,0.0863147,0.030340465,0.19389531,0.35289532,0.3056131,0.05732443,0.09855494,0.585185,0.038315874,0.35233492,0.19326995,0.2728859,0.09800714,0.3840849,0.144903,0.48041347,0.2031662,0.05312139,0.048073757,0.19906466,0.11582702,0.04568475,0.3053867,0.035456724,0.22544512,0.264347,0.1614867,0.05057126,0.30944577,0.112890854,0.8537812,0.49251375,0.036752746,0.132962,0.20276196,0.3452354,0.12561159,0.24077883,0.24851827,0.47524872,0.45248684,0.52274245,0.020221757,0.25644884,0.2937482,0.115959756,0.06262901,0.023563288,0.42808625,0.08014707,0.12355282,0.29169604,0.5266871,0.08200825,0.4909287,0.4988235,0.33437103,0.443035,0.18638325,0.14748515,0.0653656,0.22075252,0.1363383,0.049859453,0.6003353,0.44815928,0.4244164,0.30316782,0.5634471,0.06067373,0.16721642,0.27385283,0.4111431,0.21600862,0.2735444,0.3638339,0.73445374,0.1330301,0.20325023,0.1328322,0.1834655,0.041877713,0.06373696,0.14023119,0.23704056,0.049939167,0.89661896,0.08947599,0.23404384,0.07726462,0.6558258,0.018801922,0.09251936,0.4491961,0.2983116
BC2026_Train_0005_S08_20250607_070007_25,0.005878119,0.5384346,0.0037864593,0.0028089576,1.0046243e-06,0.062980495,0.0029741172,0.004768924,0.0020398025,8.440782e-05,0.009064399,0.0067694243,0.0018056039,4.0448012e-07,3.374349e-06,0.010864006,0.00042904902,0.00042087177,0.0070432294,0.009120852,0.019709416,6.307419e-05,0.021007247,0.0019676627,0.012783153,5.18986e-05,0.019681372,0.060085833,0.042110085,0.07484312,0.045053273,0.0029454932,0.584514,0.010706424,0.013516954,0.006788842,0.060429618,0.11391245,0.006011625,0.071444854,0.49157938,0.005051741,0.09446316,0.008384637,0.59338886,0.59338886,0.7094282,0.2570559,0.08401679,0.13907588,0.028734013,0.030213103,0.030213103,0.011088745,0.6939442,6.463813e-07,0.0067336066,4.139241e-05,0.00018494917,0.015807606,0.012928321,0.00032324574,0.008383443,0.00612285,0.0012633149,0.001047095,0.029817255,0.00038737763,0.0011808949,0.024815412,0.0065587396,0.0003428592,0.15789828,0.13735686,0.20417757,0.22776707,0.109691456,0.62279737,0.1644548,0.1420879,0.5651886,0.060677838,0.589566,0.017250927,0.11945378,0.23405135,0.19479014,0.37004912,0.2824636,0.17946641,0.09888254,0.23437925,0.042036828,0.0537504,0.13721488,0.11561902,0.22721519,0.53780425,0.30751318,0.23597987,0.18813261,0.13583624,0.29795,0.50052345,0.37964052,0.19292863,0.20713529,0.027792444,0.326452,0.18665268,0.091311745,0.40284717,0.10797898,0.18503602,0.06764155,0.5572136,0.07589166,0.1350708,0.060151313,0.7312612,0.41399232,0.69791615,0.38048378,0.60346746,0.08023627,0.32082593,0.12233169,0.41099927,0.09269807,0.20620216,0.14627236,0.36235064,0.07272256,0.42550844,0.19401118,0.038340785,0.31475526,0.351885,0.28167558,0.044372227,0.022451118,0.4476614,0.25233883,0.20430273,0.062165406,0.07833456,0.6655371,0.042521436,0.37240374,0.15741944,0.15101789,0.09917862,0.26092663,0.101391345,0.7769909,0.26533833,0.15309533,0.06577838,0.19225578,0.09827398,0.06215797,0.3079777,0.041894324,0.36129507,0.23793757,0.106273934,0.19170365,0.3139759,0.16479647,0.68532544,0.33163124,0.1824356,0.16976441,0.36268458,0.37529796,0.07991414,0.37434798,0.22685803,0.26782456,0.29526186,0.528418,0.022313157,0.19539948,0.2453162,0.20662741,0.107788704,0.014749936,0.29003808,0.09327202,0.11792668,0.13825992,0.32437742,0.094561785,0.4827417,0.4883085,0.4744671,0.17705703,0.15548308,0.14946538,0.07718664,0.19126701,0.07490425,0.051084828,0.3879518,0.3974729,0.4649946,0.34116092,0.2708521,0.060561147,0.1694841,0.20901205,0.4259786,0.115810886,0.35365555,0.33727658,0.52622694,0.1452791,0.21499044,0.09182073,0.19455673,0.06441529,0.08189739,0.089512624,0.07772896,0.080670714,0.83999336,0.118095204,0.24790232,0.059854534,0.49125338,0.011734531,0.14529131,0.22238699,0.22251584
BC2026_Train_0005_S08_20250607_070007_30,0.0098793525,0.5953465,0.00675223,0.004728844,1.061575e-06,0.08459919,0.0027802987,0.004363514,0.0027472584,0.00010568911,0.006752382,0.016559934,0.0018976717,4.3245544e-07,3.564188e-06,0.01681242,0.00039749886,0.0004547832,0.014023517,0.020616973,0.017136747,8.771868e-05,0.014372951,0.003122956,0.015521237,4.742071e-05,0.029744644,0.09583437,0.09485146,0.121755935,0.06160782,0.004373566,0.63762724,0.015218793,0.013756436,0.009937425,0.08150671,0.14150234,0.008980559,0.095748186,0.52535105,0.007071794,0.12995307,0.012003064,0.61760396,0.61760396,0.7638147,0.3448724,0.112336226,0.17895654,0.04081766,0.043020267,0.043020267,0.015382119,0.7267238,7.346042e-07,0.00686292,4.3484088e-05,0.00022449644,0.016725464,0.02238278,0.00036057035,0.01179155,0.005974892,0.0023679307,0.0013088479,0.046220385,0.0004037052,0.0015345942,0.03828892,0.006602582,0.0003700121,0.18588246,0.07322221,0.2914199,0.09563617,0.13942386,0.6073003,0.11532679,0.117865786,0.65418535,0.03695982,0.48116747,0.012802136,0.1492482,0.19600208,0.47254148,0.4283843,0.21698809,0.2083741,0.115196966,0.25633988,0.051761393,0.051276587,0.107164726,0.12942958,0.21523145,0.679241,0.47768432,0.17128702,0.16985406,0.18117088,0.33226186,0.506378,0.43838677,0.21878763,0.09394318,0.018560082,0.49049878,0.24251802,0.10322984,0.312129,0.08535474,0.17879626,0.07432318,0.6405447,0.09476792,0.116795294,0.06122213,0.93844604,0.38861927,0.5338492,0.4984855,0.7213026,0.070633784,0.21195716,0.14470863,0.3948242,0.107238874,0.17080045,0.342324,0.44912267,0.085243344,0.4635457,0.38414842,0.035096142,0.34925994,0.3159525,0.2924286,0.16859353,0.027521158,0.29474294,0.23216324,0.24760084,0.07886373,0.058944695,0.5313282,0.030157333,0.4450795,0.1785546,0.2150113,0.08293263,0.32982486,0.08136357,0.71189576,0.29444864,0.08592943,0.052551083,0.115646064,0.082354516,0.09148766,0.2625702,0.03456887,0.26046625,0.31302825,0.11697847,0.15639436,0.27835318,0.12532337,0.7508955,0.4151001,0.09800384,0.16429621,0.23068798,0.5432256,0.09063437,0.16436386,0.18765728,0.44459027,0.44179925,0.55620384,0.01681206,0.14840032,0.3199279,0.09694411,0.062820286,0.0085827755,0.38913548,0.0941733,0.115112685,0.2652196,0.40083665,0.10036287,0.6614861,0.538015,0.45059136,0.34597358,0.18420717,0.12126162,0.07884508,0.30827868,0.07657341,0.0578345,0.46549115,0.36123183,0.398323,0.23242,0.33343932,0.049583532,0.1548901,0.27053064,0.33292773,0.18662205,0.2336049,0.38669923,0.6124007,0.08839144,0.18197668,0.10003883,0.2336494,0.0406127,0.045307525,0.13698213,0.08194933,0.09845133,0.82839435,0.1331108,0.18934882,0.05928472,0.58114517,0.019812401,0.099525765,0.43659678,0.23787102
BC2026_Train_0005_S08_20250607_070007_35,0.00691187,0.5896081,0.004510832,0.0048065237,1.1822636e-06,0.07008082,0.0029104094,0.004179889,0.0027965405,0.0001076313,0.006833035,0.004632353,0.0016541013,3.9051872e-07,3.785551e-06,0.012285319,0.00036020126,0.00040181685,0.008944071,0.010548353,0.014989615,7.525881e-05,0.014308421,0.0024860671,0.017761158,4.7219026e-05,0.023705974,0.044325836,0.05104082,0.07720227,0.06325112,0.00425887,0.63640296,0.01630455,0.013623734,0.0101491865,0.08544798,0.15854976,0.009252392,0.10565561,0.5370594,0.0073294146,0.12849179,0.011662322,0.620852,0.620852,0.773394,0.3348753,0.12504835,0.1974462,0.042033143,0.04394946,0.04394946,0.015404896,0.72988284,7.5048996e-07,0.0067613367,4.882777e-05,0.0001444846,0.017981265,0.010179487,0.00032288118,0.012270171,0.007882902,0.0015768936,0.0013593502,0.041299235,0.0004206141,0.0009738027,0.030225724,0.006556434,0.0004158578,0.162013,0.1521173,0.29711068,0.35864413,0.1770652,0.70449567,0.105068825,0.117446035,0.67432356,0.051208284,0.45434475,0.020161526,0.17277353,0.19004768,0.19406514,0.54210746,0.38691318,0.11933124,0.09113395,0.21117148,0.05717142,0.061310254,0.09258206,0.11674555,0.21079129,0.6124148,0.5019711,0.33680102,0.20028354,0.07841319,0.21319139,0.44454923,0.4136915,0.40302846,0.11554479,0.016438467,0.592421,0.15057296,0.12393862,0.26678333,0.10231175,0.23063286,0.102399476,0.6502863,0.13616723,0.14416635,0.067017466,0.93862075,0.41056907,0.44965085,0.24262394,0.7226517,0.06730935,0.25972655,0.1472568,0.5733047,0.10256647,0.15437275,0.22680536,0.39505306,0.09342736,0.33127746,0.33603635,0.051883314,0.36643425,0.30289784,0.26659808,0.109693445,0.022419857,0.5143386,0.2718777,0.34854412,0.04571319,0.083937526,0.4546582,0.043926325,0.30434176,0.20285596,0.25226238,0.08849127,0.63870865,0.09546526,0.63627064,0.19314188,0.10209887,0.04327885,0.21615408,0.07238223,0.14772175,0.34193125,0.04865161,0.21812995,0.32077974,0.16966978,0.10536358,0.23029032,0.12036952,0.78067833,0.5277001,0.08215691,0.16956091,0.15364109,0.3211974,0.049542867,0.16711521,0.18532147,0.4590996,0.24648975,0.30448076,0.02405977,0.25353953,0.50941455,0.04504939,0.045658227,0.014424892,0.230144,0.097265944,0.12724455,0.29809517,0.501524,0.1147874,0.49931964,0.5223119,0.3898986,0.6373332,0.1673905,0.16990294,0.052140195,0.18843743,0.10538248,0.17193422,0.30820638,0.36237645,0.43220305,0.5705962,0.26076818,0.08727975,0.22530198,0.22928415,0.4163285,0.12392339,0.3842861,0.3567882,0.64451814,0.14087689,0.23077936,0.0795549,0.42759082,0.067705534,0.04378014,0.08192697,0.1295234,0.048340544,0.8025584,0.11183581,0.16339603,0.18002081,0.6030102,0.017227842,0.09903454,0.3582151,0.21117085
BC2026_Train_0005_S08_20250607_070007_40,0.0066557634,0.53710604,0.0037298836,0.003751158,1.2303693e-06,0.06373743,0.00392117,0.0077451216,0.002094592,0.00013529527,0.009899834,0.00470982,0.0023577076,3.9357508e-07,4.5249108e-06,0.042254526,0.00045334265,0.00039611536,0.007714664,0.014488058,0.010829631,8.819915e-05,0.018009624,0.0024808967,0.012330704,5.232565e-05,0.11437509,0.046425857,0.04248307,0.09201032,0.044289894,0.00296475,0.57438976,0.010294152,0.013867085,0.0081061935,0.05946612,0.09648285,0.0050998013,0.08273763,0.42561454,0.004242057,0.10462408,0.008354032,0.5745143,0.5745143,0.72054136,0.25683007,0.07335724,0.12623824,0.03231011,0.033763472,0.033763472,0.009568421,0.7408769,8.387384e-07,0.006767357,3.5112513e-05,0.00020816734,0.01993268,0.013219915,0.00032683916,0.010389834,0.0069440235,0.0020196857,0.0011645354,0.018597092,0.00034925327,0.0012828627,0.037699226,0.0066371313,0.00042384226,0.13844055,0.069905765,0.34822056,0.10188139,0.1376953,0.6066181,0.057824835,0.1117911,0.57841295,0.031612616,0.5397607,0.022532046,0.18250468,0.27476496,0.15855925,0.17564532,0.47793746,0.08656853,0.08491916,0.18941839,0.10513448,0.039788812,0.069530286,0.15988667,0.20648047,0.6904469,0.23364662,0.20603873,0.222343,0.19029309,0.29179868,0.5045832,0.36862665,0.22839744,0.11075678,0.03623104,0.7635522,0.15580775,0.081480175,0.29652217,0.088988245,0.16571674,0.052711345,0.55510414,0.073316135,0.1396215,0.069288924,0.5137636,0.42088443,0.50961214,0.34865984,0.94618595,0.10243726,0.26204124,0.10958389,0.5723498,0.13948986,0.17560388,0.18403204,0.3539049,0.06536252,0.51231647,0.37022766,0.027225114,0.68053526,0.3513685,0.33129215,0.05342093,0.017288238,0.13716781,0.38502547,0.22193502,0.036675014,0.2231067,0.6665668,0.04177193,0.29718634,0.1329677,0.2994583,0.09446061,0.43107072,0.11655975,0.60326266,0.23406489,0.0801237,0.05711536,0.2454749,0.07584197,0.04880417,0.23217094,0.033597544,0.18943521,0.2048002,0.10653576,0.07040473,0.23545788,0.14253949,0.8751949,0.35863167,0.077813074,0.094038,0.115817726,0.4374364,0.13390993,0.3101174,0.174313,0.64627945,0.30744332,0.64417404,0.023308503,0.14629528,0.44912454,0.0720922,0.07102763,0.017073885,0.2610361,0.072925255,0.14546537,0.11283008,0.62531453,0.09507761,0.51947284,0.537203,0.55174047,0.4167198,0.15663414,0.12196235,0.07566242,0.1652937,0.08115781,0.07778283,0.3056109,0.34918627,0.5168263,0.43034634,0.57818556,0.070455976,0.17636745,0.21380505,0.3093507,0.14455858,0.27526924,0.22982948,0.5783968,0.13970102,0.2548873,0.1244045,0.4628113,0.054136906,0.06443987,0.24889125,0.33509862,0.052786857,0.8063768,0.07987176,0.18732934,0.07269856,0.5320691,0.03623564,0.056279402,0.68755203,0.21717496
BC2026_Train_0005_S08_20250607_070007_45,0.008700609,0.56091267,0.005506325,0.006050611,1.1168862e-06,0.11064328,0.0076532597,0.0065064076,0.0026650983,0.00012137968,0.005886609,0.009729262,0.0021340996,4.2190428e-07,3.4671584e-06,0.028069852,0.00040940088,0.00038610573,0.017047765,0.015927719,0.015789451,9.383754e-05,0.014386874,0.0017762185,0.014846122,4.825356e-05,0.05474069,0.059552748,0.042391945,0.08343025,0.048194073,0.0026551737,0.60757536,0.010297022,0.013759684,0.0068229036,0.058788475,0.107890725,0.0063417726,0.0659012,0.4941136,0.005059801,0.09808941,0.008571526,0.6005975,0.6005975,0.74518144,0.28876722,0.08701323,0.13844278,0.03041925,0.030981569,0.030981569,0.01188989,0.72570026,6.353097e-07,0.006756818,4.3335473e-05,0.00021563031,0.019873343,0.027128303,0.00029659923,0.009336984,0.0068058767,0.0019628075,0.000943029,0.022731746,0.00041759957,0.0012222982,0.04275742,0.006596494,0.0003751557,0.111071385,0.08369621,0.18121165,0.10870309,0.127873,0.61441374,0.10282435,0.16203927,0.5673986,0.0510006,0.5207519,0.025308827,0.19656758,0.20479634,0.2561187,0.29477632,0.2936513,0.107450865,0.084482804,0.17406358,0.1102804,0.03340907,0.095237955,0.18893033,0.22827606,0.73588693,0.18412423,0.21387462,0.17022085,0.16579643,0.2526563,0.4321136,0.37345478,0.14838049,0.21936086,0.036448523,0.64939797,0.14531726,0.07666332,0.2585017,0.08918756,0.18828389,0.06921121,0.5058963,0.08285851,0.13569173,0.058422912,0.61411077,0.61294645,0.4917387,0.37048936,0.84152055,0.07432859,0.39071572,0.17052366,0.3465128,0.10701183,0.18607123,0.23632449,0.39948756,0.09764012,0.279759,0.31582984,0.047503084,0.47132316,0.37256217,0.2892023,0.06575613,0.017265527,0.15018754,0.22231132,0.17976093,0.044546623,0.103872575,0.4918388,0.029085036,0.22311045,0.14828284,0.25290793,0.09773344,0.3499431,0.11621075,0.8338412,0.1944667,0.05658332,0.10171375,0.15891246,0.11834431,0.13701218,0.26496732,0.052151036,0.20440522,0.21355751,0.12224249,0.13823107,0.3696395,0.11719304,0.77798134,0.2614803,0.07845239,0.15224531,0.16381684,0.43380877,0.11784614,0.6365893,0.20361903,0.31374252,0.38173556,0.32971033,0.018258302,0.19136888,0.34806615,0.112565555,0.069440335,0.0148385195,0.27870983,0.106025875,0.1595756,0.1435049,0.36530393,0.055311672,0.48084503,0.4654625,0.38675103,0.26358828,0.11361953,0.21267076,0.077281594,0.13825448,0.102901936,0.06350774,0.24613102,0.31842655,0.4279681,0.33593854,0.34558257,0.06744488,0.115030184,0.1453537,0.32790348,0.22589016,0.32646027,0.2665704,0.45796278,0.09787189,0.2333085,0.08791636,0.36363536,0.052613303,0.04635264,0.1163141,0.3431001,0.05783453,0.720142,0.08095907,0.23613094,0.09763684,0.5335316,0.012346463,0.07371644,0.30858132,0.24225685
BC2026_Train_0005_S08_20250607_070007_50,0.0050389534,0.5724748,0.00315047,0.0036246683,1.1072432e-06,0.0633625,0.0031361245,0.0042754896,0.002449478,0.00011624448,0.005616865,0.003556178,0.0019559548,3.8260112e-07,4.218551e-06,0.011602266,0.0004280106,0.0004182263,0.018726466,0.01078213,0.01927482,6.7926005e-05,0.019642541,0.0024020774,0.015280187,4.8981896e-05,0.027007122,0.040036768,0.036668614,0.077467814,0.067921534,0.004221602,0.654652,0.01743171,0.01373501,0.010084019,0.08716158,0.14423728,0.0097260205,0.111646034,0.52763236,0.0072451737,0.12741137,0.011893646,0.6068756,0.6068756,0.75638723,0.34648767,0.1151738,0.17348151,0.04156084,0.04445532,0.04445532,0.015821416,0.7336156,7.9931635e-07,0.0068049813,3.3659097e-05,0.00018248487,0.020600222,0.0128251035,0.0003229346,0.009647106,0.0054816226,0.0015496555,0.00121032,0.022081908,0.0003402115,0.0008856657,0.027147474,0.0065550767,0.0003059513,0.14038841,0.07529678,0.18541339,0.20697552,0.11504141,0.7250667,0.124789774,0.2415662,0.2886727,0.034394413,0.49378768,0.02771561,0.1963726,0.33816335,0.2531684,0.3120211,0.2831261,0.16063504,0.09221946,0.23027426,0.03951797,0.056023367,0.048977196,0.13223396,0.17880407,0.8069875,0.19195104,0.13899079,0.23618466,0.11198732,0.36780593,0.4911059,0.37380612,0.18355739,0.1156164,0.021011475,0.73483825,0.26990575,0.1259216,0.34570888,0.09829797,0.24338274,0.063097954,0.64830005,0.069863215,0.13481447,0.063062206,0.7364183,0.74609536,0.5718087,0.4589407,0.9150403,0.053890508,0.40898213,0.14249636,0.68831766,0.12574059,0.32878923,0.12412322,0.3848423,0.08213937,0.64608157,0.26975268,0.037051253,0.52985346,0.3622371,0.3080814,0.08749265,0.017601185,0.12425858,0.3046414,0.27609205,0.051511064,0.15779884,0.6087731,0.08503093,0.4296511,0.20141847,0.2481228,0.10269508,0.34957102,0.10252596,0.59630525,0.19219273,0.07980952,0.0672689,0.18999466,0.06704069,0.051656876,0.3089908,0.04470761,0.20836496,0.34341317,0.21297464,0.19260284,0.33258456,0.2104325,0.83724546,0.24683236,0.0511437,0.14087912,0.16172701,0.39428064,0.11919681,0.2340454,0.25222474,0.40355632,0.38159192,0.6393512,0.020541359,0.27604946,0.2626747,0.064383134,0.045210715,0.02482619,0.37418318,0.10172958,0.2288281,0.1861384,0.42332548,0.098561265,0.5181808,0.44694832,0.54109955,0.5553821,0.14354302,0.18012454,0.050766017,0.23909317,0.09457488,0.08633865,0.42063883,0.5046093,0.3745577,0.28098136,0.5703222,0.06071093,0.16206829,0.25640908,0.4139904,0.15494406,0.2512153,0.3307758,0.86016214,0.14833546,0.31619456,0.14505567,0.111111194,0.04270234,0.06227541,0.1436969,0.2576877,0.05560513,0.8787119,0.07730372,0.20371136,0.08353539,0.55061483,0.028543351,0.10657151,0.3177063,0.2731255
BC2026_Train_0005_S08_20250607_070007_55,0.008903186,0.60076094,0.00336782,0.007862276,1.0994576e-06,0.110920794,0.0034747736,0.004236062,0.0025315857,0.00012046905,0.010263482,0.005183757,0.0016816094,5.024654e-07,3.2846344e-06,0.014555557,0.0003852138,0.00045404772,0.016632773,0.01863744,0.015236469,9.539453e-05,0.011972908,0.0034116276,0.018301584,4.7705667e-05,0.024915414,0.05324146,0.04148489,0.079200454,0.07180723,0.0048163505,0.67686313,0.016517181,0.013677589,0.009868626,0.09840463,0.19639476,0.011842544,0.11608436,0.55909884,0.008922538,0.13308688,0.013427885,0.55841374,0.55841374,0.77591586,0.37643367,0.16341285,0.23617367,0.043686274,0.04549457,0.04549457,0.019626206,0.7285729,7.1979457e-07,0.006821368,5.3434887e-05,0.00016966421,0.020949958,0.014461225,0.00034585738,0.010779121,0.0065345275,0.0019315268,0.0013333827,0.039394446,0.00051712303,0.00095396076,0.03238569,0.0065891067,0.0003800647,0.1509821,0.07968484,0.22264738,0.101015754,0.15805534,0.72152025,0.09212625,0.31486034,0.44763362,0.0351766,0.4299656,0.020005401,0.102132134,0.18964607,0.15148865,0.41216153,0.21959943,0.15030499,0.093478255,0.20295648,0.0356893,0.060032055,0.07954541,0.07078214,0.46845186,0.8526417,0.414854,0.23932694,0.21686184,0.073349625,0.33450574,0.51847327,0.32346445,0.33840114,0.1181772,0.018410742,0.53892404,0.23691267,0.14879048,0.27126354,0.06028428,0.17828813,0.07600762,0.66452676,0.1285591,0.13052149,0.06739303,0.94652265,0.7357231,0.5870779,0.44773802,0.52760696,0.06589456,0.52060455,0.2865075,0.85081524,0.1350381,0.25956434,0.1103655,0.3331947,0.21738492,0.547518,0.2975226,0.046783876,0.5566276,0.41827834,0.267914,0.11974513,0.022174435,0.3321223,0.1951901,0.28435838,0.06810741,0.089801356,0.5140669,0.04264969,0.46430498,0.14976929,0.21359253,0.13591252,0.4413998,0.09480825,0.387144,0.19034566,0.10031965,0.040373247,0.1585468,0.058264133,0.14334491,0.33070508,0.054326747,0.20347714,0.42055655,0.21187976,0.108368814,0.23404147,0.1546377,0.7696826,0.54725635,0.12841752,0.14157242,0.11017121,0.2493413,0.12619607,0.34013656,0.18765703,0.3001064,0.36880547,0.38183403,0.01726377,0.1405945,0.24449313,0.080738045,0.078868784,0.0131776575,0.21501705,0.09650305,0.086108446,0.2253944,0.4008827,0.079785965,0.65011084,0.44959357,0.33956203,0.43148735,0.1606994,0.13752809,0.033718567,0.22870676,0.07233492,0.053864066,0.38343418,0.39968774,0.4244274,0.37631202,0.30335292,0.050845914,0.24211197,0.31474307,0.2785527,0.2541361,0.23587042,0.29551995,0.6320699,0.16093521,0.27663982,0.072702445,0.19952773,0.038696844,0.06399758,0.14409775,0.08766497,0.07774371,0.8774458,0.072667554,0.14246282,0.11061771,0.40988275,0.012347874,0.10330394,0.33836618,0.24368913
BC2026_Train_0005_S08_20250607_070007_60,0.0039034947,0.40183508,0.004412788,0.0020647892,1.5296408e-06,0.04716069,0.0042051114,0.004392579,0.0021863491,6.855408e-05,0.004628855,0.00582307,0.0018129332,3.6573644e-07,3.8755124e-06,0.019215876,0.000623367,0.0004589599,0.006996035,0.028985074,0.014492916,5.779534e-05,0.013112743,0.003693275,0.023616036,5.0088565e-05,0.022170063,0.061350167,0.0243681,0.078677356,0.028679034,0.0025029827,0.5252989,0.0067514977,0.013198604,0.0051401886,0.052230865,0.089944825,0.0042200037,0.064128965,0.3221443,0.0036818483,0.07370195,0.0072102854,0.6284989,0.6284989,0.62359446,0.16579112,0.056461472,0.09729804,0.022719286,0.024207445,0.024207445,0.007924401,0.67516464,7.849202e-07,0.0066712885,5.54231e-05,0.00020102257,0.07017993,0.01577572,0.00030225178,0.009411691,0.010029957,0.0061617945,0.0011890273,0.036961637,0.0004297817,0.001121375,0.022787936,0.0064863577,0.00044513616,0.19506991,0.11801045,0.106048174,0.2470437,0.16532758,0.7435691,0.16852987,0.15903121,0.26172525,0.028970242,0.45778975,0.017055484,0.14326663,0.15390354,0.35267302,0.20934041,0.34801018,0.1425067,0.11358177,0.20710747,0.05282849,0.048425265,0.12527992,0.06728669,0.16940825,0.60164505,0.23662904,0.29394335,0.22422779,0.31895357,0.21965651,0.32441238,0.38246718,0.167904,0.1192291,0.016439665,0.39212406,0.13090873,0.10904787,0.28035605,0.09262791,0.1812373,0.14339317,0.61202073,0.0935936,0.10399219,0.057096317,0.69243896,0.37528512,0.6160633,0.23391499,0.423692,0.07803327,0.4036572,0.15090014,0.92850685,0.123442896,0.30803126,0.1971531,0.36260334,0.12513193,0.29148734,0.13360855,0.03266721,0.60113364,0.3277166,0.2757818,0.05569894,0.017936006,0.34516686,0.18243411,0.23102705,0.03503705,0.38319966,0.80132425,0.038244322,0.28981194,0.18172309,0.23637718,0.09935014,0.25151095,0.0694871,0.6274641,0.11644422,0.15200248,0.07432895,0.11516923,0.07189459,0.05886629,0.49322078,0.03973137,0.24343348,0.23037633,0.1091948,0.19048089,0.32026917,0.16952685,0.6313119,0.26440695,0.23346059,0.08053901,0.29852578,0.5029164,0.059421804,0.57846844,0.34589204,0.28790194,0.44997853,0.52726364,0.023646867,0.30591792,0.19030763,0.04583555,0.06596734,0.0099771265,0.26243633,0.06600003,0.10890297,0.13154253,0.27047157,0.11205667,0.4929768,0.41565806,0.33942384,0.26778042,0.14046575,0.22926778,0.052756995,0.2031918,0.104249805,0.044111863,0.39340466,0.5410619,0.26828417,0.36135545,0.31674236,0.120400764,0.174043,0.16864653,0.32133678,0.22042406,0.16271022,0.21883094,0.5634129,0.11218043,0.20571084,0.13576245,0.15236548,0.040033367,0.047704745,0.17192297,0.15544067,0.027442593,0.8991898,0.10035678,0.1536127,0.078014694,0.4027693,0.01604149,0.12665679,0.36902645,0.22188604
BC2026_Train_0006_S09_20250828_000000_5,0.0017491665,0.062397577,0.0012221421,0.13458392,1.9286838e-06,0.07946445,0.002888832,0.003273598,0.0022422017,0.0024145332,0.017402712,0.0016957865,0.0007806197,2.4922198e-07,6.8997097e-06,0.0059890435,0.0002975834,0.00034885426,0.016444534,0.017574318,0.006316793,0.00011807537,0.012651945,0.0057533514,0.043492004,4.7410562e-05,0.013705076,0.06316565,0.01391509,0.12748323,0.04620669,0.0066049714,0.13445559,0.15523705,0.0049189287,0.019441795,0.16284455,0.018840374,0.014897023,0.1531527,0.14965418,0.014670112,0.09974386,0.012472201,0.01092805,0.01092805,0.097289644,0.00806432,0.009455014,0.011189176,0.023361668,0.025530582,0.025530582,0.039291847,0.3181573,1.7734135e-06,0.25950176,0.0002854969,0.00018832106,0.011279265,0.013796147,0.0004290047,0.010267877,0.008413194,0.002269745,0.004221605,0.022481067,0.00062118797,0.0009697862,0.0296452,0.008043553,0.0006491596,0.097295724,0.1819982,0.12366988,0.15866025,0.12629458,0.4211397,0.082196675,0.110375546,0.03208829,0.047894552,0.13794996,0.011997054,0.060999405,0.13121329,0.06869775,0.11958604,0.19511458,0.04658824,0.16403455,0.11272843,0.017716737,0.13254207,0.0682327,0.20090762,0.038882412,0.5972069,0.07100319,0.03967782,0.31833425,0.05639756,0.6456088,0.6699822,0.862871,0.08761717,0.04474012,0.015977748,0.12365854,0.13221553,0.073805235,0.7867159,0.026522502,0.41175354,0.07583785,0.41182274,0.042459343,0.17501356,0.049383543,0.59332657,0.19513573,0.50634605,0.28967577,0.43117508,0.077250965,0.05741541,0.11190606,0.0699492,0.06985236,0.36582223,0.05066852,0.39989957,0.06099875,0.06527999,0.12151024,0.020098746,0.42649472,0.44945598,0.13323733,0.5244588,0.016148401,0.2578031,0.0491899,0.13010883,0.115632944,0.056349088,0.37602204,0.086066365,0.40058064,0.16718085,0.04849208,0.050622284,0.10086356,0.16055283,0.13671543,0.050051454,0.29871744,0.05862042,0.26293135,0.04932773,0.0714501,0.1575793,0.049723197,0.2636504,0.0894694,0.22194633,0.41410738,0.08424117,0.10482718,0.45865703,0.30017608,0.011368801,0.047820587,0.25984827,0.2134153,0.05554375,0.029842004,0.19454245,0.23924582,0.33755702,0.25594622,0.045844506,0.2838476,0.101458326,0.049665254,0.022597436,0.040097732,0.083796,0.092865475,0.34581646,0.15072957,0.13368857,0.26302662,0.20915295,0.28703192,0.42299652,0.56030285,0.26499987,0.07068614,0.041713268,0.17204125,0.11158081,0.05619556,0.31376842,0.1912008,0.19806534,0.16528855,0.33474687,0.04052729,0.09825481,0.17038126,0.39682752,0.059241425,0.15837626,0.7372686,0.95183796,0.2176598,0.09571746,0.12599003,0.030780291,0.0855384,0.034831274,0.036357954,0.041867074,0.07693562,0.6777053,0.036862835,0.11834686,0.044771925,0.1337484,0.009567317,0.04915224,0.08993103,0.26177737
BC2026_Train_0006_S09_20250828_000000_10,0.0016872026,0.056428667,0.0012684178,0.09460669,1.5801141e-06,0.1079144,0.0031162864,0.0025627383,0.002636278,0.0023948082,0.03915663,0.0020033817,0.0010743553,2.5802356e-07,6.148627e-06,0.0111056985,0.00029704528,0.00035340543,0.017437017,0.013453347,0.0042426777,0.00013715251,0.01929017,0.008671937,0.041155454,5.7551606e-05,0.015970962,0.072433434,0.013526231,0.21173352,0.039952964,0.0056742523,0.14747232,0.11151365,0.0047202487,0.015195648,0.13395056,0.01697346,0.01224769,0.16078776,0.1342085,0.01360822,0.078942604,0.0114344265,0.011695779,0.011695779,0.088669494,0.0069171484,0.00852002,0.00975127,0.019142319,0.020527666,0.020527666,0.03422338,0.3148982,1.7091048e-06,0.25965124,0.00032651745,0.0001682727,0.0058277627,0.011939604,0.0005138358,0.012533176,0.009725454,0.0036638344,0.0031996358,0.025524078,0.0004440349,0.0010963166,0.034899354,0.007927517,0.0005139802,0.10366424,0.08348452,0.16485801,0.26386684,0.12703742,0.29785377,0.25696614,0.20564862,0.036105514,0.04850291,0.11057068,0.016192768,0.04164935,0.18125136,0.0989479,0.077566646,0.17783773,0.057863235,0.16779767,0.13686725,0.024761656,0.19299981,0.09315652,0.32738993,0.039171893,0.82948387,0.09519797,0.055155188,0.23170629,0.2345702,0.60913545,0.6292424,0.7778332,0.18461253,0.04829771,0.020544402,0.08276791,0.11929226,0.06164824,0.6384478,0.025793372,0.302971,0.10877308,0.19092385,0.05102467,0.29699022,0.054788295,0.39652488,0.14560631,0.3623269,0.21802261,0.3882657,0.12269118,0.057261135,0.050174925,0.039649215,0.048939914,0.71695393,0.10377105,0.4644514,0.06605041,0.06677483,0.061642308,0.021541743,0.47549915,0.43554965,0.21889819,0.27900478,0.023806611,0.19016466,0.03707586,0.07045513,0.27816,0.054810185,0.7592477,0.17503186,0.26666707,0.17360334,0.053674586,0.034272313,0.062351666,0.13062721,0.11291325,0.03169428,0.2777746,0.07389155,0.5409813,0.2050393,0.10455268,0.09610668,0.12731312,0.23293594,0.0731655,0.40398166,0.34991136,0.1634373,0.17070912,0.30126113,0.23520058,0.0060238517,0.05378304,0.2520339,0.37943864,0.09624342,0.049333047,0.11417675,0.11763839,0.23468609,0.25143945,0.027016956,0.26112124,0.07329723,0.10039329,0.039920203,0.040383045,0.07286382,0.08809233,0.64026695,0.08107746,0.07797464,0.12487135,0.31343696,0.24818802,0.38974673,0.35398453,0.18188922,0.07507046,0.14862454,0.11236809,0.08486581,0.060631793,0.5765306,0.15096368,0.16357084,0.14941698,0.35093614,0.04004577,0.13707371,0.13454145,0.44791588,0.064027384,0.16711785,0.738016,0.94048524,0.2224349,0.20527509,0.078003675,0.021285674,0.0635758,0.037138056,0.039309092,0.026053727,0.24739294,0.6352821,0.052425813,0.21833879,0.031803302,0.07388919,0.016429557,0.041614786,0.08945808,0.19790599
BC2026_Train_0006_S09_20250828_000000_15,0.0013254042,0.054371234,0.0013163409,0.14239934,1.5798685e-06,0.15865524,0.002904994,0.0028516143,0.0021463428,0.002650651,0.038894437,0.0017093277,0.0008310412,2.5523264e-07,6.5114045e-06,0.015207936,0.00023331183,0.00032634733,0.0681943,0.010625978,0.004792278,0.00023473297,0.007958249,0.0024869174,0.03099446,5.0016763e-05,0.013307744,0.10340016,0.011458874,0.18683432,0.03866209,0.0037799752,0.13657807,0.058485825,0.0050027887,0.009927104,0.1425796,0.010481146,0.008384058,0.14828177,0.09009244,0.010009979,0.074569,0.008014601,0.0057753185,0.0057753185,0.06589304,0.0047676074,0.005041832,0.0061472924,0.01997613,0.020965004,0.020965004,0.02491551,0.51179606,1.6736433e-06,0.26336432,0.0002859435,0.00012985806,0.006809728,0.01594949,0.00052623067,0.008771025,0.018154383,0.0038822554,0.0022208032,0.024905467,0.0004023817,0.0018298832,0.028749352,0.0081626,0.0005859842,0.07621115,0.07090803,0.100865215,0.27216145,0.16138628,0.27699625,0.2690606,0.31107584,0.02846992,0.054975554,0.09080781,0.010663876,0.046498116,0.19363965,0.085721016,0.11995856,0.14016657,0.07105465,0.16833656,0.13099745,0.025111575,0.2463527,0.14211126,0.289957,0.04776437,0.9016015,0.14175439,0.08176604,0.22016412,0.09200259,0.58525807,0.6143231,0.7470426,0.13545427,0.044377647,0.0085142255,0.091739886,0.13968995,0.06660637,0.7665982,0.027617231,0.35898003,0.053117566,0.276907,0.054681942,0.4036378,0.05362917,0.46198532,0.09589853,0.40219912,0.27462858,0.41304252,0.12946641,0.06401471,0.049680173,0.0443547,0.04991884,0.7217923,0.08312131,0.41573167,0.103253186,0.06923309,0.09005881,0.026739124,0.43753448,0.50338066,0.092608176,0.20753919,0.019431913,0.25035217,0.033803597,0.086838976,0.15423629,0.047698054,0.48689112,0.05944968,0.4401972,0.19222437,0.04204424,0.036809616,0.07713246,0.096751325,0.22487594,0.0715912,0.16903389,0.098401636,0.6401082,0.15612334,0.10621181,0.12024592,0.1741302,0.25159323,0.16731204,0.5355392,0.26188496,0.12128359,0.16935113,0.40713602,0.28391454,0.0056930133,0.08579706,0.31983027,0.1710385,0.055473253,0.026049754,0.13976222,0.12226066,0.5511412,0.2801811,0.031282395,0.25387537,0.077015005,0.064535335,0.06011196,0.03648672,0.0756211,0.1336277,0.36649644,0.08646967,0.12363408,0.11364518,0.22863278,0.21572417,0.28719732,0.46879312,0.29756114,0.07367891,0.17697436,0.13846499,0.09263744,0.06270801,0.34832957,0.18233873,0.17128775,0.23947632,0.44916105,0.045552865,0.13960811,0.16191046,0.37753442,0.13502972,0.18573835,0.67892575,0.47999555,0.10939635,0.22472109,0.121937335,0.027818816,0.06235768,0.034733362,0.036088973,0.020934293,0.32419705,0.76611286,0.049778532,0.19235829,0.032818522,0.10560419,0.015431303,0.023908611,0.079711534,0.24202594
BC2026_Train_0006_S09_20250828_000000_20,0.0015832661,0.060304645,0.0012297311,0.17074576,1.8185735e-06,0.09531058,0.003546833,0.003509544,0.002924285,0.0024359727,0.041252557,0.0017271674,0.0008771472,2.5349215e-07,6.1474616e-06,0.012825039,0.00026331082,0.00036970063,0.05466328,0.007455082,0.0055462387,0.00021382446,0.018662494,0.007393094,0.031150071,5.1845414e-05,0.020334495,0.12747575,0.014569317,0.1519017,0.06178488,0.0059343507,0.14204316,0.0854827,0.0049777743,0.0150247635,0.26596245,0.0153095685,0.013502549,0.12183558,0.14166738,0.016714908,0.12028856,0.01198851,0.00857025,0.00857025,0.093028754,0.0072550923,0.006529836,0.008244426,0.030206019,0.032397427,0.032397427,0.041858695,0.47070396,1.6261699e-06,0.26336458,0.00025283624,0.00018455675,0.00890504,0.013432416,0.0006248315,0.0112706935,0.016075194,0.0038085575,0.0028055639,0.04452942,0.00034314505,0.000909303,0.025157558,0.008104257,0.0005823779,0.09521587,0.07996644,0.099493444,0.1909197,0.15448129,0.31311885,0.1393456,0.34127986,0.031173477,0.05037277,0.1234044,0.032283224,0.033299755,0.2259352,0.12608437,0.13598342,0.2088981,0.07146566,0.20820712,0.09256094,0.024964198,0.3513878,0.0931543,0.19783734,0.04880864,0.8238739,0.10448419,0.049159702,0.30405906,0.08642366,0.4409012,0.6630868,0.7746791,0.09088439,0.055042677,0.01181335,0.115533575,0.18390636,0.053819686,0.4176128,0.022539658,0.49911088,0.072846755,0.34181678,0.0762003,0.18927833,0.062129587,0.44815496,0.09958759,0.3149976,0.36243343,0.42898983,0.08683571,0.0741643,0.04107902,0.05093732,0.05388392,0.39605844,0.04392589,0.42019126,0.08389213,0.066718735,0.17024769,0.03620104,0.3391317,0.33159655,0.09530038,0.2597305,0.02738012,0.3575444,0.048324272,0.09120713,0.15177591,0.08519114,0.48522973,0.041986305,0.5085142,0.2006022,0.048768677,0.03881352,0.07476395,0.11609823,0.16726173,0.054431085,0.0724863,0.06828963,0.4661623,0.09863324,0.107318796,0.30087867,0.13124834,0.27633503,0.09005971,0.37404147,0.30718204,0.18164925,0.12813602,0.5006846,0.26182166,0.0076792724,0.10707476,0.38632226,0.32891512,0.03710628,0.033127386,0.3256419,0.16581358,0.34899738,0.29884714,0.029642051,0.32571682,0.08103854,0.039878715,0.046033084,0.029007133,0.10722445,0.13213235,0.21312806,0.08892251,0.15493305,0.1488037,0.23022926,0.26753253,0.37314343,0.61598235,0.39524612,0.045649175,0.17303015,0.1812976,0.10323579,0.079134405,0.46300185,0.14470892,0.16452579,0.14833593,0.46118832,0.04139647,0.15975347,0.1493056,0.42694268,0.20228788,0.17297849,0.71279,0.6370648,0.13366038,0.08533463,0.11418925,0.032690123,0.076050065,0.040906664,0.06974407,0.031694643,0.15738869,0.77970535,0.051888924,0.22062962,0.023267861,0.14508644,0.0113390535,0.030520268,0.08624614,0.26384497
BC2026_Train_0006_S09_20250828_000000_25,0.0017542877,0.059481613,0.0014691625,0.038089883,2.1945327e-06,0.07290878,0.0034181445,0.0025873694,0.0025514637,0.0020799527,0.020744974,0.002049366,0.0009233539,2.7581243e-07,5.389475e-06,0.0065026204,0.00026379823,0.0003803116,0.014557727,0.0068565756,0.006137819,0.00011938566,0.01994283,0.007730357,0.038192935,5.8642294e-05,0.017734634,0.064026415,0.012231529,0.15528028,0.044596966,0.0063878316,0.14119087,0.13282067,0.004821814,0.019013913,0.17037092,0.022909189,0.01568177,0.15221049,0.16021815,0.015578767,0.094445206,0.012695501,0.015955256,0.015955256,0.115375064,0.008181835,0.009948301,0.0118387705,0.022320317,0.024407482,0.024407482,0.042811107,0.251627,1.831955e-06,0.26152244,0.00033851492,0.00023924743,0.008290974,0.011110416,0.00057836296,0.011268996,0.013385975,0.0020233602,0.0031861593,0.01923323,0.0004888324,0.0016594393,0.034329485,0.008053134,0.00056344725,0.17050022,0.11035324,0.10264943,0.112120464,0.11116464,0.34227386,0.19638152,0.089593135,0.05545893,0.044142976,0.12689516,0.010576323,0.07021131,0.17528893,0.104291596,0.10644079,0.23069516,0.11970944,0.17279193,0.09514491,0.039794266,0.17128514,0.12665461,0.21492125,0.039571855,0.60696554,0.098481864,0.05927179,0.33334494,0.14557797,0.5910355,0.6819645,0.6913237,0.05799496,0.04527307,0.011320537,0.16393921,0.17263345,0.10721754,0.66975594,0.03477464,0.4130705,0.13433534,0.44811365,0.048153047,0.18912543,0.046188146,0.36964506,0.15049452,0.26225075,0.3558663,0.4695804,0.11802022,0.16118394,0.050883483,0.046152953,0.0653952,0.6197924,0.05106068,0.49167728,0.061080016,0.07400168,0.113480724,0.031376477,0.7535175,0.29339108,0.12957574,0.26227438,0.024130072,0.2509704,0.04427394,0.14103198,0.107027866,0.055103544,0.61055994,0.09889161,0.4248512,0.18610221,0.06172805,0.048328325,0.08744595,0.109830424,0.13060054,0.058131117,0.11673345,0.07968187,0.32254252,0.06312276,0.2310034,0.17335309,0.07378951,0.37575942,0.10329423,0.32616213,0.3096626,0.31619015,0.2961497,0.36832088,0.23344348,0.012486468,0.07549218,0.55823374,0.51983815,0.03751906,0.039104678,0.21575932,0.1759598,0.20940216,0.31755516,0.032889124,0.19121799,0.11817545,0.04031553,0.042000864,0.035094842,0.111820266,0.095428914,0.62627596,0.093583696,0.14025863,0.10495819,0.21266241,0.5378173,0.4491022,0.46891576,0.1859303,0.058231857,0.08088772,0.112741984,0.093404345,0.060586836,0.40859312,0.19223572,0.16167459,0.19081889,0.32736507,0.035355754,0.12298,0.16434886,0.62816626,0.062932454,0.1800158,0.7057892,0.939409,0.21227546,0.13815194,0.15619645,0.071495034,0.064036064,0.050203312,0.034121875,0.03348576,0.06739189,0.69842446,0.05569173,0.14534453,0.041979827,0.16496988,0.008850697,0.067654535,0.10740593,0.25357646
BC2026_Train_0006_S09_20250828_000000_30,0.0018460955,0.0844824,0.0013525578,0.12850618,3.2034104e-06,0.080166414,0.00372608,0.0033044736,0.002841706,0.0028606649,0.039343577,0.0023323875,0.0010050179,2.6961246e-07,7.403499e-06,0.016108306,0.00029487073,0.00032949512,0.025510088,0.0069968184,0.007357698,0.0002399472,0.01651634,0.0133692,0.045919403,4.8373873e-05,0.023920251,0.07793178,0.013491336,0.17948142,0.06514373,0.007955337,0.17580745,0.12321252,0.005165733,0.020673234,0.22875512,0.020387549,0.01672752,0.18145134,0.1889292,0.021318804,0.15655386,0.016042523,0.019433826,0.019433826,0.14630157,0.010816587,0.010376766,0.013137106,0.03802315,0.040597454,0.040597454,0.052995134,0.49586168,1.6107364e-06,0.2658033,0.00028789212,0.00017125874,0.007878754,0.009602213,0.00048409164,0.01348169,0.0226188,0.003910572,0.003461597,0.026762385,0.00046171786,0.0010391092,0.029486313,0.008305291,0.0006430019,0.107920855,0.077158146,0.11659102,0.16437672,0.20713429,0.39833212,0.15444963,0.15136744,0.04733621,0.13802046,0.097028114,0.013530893,0.052161764,0.13787025,0.08158308,0.12816158,0.21436559,0.08699748,0.26210183,0.08520708,0.02284117,0.24198383,0.07474992,0.10957099,0.042812474,0.85347146,0.11316715,0.058792636,0.33467644,0.17663744,0.32834437,0.67711765,0.66643655,0.095653534,0.045364976,0.020292766,0.12092842,0.10478558,0.052882794,0.43186915,0.04508278,0.2490556,0.2723756,0.2516953,0.058393247,0.12331797,0.054899592,0.4030657,0.08240443,0.2080737,0.2872819,0.44182718,0.06148489,0.08517694,0.054448325,0.034635413,0.06979126,0.16539949,0.073159754,0.5323966,0.070567116,0.059957355,0.13284734,0.040336017,0.24144012,0.28425252,0.088208385,0.35162285,0.014754808,0.205873,0.032476265,0.08731675,0.14481658,0.13862976,0.40137285,0.047189396,0.45079994,0.17158534,0.084727675,0.0347796,0.10182665,0.07811049,0.13286597,0.07037552,0.10923728,0.09430103,0.2608209,0.07116441,0.10384612,0.13971785,0.07233658,0.19988827,0.18881302,0.3271932,0.17306337,0.12544848,0.11448534,0.49611297,0.21994802,0.008697499,0.08676365,0.2826983,0.48688033,0.04781487,0.06425768,0.11370407,0.1750851,0.20475776,0.21110772,0.035585716,0.25958294,0.0917381,0.038028136,0.032182213,0.0288187,0.11664181,0.139153,0.1964114,0.09796546,0.121187836,0.0919868,0.18067761,0.34653577,0.41356462,0.3371171,0.2620061,0.043085173,0.07038532,0.08703244,0.094899766,0.08524532,0.24244319,0.12075754,0.16695926,0.15570398,0.37563354,0.066526264,0.07802254,0.13785854,0.30872092,0.07239569,0.16165976,0.6896445,0.5901534,0.15793468,0.085726865,0.082016,0.047889184,0.06662003,0.03523331,0.044032454,0.031186774,0.09039681,0.73810506,0.04410077,0.12312883,0.044326,0.15515326,0.010653823,0.044906057,0.1448684,0.31043997
BC2026_Train_0006_S09_20250828_000000_35,0.002414556,0.08202541,0.0012999581,0.31821355,1.9221584e-06,0.087844945,0.0052736057,0.0043609585,0.0031630276,0.0043645757,0.0476946,0.0021193633,0.00078021386,2.8990243e-07,6.4627416e-06,0.010776069,0.00028061587,0.00030828879,0.022768129,0.009070194,0.0072174664,0.00016337629,0.01722566,0.007549083,0.049529348,5.1271465e-05,0.019180931,0.08147568,0.012939026,0.15264636,0.06609816,0.007189946,0.17483895,0.1477963,0.0050222883,0.020533277,0.23419365,0.022573119,0.018521186,0.17706184,0.21437897,0.021116009,0.12448757,0.014472755,0.010974957,0.010974957,0.121664904,0.009554489,0.011360031,0.013847777,0.029549846,0.032021865,0.032021865,0.05332948,0.5058613,1.7840616e-06,0.2658889,0.00025170358,0.000195118,0.007562176,0.011972986,0.00056230166,0.010616874,0.011991985,0.0031754698,0.0033966387,0.02104128,0.00048230577,0.0011095459,0.024712533,0.008259594,0.0005805166,0.08576791,0.062127292,0.168255,0.15739527,0.10314617,0.32543054,0.08537949,0.32871035,0.033936016,0.045145396,0.13927114,0.010075917,0.05599827,0.26071236,0.0766166,0.1624967,0.22527719,0.057733368,0.21418387,0.09933033,0.019978607,0.45711938,0.084417656,0.20742333,0.066008516,0.78110904,0.10144797,0.0397409,0.32100663,0.070046775,0.36227104,0.7745533,0.7624461,0.09330835,0.04807025,0.017676901,0.11908026,0.14524809,0.07699783,0.85835165,0.02844337,0.54449344,0.09430288,0.29600447,0.058408342,0.20750688,0.04660211,0.5726369,0.12847736,0.24588658,0.2560192,0.39557192,0.10731839,0.07806681,0.053547453,0.04355216,0.053689294,0.49251872,0.10778004,0.36949813,0.073738955,0.070184015,0.13434343,0.032472312,0.33084902,0.38147122,0.13746695,0.2329059,0.021134255,0.23817277,0.05445996,0.13500097,0.13878852,0.05715412,0.441924,0.10522881,0.46017474,0.14595278,0.041534748,0.06520838,0.0936858,0.1311706,0.15190136,0.052638076,0.08329307,0.06334739,0.24322195,0.06964671,0.08207937,0.16105051,0.06362105,0.353794,0.13214663,0.20595056,0.5603021,0.13515261,0.13834223,0.4105728,0.31672615,0.007455616,0.06867667,0.27541852,0.21388836,0.06730576,0.02868254,0.103765436,0.2074667,0.24888827,0.328991,0.03600613,0.27028334,0.099677816,0.047226794,0.027038418,0.044088524,0.10145536,0.10397492,0.5606786,0.153108,0.13515337,0.1698086,0.24587916,0.24402164,0.31097165,0.5328559,0.24222751,0.048796557,0.23116627,0.13586147,0.07473812,0.07421975,0.40782022,0.17778447,0.15053892,0.22257133,0.40295804,0.076334625,0.11881614,0.09952451,0.37503067,0.05626742,0.1327096,0.7169652,0.71543765,0.22226821,0.08899161,0.1013742,0.03310967,0.1116814,0.0324072,0.04180556,0.020810027,0.07182882,0.74146986,0.05556439,0.17143321,0.037120715,0.13846979,0.009244721,0.051268265,0.13517037,0.24092796
BC2026_Train_0006_S09_20250828_000000_40,0.001628397,0.082886204,0.001255444,0.15974015,2.190966e-06,0.062694184,0.004281353,0.0040399944,0.0026975607,0.002030739,0.025306443,0.0020308476,0.0007145384,2.5599715e-07,6.5473887e-06,0.0066730217,0.00031577822,0.00035459397,0.07884592,0.0066079902,0.0052647386,0.00014843831,0.030032538,0.009912972,0.032419752,4.634324e-05,0.018145084,0.08262245,0.013770878,0.15667474,0.06992831,0.008020485,0.20062076,0.18687059,0.004921403,0.02280625,0.26109406,0.027995981,0.021163965,0.20620747,0.2159851,0.021866444,0.14255728,0.016130019,0.016701255,0.016701255,0.14237751,0.010785323,0.013237633,0.015019647,0.034243643,0.03709283,0.03709283,0.057694837,0.3904225,1.8514269e-06,0.2615595,0.00020985189,0.00019094681,0.006346766,0.00950962,0.00045735328,0.012046118,0.011787658,0.002117528,0.003841445,0.019253485,0.00033973908,0.0011213261,0.025750091,0.008025788,0.00058375805,0.16633156,0.06084036,0.15540528,0.13176775,0.15349689,0.36735278,0.11097466,0.09638969,0.06259041,0.053018376,0.099329226,0.013728132,0.032229945,0.16881672,0.10213721,0.1303747,0.30633816,0.12599914,0.17187868,0.13387652,0.018469932,0.1921896,0.083922796,0.16707304,0.05066028,0.8384143,0.10721018,0.08103428,0.43520376,0.08863906,0.5405237,0.669346,0.74808854,0.088033356,0.063008904,0.016170483,0.13055366,0.1736109,0.07915242,0.55628335,0.033307787,0.59945,0.110081725,0.4508778,0.063694075,0.18061885,0.08571555,0.58375126,0.09172025,0.30108157,0.35519484,0.46539316,0.09954034,0.09066152,0.056121927,0.04980359,0.07742408,0.34985542,0.05900667,0.3589768,0.075024985,0.10489754,0.11426432,0.025734616,0.2992663,0.30735216,0.08927084,0.29457393,0.018301401,0.2812775,0.087484434,0.13258152,0.14837632,0.047045585,0.6181098,0.12916595,0.50993913,0.1807054,0.05912867,0.03401427,0.103126116,0.15453959,0.15959762,0.056150544,0.08992839,0.10454194,0.39836067,0.049073506,0.08973676,0.29345238,0.06200606,0.3595564,0.15447457,0.29400042,0.18749349,0.29821873,0.22629695,0.4152172,0.28893068,0.00778333,0.08924798,0.31726986,0.26927656,0.042111848,0.034046885,0.1465905,0.1575531,0.28524268,0.34620714,0.042222176,0.32761252,0.10449001,0.055542897,0.053636745,0.045707367,0.115921296,0.10681252,0.5589253,0.1213971,0.13691379,0.16955695,0.3700485,0.43766946,0.41641173,0.54696935,0.33546257,0.06185402,0.115581,0.17107734,0.07847651,0.08059945,0.42257133,0.18926546,0.12667388,0.1730691,0.3775265,0.043759104,0.1132811,0.15236218,0.46035275,0.0697427,0.14306346,0.7153701,0.9466977,0.14851424,0.09971251,0.15667677,0.039080247,0.059314903,0.051290512,0.032322407,0.03956348,0.07253848,0.75948143,0.040492274,0.14978893,0.042873908,0.15547268,0.008281399,0.059470788,0.12121153,0.33448443
BC2026_Train_0006_S09_20250828_000000_45,0.0014061045,0.07711613,0.0011902582,0.21532,2.2040913e-06,0.08359072,0.004107126,0.003671089,0.0025404731,0.002518209,0.024429243,0.0018915404,0.0008870458,2.6843497e-07,6.567121e-06,0.006914872,0.0002720191,0.00032499572,0.01679806,0.009044123,0.0073382575,0.00014533098,0.013389162,0.0051609688,0.034186177,4.7049733e-05,0.013442573,0.08932399,0.012900198,0.14629665,0.054475352,0.007255989,0.15118064,0.15695672,0.004904061,0.02245504,0.2298268,0.022162894,0.015036831,0.18072823,0.16404098,0.015871497,0.11949702,0.0145898545,0.0111237625,0.0111237625,0.11764425,0.008805796,0.010076798,0.012144583,0.02942717,0.031734914,0.031734914,0.04273411,0.4006122,1.7116341e-06,0.26173532,0.00022156928,0.00019720463,0.0074454807,0.009884694,0.0004976633,0.0094127795,0.012835375,0.0026191343,0.0030564321,0.015289832,0.0004097435,0.0011206213,0.024942245,0.00797324,0.0007500559,0.06958711,0.05435839,0.13434458,0.1623309,0.1234156,0.37217468,0.10045871,0.09687396,0.044826552,0.040469524,0.10219399,0.011855209,0.036979195,0.19662459,0.08787264,0.14215142,0.21757296,0.049303535,0.2115219,0.12016711,0.023823636,0.12335203,0.03664284,0.2798996,0.04033653,0.6805818,0.08749307,0.038626388,0.3261533,0.039262794,0.6147591,0.7175286,0.65563774,0.08384467,0.03636793,0.01757001,0.09915755,0.19250233,0.06416714,0.5098606,0.024779078,0.4711385,0.06888099,0.30301064,0.0437189,0.20610978,0.04277925,0.41648126,0.09967596,0.1974321,0.2558215,0.42309335,0.07692018,0.05581077,0.04296726,0.051888335,0.05623633,0.5079061,0.043011773,0.45064092,0.0528553,0.086331815,0.13808927,0.02400197,0.32318062,0.31096667,0.08089155,0.24558166,0.021664318,0.21730736,0.039017435,0.085836574,0.14243829,0.04673003,0.4455123,0.10156108,0.33344385,0.17453586,0.030752819,0.04698606,0.08359533,0.094068244,0.13507035,0.0383108,0.12752149,0.05981863,0.31792638,0.06788114,0.102549285,0.17116572,0.056889698,0.24854699,0.092932776,0.28291085,0.28013122,0.1214996,0.14655375,0.50386876,0.2753152,0.005802654,0.056976244,0.3624207,0.23217076,0.057143558,0.027163273,0.109025024,0.12807806,0.21142857,0.3082597,0.037666995,0.30779737,0.08084463,0.03229568,0.043304387,0.03783657,0.08286404,0.12236063,0.4927358,0.089810856,0.12686954,0.2220113,0.29529685,0.31873116,0.27745846,0.39896142,0.447043,0.065525725,0.121665426,0.16603722,0.07726838,0.04840774,0.4971137,0.13131954,0.11946291,0.14642052,0.35386732,0.045943055,0.16752817,0.124262564,0.37810597,0.06923102,0.14493442,0.68161887,0.882065,0.18005931,0.0655237,0.109837234,0.034821752,0.05911911,0.03669686,0.04091721,0.03323989,0.11320406,0.70588064,0.043142524,0.10731372,0.03181847,0.14036176,0.009271001,0.04507772,0.07932093,0.2669582
BC2026_Train_0006_S09_20250828_000000_50,0.0013897342,0.08927463,0.0011536368,0.13671808,1.814605e-06,0.06497899,0.0044640377,0.005626041,0.0031893726,0.001943862,0.019445563,0.001935751,0.0016756429,2.586739e-07,6.4183632e-06,0.007040507,0.00031772154,0.00035939485,0.010939965,0.012474614,0.005527225,0.00011104846,0.016202077,0.012194,0.047902185,4.9608752e-05,0.0198247,0.0974381,0.016293876,0.2494673,0.07699378,0.008682946,0.2240347,0.20450726,0.004895763,0.027141253,0.23562805,0.028423259,0.022346279,0.22879274,0.23798126,0.022976113,0.13738446,0.017398953,0.01815514,0.01815514,0.14165837,0.011018,0.0128170485,0.015584152,0.032765787,0.035386775,0.035386775,0.06259756,0.32252714,1.459423e-06,0.26000372,0.00023503613,0.00018696793,0.015002847,0.0057969675,0.0004362821,0.01365275,0.0061505362,0.0023489147,0.0043725553,0.019988973,0.0004352136,0.0009793809,0.020068415,0.007907717,0.0004862317,0.15013142,0.051226933,0.16867581,0.1908396,0.113953434,0.41061366,0.10737071,0.09049061,0.044812866,0.042936772,0.110028304,0.00959733,0.042499926,0.3495007,0.11772364,0.12497478,0.22346571,0.07818905,0.15404695,0.13146244,0.02026476,0.10739159,0.08483965,0.15878436,0.048375223,0.62781173,0.11267408,0.043505315,0.3464412,0.16716842,0.56128335,0.68296665,0.81581026,0.0871558,0.054560184,0.013267887,0.14353901,0.2200101,0.0823168,0.77849555,0.026528606,0.5517362,0.13661772,0.3707829,0.06667204,0.12706882,0.049896117,0.52540433,0.11587931,0.32791486,0.34626523,0.39191797,0.12992641,0.080693886,0.048724413,0.06328218,0.07318441,0.46585408,0.05993267,0.40753728,0.06378355,0.06915209,0.10659759,0.019912522,0.22484027,0.38920635,0.11182565,0.36841613,0.012151566,0.3081116,0.052288685,0.11839018,0.14262919,0.069869116,0.7140808,0.11866987,0.42235932,0.15980889,0.06240908,0.046564005,0.07414451,0.21083896,0.1834172,0.05318589,0.14524302,0.053506244,0.2672779,0.08532854,0.07622825,0.12103672,0.051647663,0.3536485,0.12790696,0.25735778,0.40301192,0.110448636,0.19798206,0.43580315,0.25886056,0.00928229,0.078750566,0.38191143,0.43128633,0.04691181,0.04625561,0.23827972,0.11357853,0.2299369,0.31483418,0.05718084,0.27029958,0.07884148,0.05028299,0.025889555,0.0363656,0.09994628,0.07950666,0.534143,0.10756416,0.13958488,0.15576175,0.27516243,0.37566492,0.3329777,0.49627194,0.43149364,0.054634787,0.04773472,0.20036432,0.08397604,0.07970341,0.45331565,0.24343576,0.18207265,0.18366487,0.36697578,0.05390585,0.16832732,0.17453463,0.45860186,0.05449899,0.15556955,0.67415726,0.9745991,0.23146485,0.09725197,0.20135656,0.02872827,0.10660273,0.047393937,0.05479326,0.030626245,0.08066997,0.72138476,0.060242306,0.13280107,0.03946114,0.15822515,0.00976552,0.05736652,0.13589583,0.30689672
BC2026_Train_0006_S09_20250828_000000_55,0.0015443801,0.073622644,0.0012985182,0.089897126,1.4994594e-06,0.16069853,0.0026603786,0.004873824,0.0025422073,0.0028944386,0.048099518,0.0016199253,0.0008376282,2.5055286e-07,5.325453e-06,0.010355239,0.00034299772,0.00035666753,0.026702711,0.027112044,0.010704638,0.00020081412,0.013280037,0.005473776,0.047525857,5.5122287e-05,0.020824645,0.12392527,0.016608022,0.15197405,0.052578375,0.008216553,0.14119028,0.13420653,0.0049715727,0.022554291,0.25539607,0.017744506,0.013023343,0.17951438,0.14324644,0.014809319,0.13004802,0.015787981,0.007989883,0.007989883,0.10236182,0.008109037,0.008240994,0.009993942,0.031529427,0.03384619,0.03384619,0.040736783,0.4768039,1.4225651e-06,0.25854695,0.00021695382,0.00018267224,0.009504474,0.008948263,0.00054388866,0.016363246,0.018057752,0.0039162133,0.0033050142,0.02947702,0.00050532597,0.0012168882,0.026871333,0.008039277,0.00056575314,0.06786409,0.12393539,0.16839784,0.17774513,0.10229325,0.29779685,0.11514487,0.21732478,0.027770633,0.038123123,0.13888633,0.013141069,0.040375274,0.20452982,0.08322055,0.15836155,0.21944208,0.058424048,0.15991199,0.114646025,0.01832452,0.21761912,0.04645148,0.13102761,0.06155508,0.74652153,0.13605516,0.03607,0.32831362,0.049312837,0.671052,0.68976295,0.84767115,0.10378471,0.0482597,0.01376735,0.11878766,0.117935196,0.054145835,0.80937636,0.020217106,0.40930003,0.115489975,0.40267614,0.05668931,0.13236827,0.07080862,0.34000546,0.18368278,0.3963858,0.30736938,0.34650612,0.12874621,0.05549502,0.028327769,0.053096727,0.078665584,0.4992607,0.0457208,0.38282865,0.07631599,0.08152449,0.118336216,0.025090981,0.5611103,0.40288445,0.086858556,0.3324382,0.021173438,0.35663518,0.049998377,0.13697703,0.13813363,0.046481136,0.5036646,0.08977511,0.42486122,0.15957315,0.06396806,0.041248158,0.07773957,0.10657601,0.14432853,0.04831625,0.11118488,0.105399795,0.33630213,0.06331502,0.090762846,0.18893608,0.089651465,0.27467465,0.09337257,0.42373225,0.44711614,0.13401528,0.19325188,0.48724827,0.18634155,0.0069153574,0.10435713,0.26495937,0.24468869,0.06772392,0.031322896,0.13063334,0.14767304,0.25941283,0.25073302,0.03510665,0.34831986,0.09091647,0.03712203,0.048304558,0.018860085,0.09910776,0.13327254,0.42175528,0.0886751,0.13387874,0.06835718,0.19689849,0.29771683,0.43166292,0.34093058,0.47919837,0.050773904,0.07758831,0.14349222,0.07011225,0.053451046,0.5152597,0.14275664,0.18029325,0.15879487,0.4798295,0.052583672,0.1458605,0.16416863,0.4648773,0.18154614,0.2048479,0.7545241,0.88829994,0.14577259,0.07886774,0.11328916,0.045227554,0.07931961,0.05907094,0.03295165,0.023145435,0.0645577,0.75964403,0.04636921,0.13255237,0.019879123,0.12371049,0.013829847,0.027377132,0.10506795,0.30709416
BC2026_Train_0006_S09_20250828_000000_60,0.0023495636,0.061807107,0.0012746496,0.07186592,1.5873889e-06,0.0797531,0.0034796149,0.0032402917,0.0030020475,0.0028715353,0.02595984,0.0026285714,0.0007992615,2.7259597e-07,6.0631346e-06,0.007339444,0.0003346092,0.00037545586,0.02466915,0.0076354165,0.0051690536,0.00014587955,0.012357028,0.007838068,0.034575887,5.4035132e-05,0.016333943,0.097713225,0.011959114,0.13477291,0.05717505,0.005850257,0.15007006,0.12946098,0.004829773,0.015721763,0.20156646,0.019645473,0.01649085,0.11973338,0.16845466,0.0184051,0.10388057,0.012241516,0.009861809,0.009861809,0.10352787,0.008199624,0.009293649,0.010850101,0.024668748,0.026744299,0.026744299,0.044985723,0.29780534,1.662712e-06,0.26408687,0.00025381506,0.00019332842,0.0065437695,0.016842654,0.0004757111,0.008984196,0.011076601,0.0024224368,0.002786734,0.026365958,0.0004598481,0.0009684627,0.025597885,0.0081555415,0.0005879997,0.07494019,0.11755085,0.1102287,0.16713202,0.10879994,0.2341735,0.17664191,0.10870835,0.04164825,0.034446757,0.06717546,0.013862866,0.0399096,0.206905,0.08662428,0.12392006,0.20444281,0.06712154,0.21312512,0.101840615,0.027151689,0.12276339,0.07704692,0.23928423,0.048225988,0.7383319,0.11552121,0.041298922,0.24995878,0.06765646,0.58485353,0.6439612,0.7700885,0.11045003,0.049132533,0.011899532,0.11855855,0.13781922,0.06688938,0.5663171,0.025226893,0.29726776,0.061408833,0.23940258,0.053133763,0.19581431,0.05539541,0.4237977,0.11565783,0.25043863,0.25031286,0.32070893,0.086392455,0.0626638,0.041387204,0.0418262,0.102333315,0.6638795,0.050107464,0.4360356,0.04744968,0.07131235,0.101727515,0.039554223,0.41086218,0.30353963,0.09548298,0.28438625,0.02486592,0.23898421,0.03250327,0.09076417,0.13440639,0.041700605,0.3450135,0.091685675,0.386572,0.15747559,0.053362984,0.03505384,0.0803067,0.08203002,0.11169906,0.040752664,0.08513411,0.07247172,0.3871307,0.061511837,0.0817563,0.09713215,0.05057878,0.20400524,0.0786691,0.28031075,0.18700139,0.20715879,0.12608601,0.3908143,0.25898412,0.006241998,0.05889621,0.2333733,0.19007172,0.053151738,0.030859139,0.077738516,0.17046744,0.25226966,0.1935452,0.0389562,0.23401812,0.089056216,0.043883078,0.053812873,0.039064273,0.10837673,0.109373204,0.5941433,0.07950703,0.12833074,0.11406931,0.15891977,0.31635365,0.41179422,0.4246069,0.35902682,0.049094025,0.09859986,0.102472834,0.3078717,0.0928974,0.36248574,0.13982907,0.12596913,0.15307884,0.34352583,0.053069666,0.115568325,0.10764965,0.3201653,0.077873275,0.16903578,0.70673835,0.9291047,0.1615127,0.089421496,0.09424597,0.022379346,0.059321098,0.03361618,0.031233342,0.037148222,0.084569454,0.6628127,0.03942112,0.14123796,0.0346062,0.080954336,0.012756743,0.05047752,0.09718566,0.23444825
BC2026_Train_0007_S09_20250829_000000_5,0.001867945,0.07060114,0.0019499111,0.032846402,1.2053152e-06,0.07639319,0.003533927,0.007978808,0.0029740862,0.0030049987,0.065354526,0.001704658,0.00092258555,2.4475497e-07,7.988782e-06,0.055210847,0.0009557651,0.000488736,0.13212128,0.04050127,0.0072364304,0.00041055528,0.12868103,0.001984219,0.082681715,6.948152e-05,0.043280803,0.13224322,0.013462667,0.16792847,0.029788952,0.0060877367,0.084977105,0.04698505,0.0050539807,0.015560839,0.17971823,0.013948731,0.007523946,0.10510502,0.071684346,0.008431666,0.096771374,0.011331098,0.00978089,0.00978089,0.09537988,0.007972999,0.006865109,0.008684883,0.0275267,0.028506955,0.028506955,0.021153217,0.42317298,2.1654018e-06,0.2644656,0.00050073577,0.00022186,0.008388037,0.046917375,0.00044868648,0.012395532,0.0356071,0.007745152,0.0046303854,0.051477786,0.00047725404,0.0012460776,0.057645127,0.008123336,0.0005037936,0.15049425,0.03367128,0.15251069,0.34445694,0.15229076,0.6424721,0.10173584,0.27897403,0.4761014,0.045827284,0.15098816,0.06127765,0.062095933,0.28269577,0.21245767,0.14439495,0.68500894,0.04346745,0.24918233,0.13038331,0.47564676,0.11907084,0.31560528,0.36734095,0.117733814,0.851686,0.1796535,0.15878709,0.25745907,0.05317709,0.3209404,0.6850086,0.7543437,0.1793422,0.18464231,0.020367628,0.63139075,0.66852534,0.11783538,0.54530907,0.020501211,0.27243584,0.075320505,0.7571361,0.084685035,0.19400878,0.059014443,0.41929206,0.30201894,0.5490698,0.54920584,0.9907455,0.1231554,0.30742845,0.064451054,0.09120305,0.17948243,0.20006052,0.060086418,0.68538916,0.13054024,0.425859,0.61975914,0.0370623,0.33633345,0.28446934,0.19149193,0.34146297,0.025608886,0.5604502,0.20096534,0.26637018,0.1033368,0.10605818,0.46292093,0.1080932,0.5224155,0.3039777,0.47301868,0.0903438,0.16688195,0.22381797,0.18091409,0.34754667,0.2625473,0.09077406,0.5042701,0.3252839,0.25843498,0.17905195,0.18915215,0.15440913,0.11778582,0.21274757,0.05841536,0.22361866,0.07268009,0.6573757,0.5810717,0.023708604,0.12409039,0.26486343,0.29715335,0.1649593,0.23732056,0.097863615,0.61430246,0.23028034,0.42419416,0.025274795,0.075447306,0.21581805,0.06650494,0.17995276,0.013762519,0.2960665,0.105279416,0.21146342,0.29804465,0.66502887,0.12211413,0.43742684,0.7374422,0.36612585,0.61830986,0.29089037,0.13059908,0.0482874,0.12134276,0.15650468,0.029962523,0.47493884,0.20824075,0.46144465,0.38852713,0.4873464,0.03626687,0.30854985,0.24885032,0.62285835,0.21719928,0.42659953,0.7452073,0.57997024,0.23015456,0.12618162,0.1656378,0.17597127,0.16194378,0.05524135,0.20003821,0.561301,0.049655207,0.905903,0.07051306,0.27423978,0.067567594,0.42705137,0.14876838,0.04637859,0.5368529,0.59265226
BC2026_Train_0007_S09_20250829_000000_10,0.0018677581,0.06804268,0.0014456576,0.034495067,1.107358e-06,0.09505607,0.0052203145,0.0046112505,0.003982624,0.0030658885,0.07496091,0.001480279,0.00089983357,3.0525567e-07,8.026253e-06,0.037411403,0.0005780728,0.00045638232,0.068885215,0.026179532,0.008693371,0.00031194743,0.030989459,0.003191664,0.08036195,8.377038e-05,0.0629438,0.14060476,0.012962316,0.12869184,0.039641783,0.0076242764,0.086753525,0.08682057,0.00547918,0.020018127,0.18646376,0.014795402,0.009684242,0.12012476,0.12821585,0.011990245,0.13901523,0.0138102155,0.008174457,0.008174457,0.09855609,0.008562045,0.0078000654,0.010595269,0.030622901,0.03286978,0.03286978,0.03687879,0.38640648,2.016883e-06,0.26670697,0.00067861227,0.00014216035,0.007180309,0.038563136,0.00043299724,0.009751639,0.016194027,0.0041541248,0.006480687,0.042133737,0.00041961586,0.00147861,0.04824791,0.008381313,0.0004928748,0.09522925,0.051677644,0.21189527,0.26823673,0.17834048,0.38973808,0.0528579,0.13265805,0.44307718,0.046988398,0.097427085,0.033658415,0.10185255,0.18488015,0.39317375,0.14636265,0.40827876,0.052278176,0.2115451,0.13649097,0.15266916,0.08695533,0.12516506,0.15109965,0.081830055,0.79721236,0.13717166,0.21613792,0.24387197,0.04185164,0.33826905,0.746763,0.8063537,0.11113463,0.063099116,0.023134725,0.5621508,0.29812837,0.06982561,0.6065812,0.01871023,0.18533796,0.07380641,0.43901068,0.08005354,0.2316931,0.061285328,0.24892798,0.22507623,0.5299389,0.39746875,0.7964784,0.19603692,0.15017767,0.10325808,0.08328261,0.13660583,0.15682966,0.07764883,0.43008754,0.05186166,0.2848202,0.30390757,0.029377712,0.25586423,0.33704647,0.18370259,0.4344469,0.043980185,0.65817255,0.13347346,0.26771876,0.14299512,0.055652235,0.40761608,0.046559356,0.50184107,0.30066967,0.3353568,0.053896185,0.116113864,0.17044199,0.17500047,0.4521784,0.21096343,0.05963566,0.5656907,0.12512846,0.16854101,0.13805744,0.08220911,0.215794,0.09188082,0.13014488,0.057985265,0.122019455,0.07547459,0.80993456,0.2571916,0.015633937,0.12984589,0.20231532,0.3325527,0.3770577,0.06981953,0.10514851,0.30006158,0.16455416,0.2466893,0.023292128,0.066161774,0.17860207,0.06463114,0.095571525,0.012972288,0.22425786,0.124087736,0.22581375,0.12927224,0.35976994,0.093139544,0.41862237,0.401504,0.3053082,0.2978751,0.33446208,0.27319396,0.054519277,0.109867476,0.054530244,0.03395097,0.43558663,0.25153387,0.26560172,0.3875898,0.5354368,0.024531038,0.19721699,0.23495628,0.9126352,0.097189285,0.25758108,0.8119625,0.5893364,0.113510035,0.17446597,0.14275548,0.2694019,0.10237689,0.028575605,0.14636536,0.17770302,0.092533424,0.84227526,0.046480764,0.20250247,0.084540114,0.28197017,0.08836902,0.05714615,0.52835596,0.25319117
BC2026_Train_0007_S09_20250829_000000_15,0.0018816614,0.06875553,0.0019928657,0.08644423,1.1298989e-06,0.08724593,0.0042255814,0.004798151,0.0039944793,0.0030654953,0.06119111,0.002533228,0.0006884279,2.935134e-07,8.201684e-06,0.03970038,0.000498258,0.00048289506,0.0579444,0.015475258,0.0062085018,0.00017489413,0.030476185,0.003114278,0.07186815,9.02546e-05,0.06316537,0.12430373,0.015064512,0.13920301,0.036955394,0.009431139,0.100220464,0.08079215,0.0053901635,0.022936892,0.2023937,0.018004572,0.011020572,0.14474636,0.104655504,0.01112574,0.12204656,0.0157256,0.009743603,0.009743603,0.0949984,0.008770367,0.00888452,0.011230133,0.029320026,0.03180456,0.03180456,0.031258248,0.27403143,2.1150636e-06,0.26694593,0.000579118,0.00018106599,0.008293276,0.032150876,0.0005875499,0.011814366,0.013138122,0.0052554174,0.007946737,0.050277233,0.0004131384,0.002460326,0.051801044,0.008552111,0.00048301904,0.12794694,0.06394353,0.22755975,0.46538222,0.14375055,0.5611822,0.10943561,0.13975708,0.2811311,0.05116553,0.104500815,0.023782315,0.050404053,0.16297817,0.1796792,0.08552671,0.4015873,0.04987142,0.16045037,0.17680532,0.049540415,0.14785549,0.14638859,0.18718086,0.08591526,0.7100519,0.14723487,0.24209915,0.31981334,0.053478815,0.52170104,0.74246866,0.77392673,0.09575979,0.19185343,0.019053854,0.36585742,0.1916315,0.14903662,0.50026816,0.036256433,0.27771565,0.061106097,0.5329632,0.07231818,0.5805342,0.095637605,0.29583225,0.24739237,0.49158865,0.342536,0.69099563,0.18785004,0.12642209,0.0663521,0.0946353,0.14646222,0.7023311,0.14761692,0.3953339,0.06693555,0.14254628,0.12517639,0.02895872,0.37728018,0.3658643,0.3921728,0.54533577,0.038750116,0.5997804,0.30097377,0.28351724,0.21207893,0.060451012,0.55362517,0.23328526,0.5488733,0.4688304,0.10974489,0.08373466,0.12544464,0.098607436,0.12280663,0.5529775,0.1745527,0.16269407,0.58399403,0.21411864,0.10571363,0.15831032,0.12342941,0.17646223,0.11208107,0.2711795,0.13855745,0.07756432,0.096269585,0.61586666,0.2612768,0.018226141,0.1164885,0.295102,0.23038058,0.41748267,0.08438259,0.083769366,0.29449546,0.2375609,0.3470072,0.019261105,0.06479839,0.27889246,0.04643217,0.04986357,0.016873673,0.12078274,0.14697552,0.54310817,0.067429125,0.269165,0.10133938,0.39999354,0.34579432,0.469435,0.3939131,0.49715513,0.39783162,0.11570602,0.10411846,0.04139989,0.044027887,0.4730013,0.18479568,0.28306013,0.30534175,0.50330555,0.038396526,0.21736108,0.34434465,0.85705525,0.057516184,0.29406142,0.8777921,0.90743816,0.24409872,0.5736334,0.10065145,0.33532584,0.07582909,0.07420761,0.05302061,0.13388485,0.16539024,0.85125583,0.05748968,0.13064761,0.039674617,0.20178162,0.08687684,0.028910475,0.21283902,0.32761282
BC2026_Train_0007_S09_20250829_000000_20,0.0013444069,0.049778104,0.0016644057,0.057733487,1.170501e-06,0.09873586,0.0034027072,0.0041849553,0.0031682116,0.0031402917,0.10440474,0.001992095,0.0007267677,2.5940085e-07,7.5923854e-06,0.051318888,0.00065559393,0.0005002609,0.10617002,0.0287396,0.007712412,0.0003251986,0.053551838,0.0021716314,0.06509915,8.183502e-05,0.032169532,0.08358275,0.012413208,0.18755911,0.02868947,0.005070353,0.09352614,0.030203287,0.005175608,0.01104217,0.12667686,0.008936093,0.007011093,0.09561389,0.060306057,0.008189232,0.076784626,0.0098667275,0.012522033,0.012522033,0.07223342,0.006377172,0.004730535,0.0061432193,0.02079644,0.02184332,0.02184332,0.020108659,0.44855958,2.2492093e-06,0.26361188,0.0005571626,0.00018614792,0.008275554,0.04482716,0.0005584242,0.010188786,0.032487158,0.0074944324,0.0038257218,0.03935569,0.0004011021,0.0016085777,0.049644396,0.008055002,0.0004563164,0.13725325,0.08579768,0.14133397,0.30817392,0.17293379,0.47124237,0.13209316,0.24649997,0.16306454,0.04150975,0.06968977,0.0200745,0.05241103,0.15864909,0.12301694,0.111686625,0.48318166,0.044314172,0.18138498,0.11878123,0.04791549,0.107120775,0.20755285,0.2863449,0.11616887,0.8732947,0.19611019,0.42132816,0.22165516,0.13681512,0.39231977,0.573375,0.59322494,0.14342715,0.118474916,0.020324584,0.19080128,0.24914071,0.053029396,0.417702,0.020285042,0.18739557,0.2118628,0.32193026,0.17554373,0.35386977,0.08205345,0.33151636,0.2342326,0.67748374,0.24796323,0.6916927,0.09891431,0.19426528,0.058189172,0.07410357,0.18882473,0.7945944,0.16329862,0.40944076,0.08057927,0.14633524,0.16307385,0.024604985,0.6447168,0.3630159,0.3140417,0.44381025,0.040757474,0.42065364,0.11075254,0.18798143,0.14841743,0.09804747,0.8722713,0.065479495,0.46699587,0.2434647,0.252679,0.054602828,0.19377929,0.11140083,0.12569134,0.12903617,0.38592526,0.082671806,0.5073568,0.38789067,0.09816368,0.33791363,0.20728245,0.3622032,0.06745087,0.31929567,0.15406296,0.2697785,0.10784599,0.45807707,0.3700907,0.048004992,0.06952213,0.35275793,0.66776377,0.13453802,0.28645587,0.1646062,0.22087039,0.19037451,0.35137635,0.021534175,0.05912521,0.1852532,0.044488896,0.05569386,0.03077591,0.09708498,0.12364101,0.17119491,0.123479724,0.20121245,0.15544376,0.2616927,0.34863484,0.5457962,0.3891964,0.40113676,0.27744412,0.0426893,0.12960711,0.11845339,0.021217624,0.46513686,0.52068776,0.18123285,0.2956692,0.39265403,0.04856861,0.22853963,0.28601974,0.51474905,0.10589777,0.28480154,0.61352766,0.3528044,0.12726209,0.35637185,0.13690276,0.12906441,0.16953579,0.059241213,0.048983183,0.09963737,0.15688753,0.83035326,0.05062364,0.24816254,0.039177682,0.14397307,0.083790526,0.06826711,0.26483715,0.30554184
BC2026_Train_0007_S09_20250829_000000_25,0.001660923,0.081525184,0.0016766143,0.045421492,1.2836607e-06,0.10174171,0.0056903786,0.0075208656,0.0027528775,0.0046534673,0.081836306,0.0021202178,0.00073747576,3.0168076e-07,1.0231249e-05,0.076259315,0.0009493609,0.00049057807,0.0605673,0.026883278,0.011726792,0.00025940395,0.06479728,0.0027262971,0.06047311,9.283467e-05,0.061232626,0.11669131,0.014246062,0.18089835,0.041339662,0.007419355,0.09824541,0.07938802,0.0053873775,0.021997308,0.22295333,0.01824234,0.010552418,0.14700468,0.10525714,0.011514871,0.12881935,0.013612604,0.013184265,0.013184265,0.112627484,0.00902251,0.007729018,0.010895376,0.032696556,0.035700627,0.035700627,0.030577704,0.5255,2.6571956e-06,0.27325088,0.0004196391,0.00023254813,0.007278561,0.023607194,0.0005365381,0.0106131025,0.020703893,0.0045896866,0.0053951205,0.040380005,0.00061566615,0.001726948,0.07184464,0.008509915,0.0005996524,0.14919308,0.07614957,0.2465076,0.25934675,0.19739284,0.58891976,0.10136257,0.17331342,0.39632726,0.12728393,0.098582044,0.022113742,0.047378633,0.37453192,0.23180476,0.18064165,0.65860534,0.06016561,0.22382647,0.17008997,0.107736796,0.1063599,0.48021173,0.3108772,0.16844074,0.6330286,0.27077338,0.16269909,0.32564297,0.08745162,0.45490265,0.65976346,0.66004026,0.18192318,0.29364595,0.0220022,0.30725005,0.28843796,0.10153739,0.7058271,0.023038138,0.24436231,0.07576186,0.552723,0.17433241,0.21225561,0.08919803,0.41916454,0.14865355,0.58133006,0.34371033,0.7993359,0.13178444,0.104013294,0.11150488,0.11885687,0.3426859,0.5476945,0.18030393,0.4479266,0.064752504,0.16004777,0.17251977,0.055973183,0.3344023,0.4599981,0.23391595,0.24165839,0.047509547,0.41655898,0.31182826,0.23277551,0.13640183,0.080953576,0.5702723,0.1392507,0.5128323,0.55243367,0.24866764,0.0968404,0.38317844,0.32051277,0.1481642,0.3490661,0.35337302,0.09917145,0.56257415,0.6278695,0.10453163,0.21914794,0.20295954,0.25057238,0.095899776,0.1785684,0.36451274,0.17505889,0.126753,0.60128325,0.43386674,0.036009327,0.093181506,0.20720947,0.3101039,0.13465078,0.26249206,0.11211608,0.46663153,0.17094947,0.3102105,0.024875917,0.06933416,0.2986183,0.05348428,0.11882278,0.018358385,0.1931417,0.09557781,0.31433868,0.32099319,0.43001443,0.19146265,0.84400284,0.5381396,0.44319674,0.24346247,0.16660425,0.17481177,0.06359547,0.1559164,0.25395507,0.03847443,0.40676835,0.45484358,0.31944093,0.28272787,0.39793745,0.06619968,0.22735736,0.27724493,0.6452617,0.08839283,0.34352124,0.7406676,0.59399843,0.23574807,0.12646425,0.14497814,0.29042912,0.4086497,0.045035765,0.07701791,0.14284052,0.07411553,0.845546,0.051817145,0.14510168,0.04166857,0.23473758,0.059457682,0.052468672,0.55822474,0.35817957
BC2026_Train_0007_S09_20250829_000000_30,0.0018673469,0.05879444,0.0017268582,0.08962348,1.0493292e-06,0.24308996,0.00729529,0.0050745266,0.0034211667,0.006929958,0.083811596,0.0016855515,0.0008303371,3.214573e-07,7.3313736e-06,0.05441083,0.00044703876,0.00075435336,0.13089,0.17017652,0.015482142,0.00044336065,0.29048184,0.0018100544,0.07301787,0.0001424677,0.03621709,0.21269694,0.015168906,0.18360892,0.043467138,0.007203773,0.08921944,0.057787295,0.005429124,0.01585004,0.18337967,0.014084714,0.009635461,0.101068676,0.10968749,0.012319035,0.11812895,0.01316733,0.0063350005,0.0063350005,0.08902986,0.0071222,0.007246879,0.009558943,0.031130655,0.03297072,0.03297072,0.031341877,0.50168884,2.1076755e-06,0.2689054,0.00096483185,0.00021201964,0.007847736,0.056521058,0.0005933501,0.013619116,0.029007979,0.008235931,0.00358093,0.0711294,0.000550075,0.0012962585,0.09103138,0.008380767,0.0004952281,0.08760569,0.06742902,0.20496118,0.30699876,0.1789786,0.7121353,0.08221536,0.21230812,0.07327522,0.036883406,0.112949274,0.014075786,0.1671906,0.42171597,0.11995824,0.10946613,0.21050288,0.050889272,0.2831722,0.16401277,0.047976293,0.088181965,0.71767956,0.2071132,0.15470651,0.786363,0.2899866,0.10736827,0.19180356,0.031882644,0.36882788,0.7709655,0.8449266,0.10253553,0.08651535,0.0144663155,0.31415313,0.17654033,0.099158905,0.600917,0.022000667,0.14518034,0.05964416,0.47986922,0.08474517,0.25111625,0.065051764,0.23766862,0.35023507,0.34692767,0.20309156,0.52195907,0.2262081,0.07865118,0.053707603,0.06974134,0.1356372,0.3171502,0.08263931,0.38068998,0.12359852,0.11193096,0.28174308,0.025724713,0.38552406,0.31951278,0.2264599,0.43474543,0.028545309,0.46762928,0.09305359,0.18033426,0.108532816,0.059578396,0.34731328,0.14102568,0.53818715,0.5953613,0.106773525,0.07387044,0.13411762,0.4011209,0.14151509,0.096596,0.33823565,0.044326793,0.29563546,0.72092813,0.09092464,0.16985385,0.20135455,0.23590341,0.077938244,0.22393815,0.36527687,0.13319753,0.06394822,0.5483595,0.33841923,0.018485706,0.08995446,0.2852754,0.22312824,0.17332375,0.08498008,0.10053565,0.17341778,0.24856839,0.2871062,0.017407391,0.05824114,0.114874825,0.034379125,0.075918116,0.013196547,0.13584125,0.13265307,0.33773527,0.1676205,0.26253265,0.14579049,0.42756972,0.26255947,0.19440183,0.11175588,0.26809955,0.1743623,0.07101277,0.098165445,0.05969658,0.05088268,0.42075253,0.28175312,0.38608876,0.257644,0.571228,0.04907167,0.18287396,0.33551836,0.5692716,0.14679477,0.23965904,0.8348376,0.5040101,0.26901716,0.16940738,0.13196416,0.04200168,0.20889917,0.041823123,0.061388608,0.090483345,0.06352547,0.7999389,0.043980382,0.20089683,0.025445495,0.19055654,0.06860847,0.03912508,0.24548765,0.26969472
BC2026_Train_0007_S09_20250829_000000_35,0.002126068,0.07389981,0.0015061364,0.04148388,1.3493596e-06,0.09178609,0.004967977,0.00558809,0.0034604701,0.0027805078,0.06410372,0.00180481,0.00085355213,3.027221e-07,9.75612e-06,0.029222405,0.00071358104,0.00043517386,0.09634665,0.0319727,0.013184701,0.00029535673,0.04917739,0.0028339825,0.073869206,9.04897e-05,0.03737743,0.139319,0.018039964,0.1841599,0.03652665,0.007815705,0.107518844,0.05984433,0.005411133,0.018600719,0.20899312,0.014920976,0.009078036,0.13300991,0.10674198,0.010522596,0.13941506,0.015542278,0.01878002,0.01878002,0.12959555,0.009822352,0.008199836,0.0108109405,0.03350476,0.035516437,0.035516437,0.030900339,0.43327156,2.5709237e-06,0.26907837,0.00042119354,0.00022889048,0.015740918,0.019018313,0.0005053189,0.014808394,0.01806624,0.0058428636,0.0049096793,0.03753085,0.00062020717,0.0013029219,0.054179855,0.008366139,0.00058256823,0.27635986,0.08419087,0.1635539,0.40506762,0.24152249,0.7760842,0.056198798,0.17179531,0.2725574,0.033058356,0.13354509,0.02136395,0.09997244,0.252069,0.13731985,0.16084003,0.5607115,0.070056506,0.24643877,0.11506506,0.10277508,0.15110202,0.20373523,0.13853645,0.07230161,0.718763,0.16909948,0.34844357,0.29880038,0.18891372,0.3421746,0.7647085,0.7611322,0.14719301,0.20897923,0.016311571,0.37299272,0.23486243,0.08724244,0.55243576,0.02335068,0.21032274,0.17731586,0.70667565,0.114710085,0.19487762,0.06661086,0.45438263,0.2010736,0.5856451,0.28988507,0.78192073,0.14492024,0.14507984,0.100174256,0.07239551,0.14119232,0.32197604,0.08603056,0.39297038,0.09981124,0.38575432,0.24194069,0.037538595,0.56191665,0.40211025,0.23831482,0.28469628,0.02183523,0.58352935,0.13475494,0.1554698,0.0971979,0.12386309,0.8009822,0.069599025,0.49250084,0.37537014,0.3938481,0.08769683,0.1918592,0.1625039,0.11278756,0.1496154,0.41415992,0.08012004,0.48354706,0.16557746,0.12220084,0.369128,0.10354755,0.2953754,0.08414846,0.15983494,0.07636129,0.37236983,0.057394214,0.55402017,0.31747603,0.07842415,0.11705453,0.31839785,0.53605324,0.3149993,0.33884922,0.21411906,0.20681207,0.23908837,0.5397484,0.024346655,0.097550884,0.25776374,0.025179079,0.14453566,0.014348624,0.23316424,0.15056145,0.1974482,0.17072947,0.24060148,0.16046344,0.493532,0.5909415,0.33234838,0.36531535,0.28165612,0.079452544,0.035513304,0.17340663,0.23171756,0.022914695,0.55937386,0.55558944,0.30238444,0.4253176,0.47749135,0.04775481,0.18427683,0.16641226,0.75137997,0.13743812,0.24172057,0.7357083,0.6274619,0.25967744,0.23518707,0.17459223,0.08246284,0.1808652,0.05917356,0.13238977,0.15714091,0.07407261,0.8123535,0.05672661,0.2962126,0.044092685,0.20765993,0.11041638,0.07786752,0.30198127,0.36447084
BC2026_Train_0007_S09_20250829_000000_40,0.0021816965,0.07839525,0.0014901261,0.057404634,9.627165e-07,0.115283474,0.0044618202,0.008554638,0.003649244,0.0035521074,0.056878954,0.002026265,0.0009879175,3.006963e-07,6.3590255e-06,0.03521203,0.00070251967,0.00047054572,0.24672693,0.024899626,0.009216007,0.00038734748,0.07544989,0.0027731934,0.061285537,9.102545e-05,0.044023182,0.14025617,0.013886545,0.1358769,0.05438426,0.008687804,0.11985559,0.09061555,0.005319377,0.021128658,0.24837428,0.018874753,0.012139203,0.15519674,0.14316927,0.014840379,0.15154098,0.015882034,0.008211536,0.008211536,0.11590994,0.009907918,0.009572008,0.012803634,0.038556468,0.040944677,0.040944677,0.03923988,0.4989432,2.1621954e-06,0.26755565,0.0004739147,0.00024808405,0.008008188,0.025678901,0.0005319024,0.017295271,0.019429844,0.0044115684,0.005203068,0.037603427,0.00041278158,0.0011519456,0.053041503,0.008313789,0.000619746,0.13511692,0.05304321,0.22527109,0.5312611,0.1725101,0.6243645,0.09662878,0.32555693,0.07130429,0.03173445,0.11817415,0.02504376,0.0547232,0.25626042,0.20967063,0.14140777,0.4100986,0.072129965,0.2234586,0.18200979,0.38868564,0.14518656,0.41361964,0.2302308,0.08357296,0.8942907,0.19013748,0.225494,0.3344637,0.052944273,0.3530047,0.6981014,0.8480656,0.14203171,0.101193525,0.029329823,0.55466217,0.3629968,0.11523511,0.5907953,0.024475193,0.21746655,0.09546488,0.5686377,0.122291036,0.18213607,0.077259265,0.37320143,0.34634247,0.5312829,0.4342591,0.86015195,0.17046304,0.18380141,0.06080411,0.096905924,0.114075564,0.3396636,0.05916746,0.33802018,0.13599578,0.27096054,0.34735203,0.04446302,0.3367326,0.37770575,0.1703344,0.32920292,0.021740371,0.5804428,0.10567671,0.18659477,0.13359739,0.08673515,0.44063145,0.066847034,0.5309055,0.25376415,0.13562526,0.046292014,0.115762,0.17330915,0.12263056,0.15832587,0.26246718,0.06405319,0.43316513,0.2013727,0.13171303,0.19230744,0.26440355,0.22320952,0.09520564,0.362566,0.13153066,0.119798005,0.11012205,0.73673326,0.37365496,0.017547643,0.1567724,0.25155094,0.25680968,0.2804987,0.113470964,0.121901765,0.1964312,0.2501582,0.33534008,0.02490983,0.07423854,0.1796673,0.04167408,0.08051036,0.021060096,0.27432418,0.11326305,0.2602075,0.1317232,0.36476114,0.09224297,0.49980578,0.5268466,0.28168583,0.22543286,0.5247019,0.10484016,0.049127594,0.17828879,0.080629274,0.024829693,0.7353771,0.2156784,0.308919,0.37088454,0.5862183,0.038742937,0.27162576,0.31057483,0.5392497,0.2074305,0.2090065,0.7694092,0.65043557,0.261601,0.24095513,0.1402345,0.09331445,0.1392486,0.05379239,0.10656619,0.1963411,0.038390093,0.9195267,0.068338536,0.2539643,0.043460928,0.2976228,0.35858732,0.028024083,0.5829668,0.37048742
BC2026_Train_0007_S09_20250829_000000_45,0.001644838,0.077517696,0.0015266398,0.06347287,1.1487788e-06,0.13542695,0.0054152957,0.0042490996,0.0034748248,0.0028492492,0.06294917,0.0031300609,0.000675615,3.137466e-07,7.1415484e-06,0.029237159,0.00059325335,0.00048241473,0.26806673,0.03578613,0.008421064,0.00026988366,0.055970427,0.0025630435,0.057772473,9.0674956e-05,0.047491595,0.17807089,0.012654227,0.17172131,0.03836346,0.007920517,0.11435165,0.100405335,0.0054900832,0.01910176,0.21944968,0.027558442,0.011155611,0.17060053,0.13754174,0.0114358,0.12839885,0.014215074,0.009460179,0.009460179,0.12340501,0.009801382,0.013662264,0.016517669,0.030963182,0.033521254,0.033521254,0.033680346,0.35059178,2.864522e-06,0.2687559,0.0004895369,0.00019814594,0.008973681,0.024720691,0.0005509797,0.010876164,0.01568053,0.003401921,0.00867213,0.039817408,0.000386944,0.0015589752,0.07218819,0.008483045,0.00053711317,0.08585537,0.040420294,0.21788774,0.22807804,0.17688206,0.7208306,0.071587235,0.32893825,0.07545727,0.034291256,0.082606785,0.022820119,0.093519665,0.17276077,0.29795223,0.19702785,0.28109542,0.040685054,0.18412162,0.1924903,0.12606567,0.14843047,0.17803498,0.2514087,0.08866164,0.8941915,0.34890127,0.15341744,0.26514292,0.047887444,0.69053596,0.6588943,0.78397423,0.15848728,0.14547639,0.016646111,0.42738116,0.19454698,0.11821721,0.57989544,0.020664727,0.26129812,0.062069245,0.5360818,0.089436054,0.25813323,0.06495365,0.5489027,0.40766844,0.48597142,0.24034134,0.62551486,0.174598,0.13939413,0.057414785,0.08447125,0.12530406,0.5313347,0.06948155,0.37529036,0.11057799,0.19778861,0.21162742,0.032770872,0.39787787,0.38171858,0.18796366,0.39821208,0.024119766,0.6584546,0.16603805,0.15065731,0.122754455,0.08131126,0.2857419,0.19453806,0.52923584,0.22722743,0.1223763,0.06261895,0.18888265,0.16445296,0.10723486,0.17251122,0.22596562,0.053874694,0.37550533,0.12657204,0.13289224,0.14952683,0.14855574,0.19296694,0.074799605,0.3207077,0.10402429,0.17848781,0.087775975,0.54530346,0.40632385,0.05079478,0.08462995,0.23735833,0.25461292,0.25487813,0.13035591,0.13094494,0.16654183,0.2248637,0.2873884,0.030420432,0.08226017,0.17227031,0.046791427,0.08793209,0.027978716,0.12781245,0.13029529,0.6050696,0.23258448,0.25703746,0.11196346,0.46768448,0.46601266,0.30245087,0.38106933,0.3116652,0.101328894,0.06913506,0.13355401,0.08280852,0.038905676,0.6312466,0.23199707,0.22625744,0.37663248,0.5493777,0.03837969,0.3668965,0.18501905,0.73917675,0.1700264,0.23331411,0.7547904,0.93325,0.28025848,0.19720472,0.11540156,0.0975976,0.111878134,0.047244877,0.084682345,0.13587464,0.071645215,0.85259354,0.056044433,0.18340147,0.059084676,0.1879745,0.15117441,0.048101746,0.38434777,0.3294822
BC2026_Train_0007_S09_20250829_000000_50,0.0017000556,0.071974166,0.001647731,0.03241349,9.82845e-07,0.17528097,0.004023107,0.00704738,0.0025262078,0.0025984107,0.04406604,0.001986008,0.0010072048,3.2273954e-07,7.944233e-06,0.1557489,0.00070618547,0.00042753,0.05007437,0.037192587,0.012805402,0.00025607232,0.047745652,0.0016278201,0.065268144,8.9752626e-05,0.10585744,0.22248395,0.015115193,0.13702221,0.02767815,0.00582673,0.07760521,0.056875467,0.0055441214,0.015729908,0.2040883,0.0140316365,0.0063971984,0.12603527,0.08396032,0.007215116,0.11031905,0.010926579,0.007893661,0.007893661,0.0979119,0.007338419,0.0068604196,0.009277135,0.027020734,0.028965121,0.028965121,0.02168773,0.52305114,2.0449963e-06,0.26886103,0.00030013273,0.00018532989,0.012296288,0.02258754,0.0006302055,0.019356716,0.013638671,0.0037745629,0.0049571954,0.039928224,0.00060441525,0.0013156603,0.10497648,0.008620963,0.0005512319,0.101040296,0.04897466,0.18366046,0.42448235,0.20861536,0.56649977,0.15282385,0.5505971,0.08506565,0.03265204,0.16342463,0.04497303,0.09188285,0.25362465,0.1480098,0.12669788,0.42769992,0.038478117,0.24860895,0.14782313,0.3499914,0.12614463,0.2092132,0.24373011,0.21853788,0.85351753,0.22056326,0.38456196,0.19343264,0.057205714,0.43887538,0.68216264,0.8690548,0.18105015,0.11643588,0.026010048,0.57561094,0.2839056,0.24225315,0.6964956,0.031420384,0.24820605,0.06869777,0.6778953,0.08221537,0.21043834,0.057903334,0.5283443,0.17340319,0.49425712,0.35691485,0.9386098,0.2225375,0.26333177,0.07267267,0.26321742,0.18665695,0.6207423,0.0588303,0.48683938,0.1426061,0.17202362,0.34593475,0.032286476,0.27783653,0.49315512,0.154255,0.22575162,0.026570776,0.52665675,0.11120258,0.19706139,0.10409187,0.10058194,0.42888212,0.08677598,0.5246628,0.3236401,0.1307458,0.19584003,0.14833844,0.15080886,0.228247,0.2314056,0.16059662,0.07619981,0.46360984,0.18743691,0.16854717,0.18920805,0.4485208,0.21884622,0.12262136,0.3214921,0.3563442,0.3890425,0.11791529,0.84573686,0.44913086,0.039587468,0.1750081,0.2978464,0.31813475,0.18415129,0.116983734,0.13588293,0.21298099,0.22204459,0.34154305,0.026387075,0.06350179,0.16910851,0.056758612,0.13202922,0.013148366,0.24235249,0.15189077,0.3125782,0.1541327,0.4351795,0.12696621,0.67210287,0.46827918,0.25157595,0.19554342,0.41498184,0.24640022,0.031622373,0.1959423,0.058219064,0.03183151,0.71339047,0.44396788,0.30521718,0.319404,0.58879673,0.034655027,0.35975745,0.2736898,0.6592344,0.10576023,0.21279223,0.79465723,0.762711,0.31709254,0.14196025,0.14529079,0.11028637,0.17466508,0.05053895,0.13672675,0.11453077,0.038691394,0.92760026,0.06373318,0.18843305,0.05653987,0.45672518,0.6411642,0.03715444,0.5502244,0.36355254
BC2026_Train_0007_S09_20250829_000000_55,0.0027354104,0.120128214,0.0017221884,0.06705718,1.0446034e-06,0.14430532,0.0059265196,0.009673202,0.0047376,0.0036013434,0.068739705,0.0018931036,0.0007700354,3.1036527e-07,9.688996e-06,0.068040386,0.00063075335,0.00045723448,0.04190272,0.034816746,0.008705275,0.00032584273,0.0825552,0.0033241953,0.10882989,0.00013973973,0.09011306,0.16226037,0.017760219,0.18548568,0.060592208,0.015085738,0.12698802,0.13189241,0.0054192822,0.040662713,0.2895294,0.024822598,0.015840417,0.25080803,0.1430799,0.016734637,0.24071045,0.024892576,0.0173646,0.0173646,0.1921372,0.0153331235,0.014145807,0.018349083,0.06317379,0.068036616,0.068036616,0.04355993,0.51626414,2.2058907e-06,0.2722373,0.00039154242,0.000173878,0.010035355,0.02410403,0.0005693764,0.01470532,0.020846805,0.0071358094,0.0084450655,0.032185595,0.0006155224,0.0016700485,0.061862588,0.008541369,0.0005894298,0.13057746,0.06398039,0.25569078,0.33159244,0.2954389,0.4049394,0.07989107,0.19029298,0.2902502,0.03945627,0.08809611,0.03975621,0.06087618,0.1550978,0.122139744,0.1518592,0.67510027,0.04709635,0.20275226,0.10933424,0.12344167,0.112263806,0.09615866,0.22130777,0.093384475,0.697873,0.14633878,0.10411163,0.3450465,0.056653634,0.52840334,0.66629034,0.71211505,0.09643982,0.3430677,0.027462669,0.30431357,0.42040792,0.10110345,0.4989858,0.03372768,0.21102968,0.054380503,0.5023452,0.08066241,0.19645342,0.04990226,0.29375267,0.123485796,0.3843659,0.37209,0.766051,0.17093375,0.14686915,0.10759703,0.095512815,0.2575232,0.357365,0.18635269,0.39276347,0.113844514,0.08520501,0.27542743,0.035901632,0.34873217,0.41186938,0.240226,0.3988095,0.04158323,0.52247804,0.23465823,0.25803173,0.18964072,0.07563441,0.42157775,0.04790756,0.50338376,0.18078463,0.24256088,0.13018045,0.26525748,0.23577482,0.12652798,0.22320455,0.12179545,0.068953425,0.5684612,0.17228463,0.13445298,0.17944074,0.12621534,0.22258325,0.09304784,0.23194528,0.094556384,0.13360938,0.09440003,0.66982615,0.37029022,0.030876085,0.061014578,0.20439588,0.32810393,0.10663854,0.106789954,0.15000686,0.285713,0.14776918,0.40430176,0.022624016,0.07393459,0.3111279,0.05756387,0.06609855,0.017267756,0.1104884,0.0877794,0.2981858,0.12504867,0.35535842,0.310598,0.82837105,0.49964795,0.41653052,0.1633917,0.3436311,0.1727468,0.082925625,0.19471781,0.069929436,0.029517537,0.55165714,0.43104422,0.30395088,0.38752338,0.62969923,0.03577229,0.17073458,0.19227262,0.61884654,0.12879072,0.2168497,0.82969517,0.7613045,0.16504575,0.101641156,0.096826166,0.14912102,0.12789677,0.031101197,0.07973113,0.09626251,0.15336323,0.8654835,0.03748792,0.19356835,0.042998295,0.1959002,0.12569685,0.06791628,0.67183983,0.31035373
BC2026_Train_0007_S09_20250829_000000_60,0.0022916999,0.073207915,0.0016674956,0.027348164,1.155854e-06,0.108824715,0.0047141686,0.007853021,0.0026316883,0.0024200506,0.051717322,0.0019130829,0.0011060938,2.7772566e-07,9.252651e-06,0.07714964,0.0010682194,0.00047581815,0.059020005,0.025371563,0.0168322,0.00022877104,0.21450943,0.0017014575,0.11074469,9.206727e-05,0.05901735,0.12063563,0.015053507,0.18162493,0.027637098,0.006487393,0.07558419,0.053069256,0.0053656166,0.017624337,0.16283756,0.014284339,0.0065158005,0.12372603,0.0738159,0.007238528,0.109403916,0.011526987,0.012507998,0.012507998,0.10488432,0.008205539,0.007304412,0.009719957,0.028468022,0.030295048,0.030295048,0.020389292,0.48424757,2.5537067e-06,0.26724422,0.00042668558,0.00021688356,0.005902628,0.02939545,0.0005843348,0.010463554,0.023804286,0.0049290075,0.004112463,0.0433182,0.00044921937,0.0017372865,0.08028831,0.008423245,0.00061822595,0.18429151,0.031528875,0.1631271,0.38161927,0.17833883,0.51406825,0.07035941,0.54767406,0.3226729,0.03796043,0.13501406,0.03290004,0.13935386,0.18022881,0.21202554,0.16725282,0.7714662,0.0377149,0.30194324,0.17182912,0.313095,0.17194372,0.26229453,0.284318,0.16928445,0.8352881,0.2036734,0.30904058,0.29728663,0.06667964,0.40268394,0.68156666,0.64394075,0.21118456,0.11999181,0.029891206,0.6583497,0.30127877,0.16620582,0.5772929,0.026763583,0.27411777,0.07873154,0.71747816,0.10146682,0.30076322,0.11761455,0.4199279,0.18514119,0.428998,0.48220778,0.9919584,0.09862685,0.36347318,0.059679892,0.09737214,0.22109455,0.27815574,0.08072648,0.6983526,0.13832738,0.36192325,0.47648674,0.036935747,0.3654463,0.3997844,0.25159818,0.31090727,0.031841658,0.5582654,0.2368248,0.36736906,0.101818964,0.061119743,0.3789098,0.094324805,0.5581719,0.5731001,0.49640685,0.1330206,0.19606782,0.19984265,0.13184802,0.23423009,0.124709316,0.1416809,0.560919,0.21843226,0.117445126,0.14769879,0.32592237,0.18613736,0.13239068,0.23487958,0.061409373,0.13238864,0.097204015,0.7130163,0.42058694,0.03149613,0.13703305,0.41489914,0.36013892,0.14799514,0.2594792,0.09978901,0.6020401,0.25311524,0.4819462,0.027614255,0.0797754,0.25523838,0.080429874,0.21844083,0.02936292,0.30385432,0.14529143,0.1413837,0.32281524,0.53322893,0.17916198,0.37499106,0.51347804,0.39984468,0.5693941,0.29231778,0.11918971,0.09683163,0.15598384,0.1565303,0.02429163,0.37550932,0.23382717,0.45455012,0.5050593,0.35005927,0.037890445,0.29853326,0.29489088,0.64514124,0.17570972,0.31808385,0.6896089,0.5813621,0.19931537,0.1890225,0.14692809,0.2068814,0.17685536,0.06752093,0.089759246,0.5318174,0.07783448,0.8841543,0.05464345,0.3339431,0.145492,0.3920544,0.34755132,0.08017907,0.54442585,0.37670687
BC2026_Train_0008_S09_20250831_000000_5,0.00068390334,0.042013697,0.0022946112,0.09305297,1.1445674e-06,0.06146211,0.00304531,0.006892277,0.003132167,0.003812023,0.102402754,0.002133292,0.0007733759,3.149256e-07,8.158289e-06,0.021826616,0.00044390987,0.000283499,0.029165905,0.00725453,0.0070301737,0.00024505408,0.008883828,0.0022968373,0.025971603,6.0912847e-05,0.03347446,0.039504137,0.009947906,0.18376096,0.037306696,0.0043927184,0.06549375,0.04871775,0.0054844404,0.014383052,0.12540337,0.006698322,0.007327364,0.08157327,0.071536906,0.009465947,0.075353764,0.008575422,0.005458384,0.005458384,0.04348651,0.0044089123,0.003141466,0.0042616455,0.018122526,0.019530438,0.019530438,0.025066178,0.45163405,1.4712855e-06,0.273121,0.0007430865,0.00014534009,0.005355395,0.0104947835,0.0004966113,0.011792927,0.013338449,0.004669316,0.0021730675,0.013974989,0.00022377056,0.0019046109,0.05463185,0.009160617,0.0017058006,0.10514619,0.045551557,0.107858196,0.23518641,0.12779805,0.26559108,0.09451405,0.06883432,0.04118726,0.068857186,0.0734341,0.009813691,0.045851815,0.27510345,0.029550416,0.11279473,0.18295743,0.06472151,0.25750443,0.06483005,0.029802058,0.08978565,0.04913444,0.20628513,0.07289518,0.62565374,0.17831531,0.14509283,0.25909063,0.030807184,0.2450734,0.5265628,0.4753099,0.078690246,0.10436215,0.018069943,0.29622605,0.2615365,0.080018476,0.26885605,0.015918968,0.26679674,0.042953316,0.32172412,0.038156956,0.08607591,0.06056068,0.21694256,0.04712296,0.23151423,0.29642093,0.54257846,0.059723385,0.099469826,0.1554536,0.069352485,0.1685018,0.2633294,0.14937584,0.33355555,0.04534465,0.038837574,0.09594105,0.040143408,0.2251344,0.30566287,0.09340734,0.1423915,0.019968474,0.25841382,0.13104701,0.36130854,0.11792231,0.05432324,0.45032832,0.027418422,0.4725209,0.23982301,0.07100657,0.028987411,0.075043745,0.06661124,0.16783307,0.57603145,0.07253699,0.098482035,0.40291923,0.05819057,0.043294277,0.11374537,0.08710217,0.30009702,0.04316168,0.23479156,0.06945473,0.07043412,0.22626568,0.55727047,0.3270043,0.009453385,0.5100368,0.44411233,0.13123201,0.05956975,0.035570074,0.10786795,0.26598915,0.07179822,0.23259851,0.034531564,0.06252617,0.17373008,0.06353431,0.09127219,0.025249697,0.08578287,0.2741588,0.050531257,0.08250108,0.16484597,0.028682077,0.15268993,0.74983096,0.17318109,0.13340159,0.6269607,0.11936988,0.06933054,0.26001784,0.045646194,0.04847726,0.37093726,0.10147564,0.14731182,0.15902759,0.2768144,0.06983771,0.14615096,0.17511013,0.38073877,0.043794043,0.26058212,0.6422477,0.2429944,0.24353094,0.14180344,0.10441592,0.049177837,0.119920515,0.10476194,0.05048821,0.046859637,0.069476366,0.7143202,0.041737676,0.18318632,0.024292469,0.10731364,0.017757835,0.0245132,0.31374428,0.42524445
BC2026_Train_0008_S09_20250831_000000_10,0.0006537119,0.03865173,0.0031140293,0.07108197,1.1819849e-06,0.08583406,0.003805511,0.012924452,0.0030667977,0.0032432063,0.07692416,0.004142189,0.0007655278,3.3062213e-07,9.374356e-06,0.02943401,0.00046505223,0.00030302032,0.034275502,0.003450284,0.0060036024,0.0002528068,0.010352277,0.0018816069,0.031506967,5.750099e-05,0.024221689,0.03805928,0.010828356,0.18117118,0.023331491,0.003544705,0.053747725,0.035768013,0.0053214654,0.012132668,0.11143358,0.007456663,0.005413968,0.07381881,0.0519624,0.0068445248,0.05238789,0.0072673177,0.00626901,0.00626901,0.044901107,0.0040659206,0.0029266078,0.004395879,0.014145245,0.014957081,0.014957081,0.016356738,0.3956751,1.8019158e-06,0.27575597,0.0007543181,0.00016545042,0.003993285,0.011877338,0.00050393684,0.012819773,0.014856545,0.0058823144,0.0018152185,0.014896562,0.00023644466,0.0031322737,0.0574023,0.009487158,0.0016803638,0.106678076,0.11169597,0.09965552,0.5220684,0.15619138,0.5099577,0.099065036,0.034829225,0.062176853,0.06226373,0.040243696,0.010685928,0.047063623,0.25003126,0.030936884,0.11640215,0.3390261,0.05911798,0.23361494,0.062178284,0.060752653,0.25757992,0.06998243,0.466939,0.058978867,0.615774,0.14334486,0.09634705,0.24000502,0.026356528,0.24424785,0.5192981,0.4037995,0.1537104,0.10300794,0.019135136,0.33830178,0.21704112,0.09984247,0.26439488,0.031963408,0.21251263,0.04824076,0.38461858,0.039686423,0.09745568,0.08482419,0.17957857,0.07018543,0.48025012,0.5287499,0.72740996,0.058432765,0.118705556,0.30982465,0.06270958,0.11960327,0.32659474,0.32964295,0.45219395,0.045782935,0.05753182,0.08097801,0.043814093,0.22404125,0.32444093,0.124017306,0.13422078,0.016125664,0.20172817,0.1308425,0.3103886,0.12927735,0.07214912,0.30864814,0.028944151,0.5333756,0.4344462,0.055909246,0.04162725,0.13695739,0.05550751,0.25667977,0.57606786,0.21082689,0.20488527,0.4001321,0.05112251,0.057906263,0.14077327,0.103120334,0.1403706,0.033679478,0.20742434,0.15983407,0.066319406,0.18783148,0.4975322,0.35844815,0.012418986,0.32096195,0.21369201,0.11380164,0.06680241,0.05651676,0.06795036,0.6430398,0.06627068,0.23726507,0.03694885,0.07877599,0.23888916,0.108668484,0.0562037,0.03681521,0.10239544,0.22020575,0.07655204,0.12510023,0.24488805,0.043369625,0.14516115,0.7620521,0.25748566,0.1271993,0.4084812,0.469263,0.073253565,0.18823926,0.034399204,0.049942184,0.27857372,0.11138909,0.15273754,0.14606905,0.45460272,0.086958714,0.114694245,0.08762178,0.50812966,0.03370141,0.32526577,0.6215132,0.22396038,0.5768153,0.22654955,0.12950164,0.123784974,0.29720405,0.12821789,0.046534624,0.030268231,0.07324932,0.72167474,0.033074453,0.1337306,0.031009618,0.15399987,0.02617632,0.046392027,0.32172844,0.34156665
BC2026_Train_0008_S09_20250831_000000_15,0.0011560369,0.03296189,0.0026137438,0.08838334,1.3788808e-06,0.09950454,0.003735887,0.009010735,0.0034283104,0.0037861315,0.08426808,0.004004246,0.001322852,4.5095592e-07,1.1215633e-05,0.07526577,0.0005088136,0.00030069184,0.037795465,0.0049722875,0.0056715864,0.0004149322,0.015231057,0.0014773099,0.027743148,6.2837906e-05,0.049251262,0.039821547,0.010252942,0.1907959,0.015655626,0.0030719708,0.037636653,0.028216656,0.0057216743,0.009555555,0.058162954,0.005477003,0.0040101544,0.070725486,0.039995294,0.0046920925,0.046082847,0.0054799505,0.005237009,0.005237009,0.035801362,0.0030551038,0.0028690668,0.003883779,0.011927909,0.012614119,0.012614119,0.012306339,0.51144236,2.0446125e-06,0.2883933,0.0013219503,0.00021113097,0.005356626,0.020787844,0.00055005524,0.009694689,0.026043441,0.008332158,0.0018513071,0.0122071,0.00028632887,0.004068808,0.09758818,0.010441038,0.0015720384,0.0928967,0.11827647,0.11489634,0.15170696,0.21848328,0.2862389,0.076905675,0.060698472,0.115430936,0.058670226,0.10218872,0.01830825,0.14991489,0.107599355,0.03735861,0.071889766,0.32445085,0.09875602,0.7214556,0.058533214,0.09678033,0.1323681,0.052679565,0.4840679,0.063480094,0.6319761,0.28129113,0.3494077,0.24304137,0.028152267,0.17704782,0.4650116,0.24699084,0.19312674,0.2535925,0.034418575,0.44060177,0.18679622,0.2139632,0.2154105,0.027444333,0.2948237,0.04333071,0.19969594,0.05147566,0.14629196,0.17636627,0.24669313,0.053329997,0.29605034,0.47350538,0.60871553,0.08530962,0.20523167,0.097567126,0.0594316,0.1844756,0.5490191,0.260661,0.61250675,0.03982223,0.037961982,0.06596096,0.054191165,0.21270864,0.3093277,0.15669177,0.13782474,0.02464732,0.39036956,0.28605822,0.6899371,0.14370257,0.23185316,0.58472174,0.03561488,0.35971987,0.25610718,0.040138904,0.021377629,0.22816569,0.04165061,0.14307179,0.25555867,0.17831703,0.14886996,0.3352004,0.055406425,0.051745392,0.103066616,0.1269764,0.19244052,0.045771137,0.3013428,0.093951054,0.06715364,0.2046715,0.29640386,0.3137304,0.0116257705,0.23471658,0.5420947,0.13980617,0.13282311,0.02958623,0.059321415,0.44263256,0.11951892,0.14791258,0.045866225,0.18478502,0.7398134,0.10272429,0.07045358,0.11426875,0.066062555,0.16010481,0.049433902,0.20331486,0.22787087,0.02967813,0.27936792,0.55428755,0.5927333,0.20073672,0.26539388,0.21998034,0.10973659,0.17178582,0.024424843,0.20352219,0.34340745,0.057248075,0.12930976,0.32280287,0.35872045,0.21717332,0.15385605,0.08676193,0.2854556,0.029965276,0.24558824,0.6061255,0.13133933,0.23671451,0.43756157,0.04534589,0.16232967,0.09354921,0.2697407,0.06532312,0.027847154,0.063265756,0.62544817,0.030567475,0.12793024,0.05675401,0.15161794,0.06715346,0.029788865,0.6426815,0.31049398
BC2026_Train_0008_S09_20250831_000000_20,0.0006391073,0.041003183,0.0018263606,0.047412015,1.2872102e-06,0.05758142,0.004023563,0.013719708,0.0031880792,0.003529755,0.08374609,0.0021656498,0.0009947399,4.1684754e-07,9.164275e-06,0.034877565,0.0005948554,0.000298986,0.02612034,0.004614071,0.0074640517,0.0003870486,0.01614495,0.0013588533,0.016512731,5.6631074e-05,0.02170903,0.036564216,0.0091299405,0.1381392,0.0226672,0.0034363007,0.045811165,0.046332177,0.0055926605,0.016278362,0.0744402,0.00545049,0.0050483574,0.09999551,0.04573503,0.0062237084,0.05021076,0.006400505,0.0054676337,0.0054676337,0.037017934,0.0034626396,0.0026313814,0.0036160734,0.013728274,0.014412553,0.014412553,0.014712448,0.5111571,1.6813691e-06,0.28239322,0.00088602747,0.00021681366,0.0048696157,0.01074459,0.000571718,0.010417153,0.03223319,0.0053865244,0.0014978127,0.012685776,0.0003292412,0.0034220498,0.045197506,0.009882227,0.0016742866,0.35549662,0.056502253,0.15059225,0.19355717,0.12606233,0.30203882,0.090769984,0.03429708,0.23629127,0.059530754,0.07523574,0.011743673,0.040520947,0.13915494,0.022277687,0.11042406,0.3680763,0.04653222,0.31785804,0.098691076,0.037382785,0.06474131,0.060766175,0.122559845,0.15809704,0.55115354,0.27590337,0.5067017,0.24252571,0.042042386,0.19314873,0.41908494,0.45555225,0.103659034,0.25189966,0.023375424,0.34592494,0.31106484,0.33698,0.25592062,0.02021292,0.21818581,0.056094635,0.3611759,0.063044146,0.10233155,0.17486003,0.2494912,0.04917043,0.18249498,0.5877796,0.7347915,0.049022704,0.2412822,0.21495438,0.058866147,0.15866643,0.2054769,0.09744138,0.4898107,0.033755593,0.049174678,0.18399282,0.04157778,0.26047975,0.17954883,0.08171393,0.12804383,0.030295538,0.1838889,0.20349275,0.7356061,0.09481588,0.08575744,0.65259707,0.042783573,0.30222893,0.49833733,0.08405821,0.03458582,0.14094272,0.052186504,0.07133434,0.7153965,0.12030778,0.11281499,0.41940147,0.049613234,0.03619121,0.136294,0.069820054,0.22222345,0.045864437,0.11040669,0.06116742,0.06992967,0.4757746,0.34554204,0.53947383,0.022449251,0.43096444,0.70632595,0.20971678,0.072740324,0.027652375,0.05775544,0.65098107,0.057669662,0.2695129,0.059056163,0.101183616,0.5435674,0.06989711,0.3605659,0.07219065,0.11040519,0.30492613,0.07994848,0.09946763,0.11422403,0.057070073,0.15091997,0.59216815,0.49776798,0.26789078,0.6736249,0.10329224,0.054213896,0.12715492,0.022965038,0.16100489,0.3567486,0.06560901,0.16404796,0.14208123,0.23268627,0.082248315,0.08775976,0.102903776,0.2978179,0.044804722,0.3491934,0.5857384,0.15239215,0.20435357,0.12876697,0.06876677,0.2797625,0.10081076,0.107438155,0.048093885,0.054026023,0.061434593,0.6665389,0.044663124,0.10171758,0.036315724,0.24389006,0.024892502,0.040518507,0.2511834,0.6523302
BC2026_Train_0008_S09_20250831_000000_25,0.00081104593,0.061420377,0.0020919032,0.09519703,1.549459e-06,0.06583297,0.0038890424,0.0077451137,0.004449144,0.0037077055,0.090544485,0.0024704416,0.0008882208,3.7318458e-07,9.390638e-06,0.033841074,0.00052213966,0.0003487187,0.04447376,0.005574372,0.010994721,0.00035395374,0.019800687,0.002881134,0.024973026,6.2619845e-05,0.049941808,0.028525107,0.01345597,0.2166526,0.0333747,0.0066223647,0.07498109,0.07453952,0.0056654518,0.02483864,0.12600522,0.011259028,0.008309914,0.14317101,0.08592312,0.0106042065,0.08500372,0.01198077,0.011682693,0.011682693,0.067927234,0.0068139243,0.0053602057,0.007554632,0.021688337,0.023206092,0.023206092,0.026607187,0.5236148,2.3525636e-06,0.2808872,0.00077443634,0.00016506811,0.005709274,0.014429675,0.0005215165,0.017343098,0.026570756,0.0059163943,0.00242916,0.018797824,0.00031323975,0.006115063,0.049920354,0.009679045,0.0012782109,0.19541965,0.09624606,0.15342338,0.20463462,0.11126105,0.38839352,0.09488406,0.069043435,0.10290273,0.09050986,0.104908645,0.011402373,0.048828624,0.13495961,0.030501252,0.16118719,0.24318725,0.08549176,0.26240247,0.08087981,0.028149089,0.26923007,0.057907213,0.25485894,0.098520026,0.60952246,0.15462545,0.17369868,0.286598,0.02957985,0.30161858,0.53677744,0.39703897,0.100444965,0.21213108,0.032534473,0.41790247,0.28806388,0.2138751,0.26938882,0.028694287,0.22211212,0.124980316,0.3525645,0.04460501,0.067070365,0.072385706,0.23140804,0.078542754,0.29126114,0.6037045,0.67927736,0.08205159,0.11195439,0.18623227,0.05493311,0.13628152,0.45968762,0.2055408,0.38133162,0.046072215,0.086738095,0.14632672,0.06516191,0.31556088,0.27728698,0.13687152,0.16403933,0.020327047,0.26575089,0.1576577,0.4705624,0.16919251,0.049709957,0.4237838,0.023009175,0.46027517,0.21548845,0.11813906,0.038110044,0.09469878,0.06035284,0.15480207,0.6688812,0.1100048,0.13845432,0.41295567,0.049999565,0.0458571,0.1636476,0.053141374,0.14381915,0.048800807,0.1677517,0.09581343,0.09727567,0.23845276,0.44016814,0.3706031,0.031317838,0.5770829,0.20058504,0.16070682,0.048642714,0.051189046,0.081989855,0.2490774,0.08002393,0.18556798,0.036759846,0.08473215,0.22248527,0.16880439,0.2662143,0.026718242,0.10980892,0.2089039,0.047877904,0.12698185,0.17301452,0.028057614,0.20101134,0.6793631,0.44031054,0.19283059,0.44293034,0.14838395,0.06687874,0.14305514,0.035194907,0.08054783,0.32043195,0.104589805,0.23176478,0.19347571,0.2908751,0.057734594,0.1261015,0.115496986,0.39234355,0.034483884,0.35191384,0.64243037,0.24565385,0.30782017,0.2718078,0.07972331,0.21720195,0.07057845,0.14057939,0.057886016,0.051313106,0.067235045,0.7166384,0.03873925,0.097389385,0.023029119,0.23599547,0.020649651,0.03430311,0.13444641,0.32701683
BC2026_Train_0008_S09_20250831_000000_30,0.00066460046,0.05058466,0.0029460248,0.085695945,1.2374503e-06,0.05800969,0.0035058467,0.007702443,0.0054076845,0.004226435,0.06506687,0.0024280867,0.00076951727,3.3978165e-07,6.99032e-06,0.021912007,0.00036048796,0.00032594014,0.03456216,0.0059128483,0.004712919,0.00026253043,0.011186695,0.0042174063,0.03769644,5.8927642e-05,0.033255566,0.03391675,0.010469117,0.17420883,0.042163674,0.0056618364,0.07755748,0.060604975,0.0054697115,0.01795407,0.13179807,0.008652514,0.00896967,0.104032815,0.0859187,0.011979099,0.09353636,0.010944302,0.009097432,0.009097432,0.05764944,0.006030652,0.004266477,0.0056911344,0.022905296,0.024452409,0.024452409,0.030220404,0.4436195,1.6527348e-06,0.27585664,0.0010214356,0.00015937697,0.012336102,0.013061005,0.00068916543,0.013138406,0.014903402,0.01721443,0.0023567774,0.018758543,0.00031056014,0.0020323712,0.049307283,0.0091995485,0.0018426715,0.104522616,0.06665831,0.10505939,0.2159756,0.1391739,0.31565487,0.1144356,0.061583087,0.05497633,0.23961352,0.0875818,0.013220313,0.041553173,0.22243764,0.035656016,0.14098354,0.17287137,0.07513941,0.4417597,0.0615986,0.021884918,0.11061466,0.0719572,0.23856014,0.071034715,0.5225362,0.1327506,0.11028545,0.33982304,0.06182444,0.23417702,0.5382811,0.47972137,0.07714103,0.10479228,0.023731127,0.20804515,0.21438174,0.09149438,0.27564952,0.014692018,0.26153594,0.053643223,0.31775692,0.05235945,0.10042371,0.06418756,0.12438931,0.04039164,0.3250124,0.31255352,0.5851607,0.070722796,0.11171512,0.13177189,0.08212099,0.31003988,0.28835776,0.053315133,0.41745,0.07210886,0.048171706,0.120180905,0.12897746,0.26347664,0.25164765,0.10261659,0.21254793,0.020490037,0.21795796,0.21391419,0.30331585,0.16726796,0.19711891,0.30991527,0.024669522,0.3201685,0.23427507,0.08041695,0.040766895,0.16399471,0.047377624,0.1269898,0.24377465,0.18979746,0.06724825,0.35472474,0.08091659,0.04914794,0.1820671,0.060669336,0.19942576,0.044203527,0.22774307,0.060012236,0.16179562,0.229089,0.5094571,0.3341272,0.013205829,0.27290374,0.43747643,0.32413864,0.046408635,0.056529492,0.11037709,0.20665582,0.08097834,0.27024162,0.059471376,0.07864255,0.17001076,0.061510533,0.10186667,0.024982132,0.079943575,0.2502056,0.04662185,0.23231623,0.16420549,0.023486182,0.15383719,0.5925402,0.3435375,0.08780462,0.55355734,0.18508264,0.05547066,0.19630353,0.057482533,0.03332452,0.33753517,0.12287514,0.15657544,0.20384464,0.25257173,0.09290131,0.14410734,0.16216776,0.4035466,0.04736034,0.27162644,0.6147259,0.26327324,0.27234492,0.10264723,0.117916234,0.063132845,0.08898523,0.105031565,0.07152363,0.045928143,0.10102715,0.72731483,0.064670116,0.28505576,0.02005856,0.16662183,0.018829832,0.02695452,0.1706479,0.36439648
BC2026_Train_0008_S09_20250831_000000_35,0.0005865862,0.04333136,0.0019833322,0.1898027,1.378432e-06,0.052168187,0.0035900045,0.0129390415,0.005720043,0.0049283463,0.079148985,0.002304109,0.0010344236,3.3794822e-07,7.347527e-06,0.025613444,0.00035858463,0.00031482594,0.04323888,0.004031201,0.0056711454,0.00025139944,0.012455388,0.0025114473,0.024066547,5.6196295e-05,0.026731959,0.045053802,0.009563804,0.18109202,0.039858237,0.004752767,0.06660066,0.055111144,0.0054259957,0.014785152,0.10836006,0.0067454157,0.008122858,0.085495375,0.08119388,0.011652426,0.08163768,0.00921242,0.0061174063,0.0061174063,0.050724912,0.0050339717,0.0036090934,0.004839856,0.020247374,0.021873944,0.021873944,0.028426155,0.3637052,1.5034556e-06,0.2752267,0.0012817396,0.00016470722,0.00557041,0.012376374,0.0008288484,0.027823724,0.021241054,0.008206765,0.002261515,0.015197624,0.00033344404,0.0016434576,0.058656804,0.009331641,0.0021319683,0.090683825,0.052714016,0.086597554,0.17238703,0.12107773,0.25228834,0.16615263,0.05146463,0.051040486,0.07565441,0.071084306,0.024829542,0.05110311,0.2519529,0.030185688,0.12038784,0.17555743,0.062161207,0.55000836,0.060548183,0.031070078,0.078896604,0.076621026,0.1833312,0.05359188,0.5313372,0.15978219,0.13278882,0.23929562,0.03026177,0.2735991,0.5562915,0.503536,0.07369287,0.07088585,0.020277834,0.19307822,0.12162743,0.09450239,0.2061244,0.016187118,0.25479054,0.121061236,0.1835113,0.052947205,0.07958614,0.06455225,0.124310754,0.047416423,0.2830582,0.14717184,0.56801873,0.05853827,0.07787139,0.0891608,0.06010787,0.08678268,0.20447871,0.1001692,0.4321265,0.052191697,0.036558405,0.10839712,0.058390178,0.13140571,0.23989354,0.12606832,0.14984089,0.021045595,0.24826185,0.08522365,0.26782084,0.14612992,0.12027144,0.3758785,0.032750964,0.3382172,0.20266634,0.06383423,0.03723263,0.068718374,0.05669803,0.08295347,0.12851241,0.07828444,0.05708759,0.24053586,0.087913,0.04711961,0.20153686,0.04422559,0.15977168,0.030856425,0.1799261,0.07574302,0.100224815,0.1330266,0.42787224,0.35976276,0.010373244,0.21613406,0.37372136,0.18279323,0.037513364,0.043766335,0.10340355,0.27287373,0.090634145,0.25397846,0.03946416,0.069817364,0.12117674,0.058377698,0.09181337,0.02956723,0.07806163,0.25424066,0.053801388,0.10605778,0.18334696,0.029414047,0.12879477,0.3350917,0.3304962,0.095370255,0.43515947,0.13037398,0.0944861,0.16115192,0.032939106,0.056070525,0.29709795,0.095578216,0.11640166,0.20405504,0.29069218,0.07129857,0.14954028,0.16000475,0.42114657,0.0732502,0.15963346,0.66313267,0.26155114,0.3487532,0.12681563,0.095573284,0.04098978,0.09854576,0.08637555,0.043325525,0.033452287,0.07664508,0.6433512,0.039404567,0.16149598,0.017585233,0.10098317,0.01621787,0.05127368,0.17727329,0.1811469
BC2026_Train_0008_S09_20250831_000000_40,0.0006388924,0.045418527,0.001720781,0.08545254,1.0607373e-06,0.0730518,0.0032058614,0.007974829,0.003745381,0.0039769937,0.07141032,0.002226813,0.00082374405,3.8530527e-07,7.893706e-06,0.027402036,0.0003505273,0.00030283778,0.038597472,0.004395112,0.0058567333,0.000368264,0.008295682,0.0027293905,0.021780731,5.3179898e-05,0.035915468,0.04194043,0.008239812,0.2111695,0.03757465,0.0048217042,0.0680639,0.05795792,0.005593556,0.015202016,0.09765405,0.008040202,0.008304856,0.096472435,0.08624803,0.010559035,0.076919965,0.008941282,0.006433145,0.006433145,0.050506055,0.00499589,0.0043159295,0.005617137,0.019078953,0.020264726,0.020264726,0.027429359,0.41096818,1.6226352e-06,0.2764707,0.0014392966,0.0001647505,0.00679176,0.009812449,0.0005459976,0.012940044,0.014573713,0.006176978,0.0019958033,0.018801892,0.00025099205,0.0021547142,0.07007782,0.009407398,0.0034503597,0.075316876,0.042993437,0.11350812,0.19431011,0.117958635,0.22004685,0.2472867,0.06411392,0.05036751,0.05771011,0.078178145,0.016267668,0.0509933,0.24081334,0.022956153,0.1340334,0.18632478,0.051716715,0.37543452,0.07566388,0.04218325,0.082007796,0.13429831,0.16949213,0.068892285,0.5328833,0.12648813,0.1128579,0.26220906,0.03512858,0.29126844,0.5105005,0.45364058,0.08129513,0.06280394,0.021041669,0.15904135,0.104742795,0.08298705,0.1759132,0.019516308,0.19650358,0.037892558,0.22469679,0.03414281,0.08234945,0.08107956,0.1061348,0.07395595,0.17590791,0.20265183,0.5094741,0.13256103,0.078601405,0.080195665,0.058637742,0.07003507,0.2149864,0.18514594,0.41669193,0.058167107,0.030033432,0.09697719,0.051404182,0.23002161,0.19867739,0.107888326,0.14391914,0.020911109,0.23234339,0.061173767,0.3123527,0.12337872,0.07996404,0.23374216,0.028828502,0.30597633,0.26248688,0.060064327,0.029194225,0.050258007,0.05535194,0.09786924,0.17495824,0.060674705,0.04888692,0.44170165,0.055096176,0.036324847,0.12331318,0.05385568,0.16534038,0.023032364,0.18573204,0.058839977,0.12647553,0.09674872,0.43331155,0.19834793,0.0077887177,0.28389394,0.2425332,0.16023895,0.049853727,0.034024604,0.06539016,0.20101777,0.095506,0.20410675,0.029030355,0.0739395,0.14982612,0.062022798,0.069080375,0.03818636,0.068740584,0.21718332,0.04943163,0.0797417,0.18968612,0.029207248,0.11648569,0.30535913,0.24193023,0.08710194,0.5329043,0.13878274,0.045467127,0.12569666,0.03107047,0.055107728,0.223333,0.08282329,0.09682591,0.3501556,0.22039379,0.07167716,0.13182525,0.14784066,0.28137326,0.04894901,0.17559487,0.5876685,0.19604222,0.17677547,0.13686244,0.064091064,0.045933135,0.08098382,0.09973756,0.05107314,0.03415825,0.124316745,0.6811341,0.029036516,0.12844688,0.020009669,0.1456285,0.021336535,0.029626656,0.18192324,0.23549502
BC2026_Train_0008_S09_20250831_000000_45,0.00076566293,0.042779654,0.0021441204,0.1456993,1.2240441e-06,0.056552894,0.0036279676,0.005896999,0.0032157148,0.0033604908,0.07689379,0.0025067278,0.0009489515,3.2930103e-07,1.00834695e-05,0.026373316,0.00040777397,0.00033657183,0.031079784,0.0037044224,0.007012645,0.00028892132,0.009487045,0.0024069024,0.027327215,6.23851e-05,0.024379298,0.03243433,0.009253882,0.1767667,0.034846745,0.004290546,0.06639553,0.048355144,0.005380848,0.013409662,0.09663933,0.007915561,0.008431979,0.07610418,0.07485636,0.010857166,0.061878912,0.008111645,0.007747389,0.007747389,0.04892055,0.00512857,0.0038470104,0.0051593287,0.016689789,0.017729253,0.017729253,0.023986828,0.39667997,1.6763285e-06,0.278136,0.0010897534,0.00016352712,0.0063738585,0.0102824615,0.0006481171,0.015012051,0.021473465,0.0070753386,0.0017688279,0.015990354,0.00029108347,0.0034572294,0.063000284,0.009637546,0.001685508,0.096509576,0.06544054,0.14373526,0.2884687,0.14355879,0.26741907,0.15508565,0.05061554,0.07264334,0.07868326,0.071698815,0.012995364,0.045233395,0.19996108,0.034399755,0.09198483,0.21372733,0.06322154,0.25130576,0.080588914,0.03257663,0.16523084,0.053365048,0.23862486,0.042480964,0.5727693,0.1805003,0.17368557,0.34127754,0.031690966,0.18073465,0.55636173,0.33021438,0.11005227,0.17217161,0.066629976,0.22538371,0.10907236,0.0715963,0.2308871,0.027957946,0.19565494,0.050362606,0.27855465,0.027308788,0.18879351,0.07406862,0.21143825,0.04986025,0.24471924,0.44521248,0.49164525,0.07191045,0.07913441,0.16149887,0.04515622,0.10267302,0.52664703,0.16361581,0.539228,0.055418115,0.040924247,0.061290186,0.03800669,0.3205742,0.29864022,0.21734628,0.10575702,0.029310096,0.38983122,0.07156635,0.35430488,0.12892981,0.056260806,0.24886328,0.030407792,0.32991946,0.36603656,0.09769538,0.024939632,0.1015531,0.05370578,0.15936936,0.6375047,0.058238596,0.16337581,0.34911138,0.056536514,0.040496174,0.11005295,0.06841841,0.1421521,0.035181347,0.25852704,0.10896882,0.07098236,0.16155513,0.40147716,0.25383472,0.009185692,0.6406605,0.21192619,0.09937212,0.08681151,0.045459002,0.08871749,0.37690514,0.10701654,0.1972014,0.03228826,0.11042703,0.22728057,0.11913236,0.056216873,0.051517036,0.05472605,0.19771084,0.07411818,0.09925564,0.16794012,0.029774517,0.14253466,0.7497887,0.3840419,0.24351226,0.3932054,0.3585314,0.12256384,0.12483563,0.041679002,0.16934443,0.31962124,0.077363946,0.10169431,0.19420072,0.14250155,0.09658176,0.12002075,0.12339093,0.39897925,0.031494185,0.26605442,0.6284401,0.26527125,0.20664665,0.6963811,0.08445227,0.07540927,0.0980889,0.08418264,0.0643035,0.039692584,0.10992264,0.672394,0.032234453,0.18609397,0.03197036,0.12333562,0.020039754,0.025950372,0.23457326,0.4057471
BC2026_Train_0008_S09_20250831_000000_50,0.0006262859,0.046674185,0.0026677928,0.09644442,1.0411084e-06,0.08953204,0.003668351,0.0062283096,0.006116337,0.0039784894,0.07969014,0.0031167662,0.0007129249,2.9067044e-07,8.701089e-06,0.062349256,0.0004134471,0.0002788844,0.04210729,0.004563795,0.0065599754,0.00031033496,0.009203214,0.0028036006,0.030808227,5.5095188e-05,0.038870025,0.035074614,0.0122950375,0.27293116,0.03034008,0.005693426,0.0637431,0.04856471,0.0050467593,0.015480755,0.08162263,0.0076726126,0.008225804,0.08998579,0.06944798,0.010372217,0.069212906,0.010290811,0.00819885,0.00819885,0.052880287,0.005540448,0.0044611855,0.005711276,0.01855293,0.019424295,0.019424295,0.024171961,0.29495406,1.3209177e-06,0.27018833,0.0035284443,0.00011961187,0.0075332513,0.029791344,0.00044601373,0.020604396,0.020651393,0.008081677,0.002480957,0.013931165,0.00031667438,0.0025033015,0.100483835,0.009140915,0.0019120967,0.09076889,0.1600128,0.10360203,0.339025,0.10131003,0.21999733,0.10007912,0.06972715,0.075017005,0.06312411,0.06778244,0.01309392,0.06867429,0.09783263,0.02714308,0.0945811,0.11206562,0.05019056,0.26451853,0.055847656,0.054011326,0.11199487,0.046549927,0.27504468,0.051403895,0.5020757,0.14459662,0.12794156,0.19810879,0.025744192,0.18276767,0.53700113,0.2583802,0.08974774,0.05348351,0.026418677,0.16781203,0.12522884,0.07028616,0.21588343,0.012812478,0.112761036,0.03851658,0.17774667,0.032817814,0.11075573,0.059953466,0.13202405,0.07303962,0.1669975,0.18365103,0.45478183,0.053949907,0.05285788,0.20191976,0.04572308,0.08432474,0.50914645,0.13531315,0.44896725,0.04539106,0.039647754,0.08380175,0.028343687,0.24314061,0.18528152,0.2295924,0.17320332,0.04983831,0.19487832,0.08875594,0.21548723,0.28828964,0.047245473,0.20315808,0.029130735,0.27313843,0.38992313,0.057725094,0.025177546,0.08287708,0.041223392,0.1173557,0.14224298,0.07176524,0.036803763,0.58703166,0.04325447,0.059385255,0.10110374,0.10459522,0.11823289,0.032391172,0.21503468,0.047338985,0.07915978,0.111319825,0.4219864,0.23956117,0.007196103,0.13023233,0.2470549,0.076396465,0.04499715,0.034787294,0.077656426,0.18190569,0.06756422,0.20031151,0.023692384,0.07307176,0.14210972,0.16616748,0.1158108,0.027569849,0.048896432,0.1866793,0.05318632,0.10833143,0.12446741,0.05665621,0.15459815,0.39789376,0.18674803,0.13649538,0.21536212,0.44496045,0.06818333,0.067793414,0.04431833,0.029516287,0.3487189,0.10899913,0.094391115,0.29846415,0.2214588,0.061435904,0.13383654,0.09580962,0.37461555,0.030443747,0.15818638,0.68653,0.19796045,0.11787626,0.7663625,0.05264874,0.05713746,0.06254255,0.070284784,0.04331834,0.02291509,0.26464996,0.6191286,0.026485251,0.28189844,0.021075226,0.07463032,0.034528907,0.043261934,0.2086531,0.16670983
BC2026_Train_0008_S09_20250831_000000_55,0.0006894704,0.041427184,0.0017130453,0.08905732,9.744105e-07,0.0519431,0.006520452,0.009057466,0.0048412583,0.0048898077,0.09999643,0.0021404275,0.0009458172,3.4705806e-07,6.662478e-06,0.029127143,0.00037988703,0.00030221982,0.07959219,0.00299203,0.005033323,0.00023822815,0.008468796,0.0025845056,0.019654768,5.2546624e-05,0.037257507,0.045140482,0.009851673,0.21597609,0.04543986,0.0047226567,0.07558296,0.06024538,0.005439472,0.013987003,0.09248513,0.006617306,0.009997403,0.087505504,0.10762868,0.013424967,0.076095626,0.008999273,0.005397635,0.005397635,0.04600853,0.0046806117,0.0037280512,0.0049526226,0.018101687,0.01925361,0.01925361,0.035421297,0.27731028,1.4468002e-06,0.27508304,0.0014946605,0.00015203525,0.004991895,0.015488579,0.00057606754,0.01419813,0.015789699,0.006260908,0.002366177,0.013870757,0.00024671524,0.0018124166,0.06004499,0.009227174,0.0018485842,0.06842733,0.056735475,0.12684806,0.18354067,0.101610504,0.17990698,0.16883294,0.06469381,0.053271312,0.05974166,0.053006176,0.011204277,0.044903856,0.20163952,0.03856167,0.119497426,0.1449596,0.05231239,0.58051574,0.050388586,0.05222707,0.0694406,0.056478143,0.2081604,0.04880254,0.58767444,0.13102259,0.082140416,0.20861438,0.026655985,0.2306743,0.6221503,0.5362372,0.07090101,0.07175862,0.018957904,0.1464324,0.13553189,0.08025523,0.24520744,0.018078996,0.24008086,0.03595254,0.26383486,0.034082025,0.057646543,0.05652667,0.11002485,0.05260487,0.21745612,0.15816428,0.42660293,0.06380443,0.10643463,0.14145364,0.06306475,0.0963663,0.20185764,0.05298478,0.41393182,0.079014644,0.030932019,0.10042839,0.0481074,0.14873376,0.20070206,0.069536924,0.1931156,0.028248986,0.22677177,0.058581296,0.29210037,0.123110145,0.11971316,0.31393597,0.023713935,0.2520209,0.2638808,0.050048154,0.02882978,0.061151512,0.048831873,0.09611598,0.20640397,0.07987115,0.052864768,0.3855768,0.043308243,0.054384723,0.12901895,0.05019208,0.17084852,0.025031077,0.14340529,0.04538546,0.06473105,0.14135638,0.4714839,0.20236112,0.007101375,0.19454502,0.272523,0.1839034,0.120060325,0.030170843,0.08861886,0.21060517,0.06290319,0.20499782,0.029188449,0.06620584,0.16699003,0.0609964,0.07408844,0.028479477,0.06921076,0.23444715,0.07978199,0.08430993,0.12582791,0.028905826,0.111791834,0.2715943,0.20086884,0.055926222,0.62571675,0.12486111,0.050724052,0.17994267,0.027381793,0.027790047,0.3102104,0.06294819,0.121049024,0.20526512,0.28413033,0.08807652,0.109448396,0.14956316,0.28916207,0.04379988,0.16206369,0.64649594,0.21713477,0.16464554,0.17139685,0.07231872,0.04419687,0.073236324,0.09078139,0.039957233,0.032727703,0.076704085,0.6284447,0.034996755,0.1178365,0.01795905,0.10698563,0.03174124,0.022805236,0.19474731,0.17946357
BC2026_Train_0008_S09_20250831_000000_60,0.0007349173,0.042419065,0.001993245,0.08366048,1.2653676e-06,0.06728011,0.0032937243,0.007362233,0.006367245,0.0038871474,0.075288065,0.0018550254,0.00086844614,3.3478403e-07,7.656999e-06,0.032503918,0.00042250814,0.00032566395,0.03604561,0.0029032847,0.009746422,0.00030283467,0.010583059,0.0025237014,0.028392075,6.131021e-05,0.06303321,0.034051254,0.0094569735,0.25232387,0.034015134,0.0043302756,0.062653586,0.053703934,0.0054810387,0.012859382,0.08801541,0.007867246,0.007878077,0.08115733,0.08180586,0.010999186,0.06832624,0.008140232,0.006786252,0.006786252,0.049636267,0.0049103987,0.0039340053,0.005349628,0.017078912,0.018153414,0.018153414,0.02645031,0.34515533,1.771637e-06,0.27613288,0.0010880306,0.00018462371,0.004995904,0.009450775,0.00056701415,0.015996214,0.025915718,0.006324239,0.0022381037,0.016350646,0.00031122897,0.0025326142,0.061855618,0.009325899,0.0015927018,0.08182907,0.046038166,0.09704146,0.27037382,0.12217241,0.2500492,0.12701295,0.053841665,0.059535425,0.05310878,0.05449108,0.01621793,0.04185641,0.19935298,0.029905463,0.14471425,0.19105797,0.051284425,0.47550938,0.050017193,0.038697135,0.0700383,0.040594827,0.25756294,0.070109904,0.5433926,0.13482344,0.1376345,0.19875412,0.047670763,0.26979217,0.5250308,0.4908785,0.080883324,0.055909134,0.022572143,0.19414282,0.14263196,0.11578843,0.19852765,0.015886882,0.19961002,0.0509862,0.25778905,0.02798453,0.058661304,0.06695722,0.118361816,0.03375588,0.21947367,0.15914868,0.504327,0.05647789,0.06883375,0.15138093,0.048080392,0.08336339,0.14221713,0.1449795,0.58229476,0.049415104,0.036712494,0.1396325,0.055326264,0.124152616,0.20880681,0.09454385,0.16037782,0.026265826,0.19772513,0.07741435,0.26069975,0.15597725,0.08708979,0.21740957,0.024944939,0.23377784,0.3233543,0.06712233,0.027332708,0.085547805,0.04979287,0.117466465,0.15568794,0.057476174,0.036408134,0.35481843,0.060805254,0.0369095,0.16500661,0.07163261,0.16372702,0.02696848,0.22471459,0.043524127,0.065287285,0.1006421,0.32885572,0.3311252,0.008023877,0.18082723,0.2626054,0.16739063,0.04017956,0.026672857,0.1590359,0.21964912,0.05295702,0.21907996,0.026022661,0.07141916,0.2562561,0.0850727,0.108867764,0.04820529,0.07511461,0.22806305,0.049259007,0.095368534,0.15633827,0.027949732,0.12809834,0.387138,0.30160815,0.13693957,0.29754162,0.15644631,0.069515474,0.11357649,0.028928827,0.038365595,0.21544991,0.067628816,0.12350584,0.23972961,0.25578967,0.052777622,0.13272476,0.11899629,0.31335586,0.052066844,0.16013707,0.661757,0.22174533,0.18662722,0.124830715,0.07768783,0.05744283,0.06428198,0.075848795,0.045432344,0.03309018,0.07088268,0.6488255,0.029304305,0.105946,0.029484404,0.116497606,0.01753228,0.031512816,0.16320193,0.19983053
BC2026_Train_0009_S09_20250828_000000_5,0.0033406103,0.043523576,0.0018069545,0.18134725,1.6369158e-06,0.11725498,0.0069033015,0.01176917,0.004815712,0.006217247,0.43273115,0.0022285809,0.0014777959,2.3202183e-07,6.1133946e-06,0.060529668,0.00044468878,0.0002756477,0.032200422,0.006661075,0.037920814,0.00037225237,0.018229503,0.0061052875,0.067962095,5.74098e-05,0.05940757,0.07779046,0.012548118,0.20442154,0.028738067,0.0057545123,0.10119385,0.04159724,0.004919024,0.011684652,0.11202846,0.008648671,0.00830532,0.08827136,0.08757245,0.008793271,0.0757697,0.010917469,0.0067251776,0.0067251776,0.059805352,0.0061265756,0.0053755166,0.007128599,0.017550724,0.018566348,0.018566348,0.02680348,0.49594435,1.5414658e-06,0.25426745,0.00045382802,0.00017169084,0.0071371095,0.07145906,0.0005246001,0.013817288,0.08932844,0.0101329265,0.0043038707,0.031268302,0.00039111468,0.0049144933,0.035123404,0.008008901,0.0007107016,0.111882724,0.17074534,0.111131534,0.18658383,0.0953255,0.42533177,0.35822436,0.24138954,0.06268149,0.034063123,0.1227314,0.03261249,0.04208128,0.16991562,0.13682367,0.14280239,0.30349264,0.047053114,0.16166842,0.19686759,0.2182959,0.2873813,0.096068464,0.36057907,0.05328934,0.8778099,0.23361887,0.13226159,0.23773438,0.09901109,0.31359923,0.7365079,0.6874509,0.23068553,0.043774184,0.017623955,0.27898198,0.15932277,0.06561324,0.5310868,0.047111206,0.20042327,0.027899435,0.33106965,0.04929987,0.47127306,0.057670183,0.3869577,0.13163963,0.4122279,0.22648095,0.9124472,0.08508477,0.15821233,0.14737894,0.04801278,0.057782833,0.792163,0.10706703,0.34778202,0.096574776,0.17958099,0.11955564,0.026164303,0.5900556,0.3241215,0.44973442,0.22102973,0.07055618,0.32304442,0.08421493,0.1450344,0.26837906,0.06115565,0.417475,0.15961012,0.55632025,0.25204897,0.105307244,0.13416491,0.10107727,0.049691815,0.103438705,0.12855938,0.143604,0.028388442,0.564031,0.37127888,0.083011046,0.06978778,0.20937538,0.12550254,0.08096754,0.41866818,0.19241397,0.12466785,0.10942441,0.766985,0.54420626,0.041218206,0.06083054,0.20967598,0.5993649,0.0890413,0.1640856,0.074576676,0.15867594,0.14863333,0.59649324,0.058744386,0.13693956,0.17113669,0.1017158,0.11542156,0.021733247,0.17504553,0.1256387,0.26583531,0.09333771,0.33438304,0.0802674,0.23036903,0.39375338,0.22670004,0.19507933,0.25338817,0.45648375,0.1336016,0.080128804,0.034901917,0.030370506,0.44764647,0.24090819,0.21088503,0.25694397,0.27919123,0.029654346,0.26915488,0.12032637,0.46644497,0.0903734,0.19043657,0.6875518,0.54445016,0.14111653,0.4627721,0.16884476,0.054992385,0.043768845,0.033825994,0.094099045,0.060271926,0.3149763,0.8525695,0.06722277,0.49213904,0.017072855,0.1698831,0.05237181,0.16322681,0.10684219,0.26485324
BC2026_Train_0009_S09_20250828_000000_10,0.0035203851,0.05219931,0.0017253861,0.049747583,1.083044e-06,0.10286938,0.005071213,0.059943207,0.004697938,0.006218439,0.43640196,0.0014756433,0.0023943933,2.896109e-07,5.8893706e-06,0.032946613,0.00029722316,0.00029132218,0.062314205,0.005957864,0.010296714,0.00030562084,0.037751827,0.0022352738,0.0558833,6.260979e-05,0.06300243,0.1117345,0.014268842,0.18870726,0.0382271,0.0052137543,0.0982488,0.06314394,0.0054874658,0.014543136,0.11624164,0.0059832525,0.0079242,0.12440544,0.09269787,0.007444179,0.098188,0.010123274,0.0045031123,0.0045031123,0.05548324,0.0050143995,0.004255233,0.0055336216,0.021294218,0.023313629,0.023313629,0.028782913,0.5376253,1.6227187e-06,0.26118356,0.00045035713,0.00019753269,0.006037307,0.03359493,0.0004336897,0.0127187725,0.02206449,0.00453365,0.004316815,0.019253667,0.00036146684,0.0020992442,0.030668454,0.008230226,0.000838674,0.089812204,0.11388608,0.16736765,0.1439513,0.10263952,0.5642775,0.15163468,0.1426719,0.07995673,0.029310852,0.20870051,0.015218713,0.04862668,0.27424562,0.12731266,0.3669665,0.22852483,0.068328224,0.16922536,0.1484555,0.0531352,0.19285983,0.054842602,0.14152837,0.15218188,0.77140045,0.12299549,0.29586688,0.22841461,0.032540623,0.46041006,0.67814904,0.6367855,0.10627291,0.05516156,0.015188403,0.5891241,0.35065222,0.092691384,0.652069,0.04463383,0.2531978,0.03662879,0.4781402,0.0906687,0.1799355,0.052133758,0.5186785,0.19444728,0.46014786,0.4519717,0.91317767,0.12361788,0.2754687,0.23702526,0.0667669,0.101237394,0.37002695,0.096630506,0.29112956,0.057277918,0.28388062,0.19110905,0.02457765,0.41608268,0.3600441,0.24298234,0.23935172,0.039990384,0.24184255,0.17068939,0.22472656,0.12307733,0.057572816,0.42171985,0.14193994,0.5375639,0.2843588,0.0964083,0.15269974,0.17295283,0.12932432,0.117885634,0.68990517,0.097116195,0.057457343,0.41594985,0.10724323,0.07496954,0.13040136,0.09410202,0.22900751,0.113347515,0.2212754,0.15578222,0.13580027,0.14841917,0.72316027,0.63127977,0.054056577,0.13487102,0.20651315,0.36476028,0.12564048,0.11790095,0.094306745,0.392036,0.15686767,0.57129216,0.04287629,0.13125618,0.24834004,0.07511806,0.09633388,0.018719299,0.3091438,0.09889969,0.3597112,0.117038086,0.70041466,0.18829294,0.37280524,0.7320023,0.31344944,0.2878968,0.59144795,0.1743969,0.07987514,0.13110137,0.04754186,0.03408418,0.3848949,0.26383927,0.40743998,0.178869,0.31863868,0.037394114,0.13951765,0.21406071,0.4889857,0.05508431,0.19647057,0.73540485,0.60639524,0.20560557,0.15108332,0.24475753,0.068830736,0.0595485,0.033881553,0.11839137,0.13174689,0.116538025,0.829123,0.06582154,0.25263667,0.019590208,0.34520707,0.03388437,0.08430883,0.17147276,0.23537241
BC2026_Train_0009_S09_20250828_000000_15,0.0029923462,0.05335076,0.0017661985,0.033267774,1.1039064e-06,0.06741657,0.0076931333,0.02142673,0.005730199,0.00755052,0.6332557,0.0018177594,0.0018409935,2.66655e-07,7.790128e-06,0.020665338,0.00034430646,0.00031058755,0.031122591,0.004827777,0.009747571,0.00017249692,0.009897944,0.0039774235,0.07820508,6.0843213e-05,0.060466222,0.07514648,0.01639409,0.1329195,0.049268097,0.0062943916,0.13338996,0.07490804,0.005458203,0.014127962,0.17203076,0.011817108,0.014724349,0.09325991,0.14760414,0.014528902,0.10930389,0.012602048,0.0075701512,0.0075701512,0.07921208,0.008374484,0.0068671224,0.008573772,0.023740236,0.025463399,0.025463399,0.04754497,0.35022774,1.8718476e-06,0.26168576,0.00034297458,0.00033291455,0.005503093,0.0430628,0.00044414005,0.009188557,0.02174385,0.0039036816,0.009544315,0.029013943,0.0003516943,0.0021164794,0.028646015,0.008394149,0.0007841831,0.10797838,0.085498534,0.12697096,0.11214805,0.14693291,0.49238968,0.20807141,0.15528923,0.04526865,0.03766973,0.17608593,0.018240632,0.0503046,0.30707866,0.19195953,0.43382177,0.30513728,0.077417776,0.16396916,0.22472088,0.04627274,0.19853027,0.086185165,0.11648947,0.11788121,0.73059,0.13085836,0.059553552,0.4029858,0.059548423,0.58202064,0.7582234,0.64967626,0.12223315,0.067993775,0.012724735,0.37185618,0.3014305,0.1241344,0.6003307,0.0608625,0.521849,0.04628078,0.43369976,0.09658016,0.22143735,0.044921976,0.5441587,0.20821148,0.33386835,0.35807753,0.82615966,0.18294768,0.11372455,0.14330964,0.06851087,0.13130291,0.54938686,0.091932476,0.32321578,0.043515645,0.23752494,0.17698821,0.036550052,0.5371079,0.40738538,0.56238675,0.38224593,0.04055453,0.18858664,0.098274335,0.2119741,0.21426167,0.06884084,0.38306236,0.24989644,0.5565546,0.28738678,0.10452207,0.19485423,0.19451773,0.08497558,0.1404465,0.2389118,0.06294805,0.054292712,0.60547936,0.24358886,0.0768007,0.13037887,0.1527023,0.20954503,0.22659582,0.31679806,0.15786827,0.1843593,0.1379053,0.690594,0.7073379,0.02312686,0.09430645,0.25680226,0.30513352,0.07619322,0.093595184,0.11273589,0.22105353,0.2675973,0.6024601,0.18012288,0.2722966,0.34316605,0.060642943,0.053744957,0.052575994,0.21375483,0.08592842,0.64336526,0.18457058,0.8980712,0.05764185,0.31189626,0.38085487,0.33955204,0.52277887,0.46082819,0.23272039,0.14399791,0.16447319,0.05026593,0.08273405,0.41205686,0.252019,0.37411156,0.31848088,0.28742972,0.079945244,0.16672672,0.19303767,0.39510208,0.0661629,0.1634929,0.74504066,0.7879273,0.22245711,0.34012577,0.36061892,0.030440936,0.06881991,0.056138,0.06364091,0.12301713,0.26746392,0.8092419,0.090923086,0.26150483,0.051965512,0.31695163,0.0332946,0.060557436,0.14280681,0.29243532
BC2026_Train_0009_S09_20250828_000000_20,0.0023772363,0.055367112,0.0014073753,0.036295146,1.285839e-06,0.07283281,0.0046223546,0.011824324,0.0038073105,0.0033266128,0.19178592,0.0017582402,0.0011859479,2.44569e-07,7.0896385e-06,0.024168946,0.00031957,0.00025841442,0.016821872,0.0045202966,0.022188218,0.00029997993,0.008930977,0.0035414537,0.060698096,6.7826106e-05,0.049047843,0.0851044,0.012319364,0.1335891,0.035724707,0.006335476,0.09291532,0.07821134,0.0052149007,0.0160543,0.19964927,0.01268996,0.009369832,0.10425349,0.110888414,0.010047748,0.11285876,0.012382408,0.0074265036,0.0074265036,0.07868489,0.007449118,0.0065764203,0.008408564,0.024148522,0.02627303,0.02627303,0.033614643,0.50369805,1.4883287e-06,0.26255473,0.0002591121,0.00021547814,0.0071729547,0.03396914,0.0004658638,0.010550867,0.02665942,0.0053484403,0.006157452,0.018168403,0.00033245474,0.0019716676,0.032808654,0.008368911,0.00081586785,0.09995884,0.21256724,0.15339135,0.14132592,0.14306371,0.51562816,0.15396717,0.09095347,0.059066262,0.026343962,0.16308856,0.016265133,0.04016928,0.24821997,0.10718145,0.25666776,0.34238607,0.07219275,0.21735525,0.16492184,0.05726141,0.108399056,0.034993447,0.22702944,0.11298469,0.70109564,0.16163455,0.0972186,0.39559954,0.038674083,0.6222883,0.804124,0.7579575,0.14726746,0.07051451,0.018125612,0.31515023,0.22593804,0.1088062,0.36523882,0.06046848,0.39972863,0.046999127,0.42731857,0.06108982,0.19681688,0.05660872,0.6553756,0.14440474,0.34551468,0.5018264,0.76352715,0.14961082,0.13313738,0.17570204,0.053021964,0.093363434,0.29462957,0.052291736,0.44886035,0.05289146,0.17645115,0.1811448,0.02022727,0.6125708,0.38609052,0.38069403,0.29839933,0.04377131,0.2379686,0.15823232,0.14094655,0.15234762,0.069541894,0.3131384,0.12995216,0.5483182,0.23575339,0.13562918,0.2195226,0.2305145,0.07815743,0.09706901,0.17463072,0.08071258,0.04049546,0.37010208,0.105980724,0.112338364,0.11216135,0.06420957,0.22663856,0.13365929,0.20815232,0.06658003,0.18802372,0.11520312,0.5947243,0.4478629,0.024463268,0.07081444,0.32695284,0.42719713,0.15615395,0.07338446,0.08104039,0.26814845,0.21464542,0.43843004,0.086092286,0.12040043,0.2777812,0.09570304,0.1008311,0.03669828,0.26575395,0.10625111,0.4442899,0.35125917,0.3622837,0.0688823,0.2939582,0.4287855,0.5361228,0.47935215,0.43581584,0.1472928,0.079009764,0.11588334,0.039254382,0.1273676,0.4710433,0.25547963,0.32430494,0.1912108,0.39028206,0.10850702,0.16351101,0.21209778,0.4503231,0.05097801,0.21607533,0.7369849,0.74881804,0.297919,0.11949307,0.2071524,0.034853615,0.07473696,0.06281201,0.06673813,0.11574142,0.10687056,0.8122692,0.08979519,0.26447922,0.058120932,0.2975964,0.03063693,0.11211755,0.106374405,0.26072064
BC2026_Train_0009_S09_20250828_000000_25,0.0026430488,0.055996828,0.0019417764,0.065650865,1.1903333e-06,0.09767068,0.004780868,0.013985991,0.006712443,0.0061216764,0.7378788,0.0023961572,0.0012273338,3.0474138e-07,8.021718e-06,0.024670666,0.00035907826,0.0003009456,0.018849187,0.0041741617,0.027890988,0.00022852226,0.013720189,0.004903249,0.1134009,6.738769e-05,0.0680293,0.094395116,0.018786324,0.14317995,0.03523911,0.008563598,0.11084377,0.07403285,0.005552854,0.018269122,0.14691094,0.012454956,0.011199849,0.120988496,0.13316311,0.011600336,0.12097155,0.015324295,0.008615291,0.008615291,0.085326366,0.008846344,0.008363299,0.010984225,0.026168268,0.027830124,0.027830124,0.039442357,0.36903262,1.7759963e-06,0.2633007,0.00049968687,0.00023573793,0.0063241045,0.06550097,0.00042346807,0.011721732,0.03848668,0.005187655,0.0073590996,0.020071205,0.0003615259,0.002270346,0.034562312,0.008464178,0.0007628877,0.095526956,0.11206339,0.16929375,0.14413022,0.12592383,0.3769263,0.34619895,0.30686334,0.061876323,0.05203943,0.23691119,0.046926234,0.03109027,0.1400221,0.097726546,0.54057217,0.48668954,0.057345234,0.1939307,0.20132604,0.15761298,0.18728875,0.09722218,0.14419909,0.13308255,0.8186099,0.11961044,0.06380399,0.30345264,0.12271835,0.5257111,0.7804264,0.75219876,0.16339464,0.061217196,0.014930465,0.3611244,0.17060643,0.09885355,0.65863276,0.058969703,0.26734173,0.037119955,0.4004947,0.09146808,0.30884692,0.04467643,0.512756,0.13300088,0.27716872,0.308632,0.6950486,0.20959611,0.11827504,0.16786069,0.04996605,0.15035465,0.7150914,0.06431366,0.39949903,0.086487055,0.18019803,0.3533413,0.031164717,0.3674689,0.41795108,0.5757789,0.32612404,0.07922823,0.29793206,0.114179455,0.123556025,0.22682457,0.051291574,0.3527596,0.19827317,0.6399284,0.3309974,0.09808491,0.12756163,0.17714629,0.09327103,0.12893927,0.13068718,0.117525145,0.035515457,0.6555428,0.28541055,0.11388678,0.111461006,0.2640351,0.3141707,0.15367448,0.37816,0.10938636,0.21960719,0.101041675,0.6901216,0.62430114,0.041403554,0.08159703,0.25166142,0.33627102,0.09601636,0.07576263,0.09463093,0.34661022,0.22879525,0.5850891,0.07678469,0.11738688,0.17861274,0.053773865,0.23948538,0.0486643,0.1896649,0.09953369,0.47074923,0.18868461,0.96685725,0.108041406,0.30826762,0.2817608,0.26597866,0.49608785,0.38180804,0.5842994,0.087706566,0.13170017,0.07159258,0.048305716,0.45560518,0.23807885,0.337336,0.28752205,0.3712047,0.09587308,0.2629005,0.15529123,0.54740417,0.081521094,0.21960549,0.8330387,0.88211715,0.23743433,0.45769298,0.37925676,0.04322802,0.035720322,0.048205618,0.07120174,0.23220372,0.25183907,0.78262544,0.10452892,0.508148,0.03355037,0.22285606,0.10219981,0.08015402,0.116775036,0.29655144
BC2026_Train_0009_S09_20250828_000000_30,0.003197043,0.042600837,0.001609029,0.05134786,1.125359e-06,0.21044189,0.0061359177,0.018184893,0.0037863865,0.0037711698,0.29327074,0.002181063,0.0011357295,2.4625132e-07,6.4532546e-06,0.029764052,0.00034403743,0.0002985273,0.044804107,0.00398246,0.012256486,0.00019042373,0.015423961,0.0016889658,0.052294567,6.4866545e-05,0.035927087,0.12907739,0.012339151,0.19932665,0.0309866,0.004482333,0.124301985,0.038916282,0.005133405,0.0093519,0.12630275,0.007129461,0.007950686,0.09089662,0.08313933,0.008252223,0.061101954,0.0087314565,0.0041270945,0.0041270945,0.048853643,0.0049835723,0.0041001323,0.005021074,0.014877309,0.015674068,0.015674068,0.025960619,0.3596118,2.1206392e-06,0.25794962,0.00032577684,0.0002121019,0.0052789454,0.029607913,0.0005242769,0.007978846,0.02297229,0.006068963,0.004726254,0.026323112,0.00039572263,0.0029526039,0.037271693,0.0081582,0.0007145133,0.09320772,0.12057173,0.10621884,0.1894753,0.120073386,0.5670994,0.31925136,0.42431375,0.054020796,0.025609244,0.117440835,0.05207759,0.031241665,0.16761492,0.1680751,0.17412718,0.3687182,0.062086683,0.16310027,0.24434006,0.18512015,0.17558987,0.06762627,0.18854488,0.06971262,0.9042685,0.23524666,0.08894017,0.29162255,0.05863821,0.36781532,0.6030619,0.7116251,0.26486546,0.062644534,0.017840812,0.283707,0.21653138,0.09229355,0.59861636,0.056255803,0.2576471,0.037366465,0.55951524,0.092868604,0.45237172,0.05853237,0.37056005,0.13204974,0.43452132,0.31381497,0.8011065,0.19812189,0.09222533,0.28155646,0.08109555,0.08423155,0.74030566,0.12203848,0.34227863,0.08955149,0.10701422,0.16012278,0.0212828,0.46398628,0.37760308,0.51127785,0.20638502,0.079945505,0.29092884,0.0777058,0.11082784,0.16574226,0.13175526,0.24813417,0.2434117,0.51767683,0.25313652,0.07217285,0.17529453,0.11084621,0.07237521,0.15708716,0.27768904,0.124171756,0.035405375,0.6717913,0.35889706,0.07500867,0.11762279,0.26731694,0.21513993,0.21736644,0.39548507,0.14453943,0.10338869,0.12713988,0.61108637,0.6640727,0.04353187,0.07973121,0.24821576,0.2730955,0.06660275,0.056078523,0.080442354,0.1358343,0.19467255,0.451313,0.039181866,0.12457571,0.15052167,0.13726123,0.1571168,0.025582386,0.34610626,0.10649689,0.47791833,0.120136485,0.3880824,0.08565577,0.3159689,0.3629893,0.20448743,0.20536657,0.4584275,0.46742886,0.18822995,0.15336777,0.03529435,0.036182426,0.43718076,0.29251572,0.4405869,0.2188896,0.26416424,0.038094252,0.24893932,0.2540439,0.40099522,0.08491269,0.22159985,0.86961454,0.7023346,0.16527422,0.59814525,0.19591874,0.070240706,0.041291066,0.044114817,0.06671551,0.05947285,0.26394576,0.85643935,0.15552866,0.3461527,0.0328543,0.22962573,0.06731507,0.073838666,0.109966,0.29213887
BC2026_Train_0009_S09_20250828_000000_35,0.0025031941,0.049318187,0.0017653543,0.041226696,1.5947403e-06,0.06971114,0.0067999894,0.037500527,0.0051612286,0.0036870523,0.49341488,0.0024308427,0.0012477855,2.5502513e-07,5.333896e-06,0.0464779,0.00050940766,0.0002679303,0.032418184,0.00591411,0.0126044145,0.0003150868,0.023304379,0.0028045631,0.10126167,8.124592e-05,0.14779231,0.090937205,0.01508972,0.18044353,0.04247539,0.006666949,0.09767133,0.053834353,0.0053389654,0.015016456,0.19221053,0.008402226,0.009039446,0.08011339,0.10435446,0.009996149,0.122152016,0.01303126,0.0060098376,0.0060098376,0.06451045,0.006914038,0.0050802133,0.0067207566,0.025743201,0.028020907,0.028020907,0.034695063,0.4281899,1.5543866e-06,0.2570064,0.0003491427,0.0001790467,0.011427386,0.0454794,0.00040167492,0.011905386,0.037141908,0.0058491905,0.007222957,0.022142407,0.00039457553,0.0021829926,0.029320087,0.008097093,0.0008771187,0.22029987,0.074307375,0.103873864,0.100378305,0.11542678,0.5109204,0.14844783,0.1371857,0.12697291,0.038893905,0.14764836,0.035242442,0.028502772,0.28416547,0.22416706,0.17119256,0.4690956,0.17168196,0.20569696,0.18944427,0.07100886,0.0923738,0.06921119,0.14600453,0.07198793,0.72672266,0.1875799,0.2326562,0.40186182,0.056393832,0.37641332,0.66893286,0.70952207,0.12383538,0.10332772,0.028452238,0.41584828,0.37358177,0.24013363,0.6230635,0.042704716,0.377277,0.07486717,0.52034605,0.10199229,0.15539105,0.07405842,0.44451085,0.09592011,0.42347407,0.40989527,0.91663235,0.113390826,0.37787423,0.13376012,0.09364466,0.11883268,0.35253388,0.052860335,0.35202003,0.044949174,0.20574693,0.26939765,0.032218266,0.50478435,0.3622925,0.18272653,0.36475062,0.050929863,0.3017228,0.09386587,0.23095964,0.11486356,0.08244511,0.4409718,0.07273718,0.5729185,0.1820157,0.15021226,0.20216681,0.09960235,0.08028313,0.12006198,0.2265976,0.07368256,0.02711409,0.43045542,0.1535668,0.09355041,0.13802905,0.0652881,0.21790047,0.21658666,0.2098457,0.09995852,0.10542218,0.1836907,0.6808732,0.41370925,0.043467306,0.12179539,0.3267506,0.7776133,0.07871831,0.26586094,0.09028655,0.32919088,0.15891169,0.5369641,0.044680417,0.09589932,0.20576349,0.09419954,0.13875622,0.02573356,0.3620048,0.11293029,0.22213031,0.16711804,0.30129403,0.104608074,0.31781137,0.5094409,0.4676868,0.3648969,0.5246339,0.19263421,0.078421146,0.13261127,0.034325875,0.039217357,0.3514292,0.33621213,0.348396,0.166899,0.3804329,0.033130918,0.1575279,0.2817103,0.46450365,0.07739243,0.22684926,0.74090993,0.55832314,0.20346926,0.11311767,0.26828283,0.081386596,0.051180404,0.042919,0.08439107,0.08320139,0.1266597,0.84356654,0.086536445,0.24629474,0.027470356,0.42865643,0.028814508,0.10148051,0.1100036,0.35272044
BC2026_Train_0009_S09_20250828_000000_40,0.003268223,0.055218376,0.0018297506,0.10248284,1.08576e-06,0.07803018,0.009961058,0.040917628,0.006841509,0.0040566646,0.2159068,0.0014797524,0.0014716261,2.5501927e-07,5.609968e-06,0.0628293,0.00028483797,0.0002783907,0.044417243,0.0034440546,0.017184315,0.0003437297,0.015661273,0.00442831,0.064295426,5.6185294e-05,0.08809341,0.0811438,0.017181333,0.17305683,0.042845473,0.008489671,0.10089598,0.07127573,0.005053231,0.018935347,0.15849717,0.008796148,0.0112596145,0.11023755,0.09840365,0.011377986,0.123390146,0.01510219,0.007703272,0.007703272,0.07298941,0.00882988,0.0063628205,0.00829423,0.0285427,0.030862512,0.030862512,0.03371044,0.50680375,1.531233e-06,0.25975543,0.00057233917,0.00017417561,0.0068334187,0.09794652,0.0004289726,0.009634082,0.04141302,0.005774228,0.0049823723,0.023574106,0.0003533574,0.0018226769,0.031993397,0.008102724,0.00090347126,0.11422591,0.15132086,0.13623321,0.15686586,0.10620159,0.3036768,0.08380531,0.08531445,0.11497125,0.029033016,0.14524136,0.020645417,0.062284082,0.20936811,0.17539455,0.281266,0.31724817,0.0435995,0.28322977,0.19259793,0.06098494,0.1460274,0.07197738,0.22600763,0.12593338,0.6931028,0.1335442,0.21767424,0.2757969,0.08804705,0.4063543,0.69672793,0.6942931,0.17906108,0.049809877,0.013988858,0.23614416,0.5106705,0.11367187,0.5524636,0.14361857,0.15431395,0.029668646,0.46810147,0.04769155,0.16358928,0.05969376,0.30210283,0.07674876,0.29287666,0.23800933,0.5029994,0.13506489,0.32110456,0.53599685,0.06377902,0.08676171,0.32774562,0.04494758,0.33225697,0.04598061,0.21407388,0.18881217,0.02628894,0.24006794,0.44394913,0.22475249,0.28988272,0.05658178,0.20910318,0.07211129,0.18753181,0.17432363,0.093928866,0.26632234,0.06600628,0.6721702,0.6245418,0.07842937,0.9240435,0.12252066,0.07157609,0.10742295,0.32501307,0.07191398,0.023490312,0.34898674,0.11919786,0.11037504,0.12707138,0.0776361,0.235271,0.09506773,0.2261905,0.0725348,0.14854029,0.09733391,0.7816713,0.27937704,0.040131014,0.0697394,0.25105202,0.85575247,0.114053145,0.05036093,0.09860042,0.39013252,0.18259993,0.7237958,0.048567403,0.11170678,0.10795868,0.04955578,0.16626658,0.013292538,0.6555757,0.13079536,0.41411406,0.16033037,0.3192262,0.056038626,0.25257254,0.6243367,0.44403353,0.21487726,0.47498283,0.63004047,0.05837334,0.14761645,0.027434574,0.050990503,0.50783116,0.59565806,0.19899106,0.14715682,0.32878643,0.076129794,0.23020782,0.18256779,0.4716197,0.05473684,0.18185641,0.7648474,0.6045046,0.11922252,0.16187952,0.8044181,0.027351541,0.048665,0.048423536,0.14516225,0.108279645,0.081917904,0.76157653,0.078207545,0.2314515,0.022947535,0.18727793,0.032556724,0.2920589,0.1612225,0.30088654
BC2026_Train_0009_S09_20250828_000000_45,0.0018389303,0.038510635,0.0019788619,0.040005527,1.2014297e-06,0.076629385,0.0047698915,0.06318613,0.0035567493,0.0067119277,0.2171728,0.0025136536,0.001496128,2.685241e-07,5.811206e-06,0.028108055,0.00032548016,0.0003079847,0.030759381,0.0048243375,0.010495962,0.00029676812,0.019161625,0.001999206,0.036511146,5.9788363e-05,0.055505183,0.05314194,0.010949121,0.10653151,0.02364406,0.0048089777,0.06548986,0.045652576,0.0051551433,0.01026276,0.091559805,0.006804084,0.0075612515,0.07543852,0.06345737,0.0071816035,0.0756544,0.00881924,0.005240782,0.005240782,0.05471815,0.0055671777,0.004399673,0.005525094,0.01771875,0.01938322,0.01938322,0.021145048,0.36142227,1.4203857e-06,0.26546508,0.0005523526,0.00022365853,0.0050289407,0.06691278,0.00053057127,0.008029922,0.031786487,0.004901476,0.004815697,0.024136761,0.00025615533,0.0017246512,0.03211459,0.008511258,0.0007978031,0.18623604,0.079833254,0.14590117,0.08609103,0.07979355,0.34998098,0.085102715,0.090218715,0.09050138,0.0313842,0.14866427,0.061864827,0.058299206,0.18598418,0.09501615,0.57980293,0.6258399,0.04737855,0.23409869,0.19651607,0.15590318,0.21032892,0.05159167,0.33493155,0.1998882,0.63796616,0.21300885,0.11352219,0.24524198,0.05762013,0.5715447,0.52631426,0.3059857,0.10459214,0.034107056,0.011460271,0.20427378,0.33552283,0.1258395,0.44914728,0.058181882,0.25533134,0.03048589,0.43420535,0.056425117,0.21468604,0.06607539,0.19131199,0.078506574,0.3232718,0.23500195,0.71551025,0.05621061,0.4270431,0.7925559,0.05631925,0.072109364,0.4195159,0.083032705,0.3875828,0.03592464,0.21302989,0.14365143,0.021940462,0.57689303,0.29775923,0.16287827,0.16529073,0.1011933,0.13019952,0.07134172,0.13462362,0.11684893,0.23531625,0.468233,0.1203189,0.6520564,0.52627045,0.0929588,0.9682086,0.10803231,0.09347401,0.13320081,0.31313065,0.06156464,0.029176574,0.46529847,0.13356018,0.15290497,0.18234496,0.09219515,0.15327805,0.10241317,0.2166428,0.19515021,0.22910519,0.07434262,0.6049248,0.46022668,0.13613825,0.045857802,0.20216303,0.82490224,0.042069897,0.06258606,0.10053742,0.22385202,0.11246072,0.5599359,0.048920132,0.1454582,0.09239505,0.07129245,0.12732996,0.015471261,0.4983737,0.15903006,0.42646745,0.09534407,0.28560305,0.10969759,0.2648226,0.40767395,0.3837365,0.13527423,0.27277923,0.7615697,0.1597527,0.15467682,0.034271818,0.031152407,0.48165044,0.6307236,0.21342853,0.13771549,0.1480229,0.06236165,0.1908114,0.14874886,0.3040184,0.047179524,0.20667204,0.5548532,0.72015065,0.28042558,0.09550722,0.556432,0.06813688,0.03256421,0.035941895,0.2102631,0.09713841,0.14139992,0.7365368,0.061139524,0.24621066,0.024729077,0.4289661,0.05248217,0.17753208,0.119836435,0.20093869
BC2026_Train_0009_S09_20250828_000000_50,0.0028773425,0.04861096,0.0023558333,0.09313103,1.1348445e-06,0.067287095,0.005561787,0.013797771,0.005547331,0.004775232,0.24999933,0.0025438203,0.0013500378,2.6264317e-07,5.4841917e-06,0.028810997,0.00043446277,0.00023857651,0.035645988,0.0034671074,0.03627805,0.00052683515,0.011934801,0.005191577,0.06870027,5.2226766e-05,0.042049438,0.10372063,0.011006612,0.11473039,0.027328992,0.005435903,0.08290155,0.04789868,0.0051468676,0.011805153,0.12725627,0.007186036,0.008257591,0.087223865,0.07150478,0.007970548,0.09090422,0.010346426,0.006572599,0.006572599,0.061853956,0.0072358465,0.0048914836,0.006251001,0.020611998,0.022314128,0.022314128,0.024951344,0.39066,1.4815196e-06,0.25858045,0.0006024292,0.00016794837,0.008335624,0.059529133,0.0003759783,0.01001092,0.0350719,0.0070409556,0.0036835421,0.016358254,0.00038238874,0.0015479241,0.033651847,0.0082185855,0.0016857093,0.09084645,0.09065464,0.14086103,0.13375951,0.07486746,0.34011713,0.10582326,0.08505392,0.07503023,0.042522587,0.19177599,0.08193426,0.043210257,0.20585051,0.09938786,0.57326895,0.33887598,0.04576179,0.22846143,0.34648573,0.15464061,0.29423752,0.080012,0.17850362,0.14066763,0.67215943,0.25612047,0.08093049,0.30840036,0.03279857,0.36737958,0.6030727,0.6341863,0.119836636,0.08749367,0.01526651,0.18149064,0.23516388,0.058879934,0.5353169,0.06749704,0.26073655,0.024727782,0.4417095,0.07607526,0.1782257,0.056933813,0.23518294,0.078398146,0.52892435,0.25074032,0.6041589,0.17352429,0.2892216,0.8041886,0.05863338,0.13732849,0.33007628,0.06570658,0.37693948,0.06142918,0.1113996,0.14945658,0.026051747,0.38428143,0.28888568,0.17613943,0.18767391,0.08146881,0.2787982,0.12916209,0.1068479,0.12470483,0.13116351,0.34262255,0.07271097,0.74257016,0.5146681,0.08320562,0.8911017,0.12337696,0.072460584,0.12297925,0.2328689,0.10029114,0.028795553,0.3710659,0.0904925,0.2261047,0.22538178,0.1186684,0.18449314,0.08629861,0.12927377,0.15805057,0.1412987,0.0997701,0.7053678,0.29784724,0.15905514,0.09405004,0.24550046,0.71460116,0.071472086,0.11977152,0.1431199,0.40542817,0.13689213,0.4752609,0.04073781,0.13300042,0.19013235,0.058424022,0.16104034,0.024398483,0.37911135,0.13340299,0.24651134,0.12658145,0.25294304,0.15932836,0.20549592,0.28501675,0.61655116,0.249576,0.6745904,0.8558612,0.050311428,0.118238285,0.03375547,0.07178728,0.3267178,0.69019604,0.20649698,0.2471285,0.3209325,0.08304944,0.25092065,0.34795475,0.34739548,0.088101566,0.16711405,0.64513075,0.56633186,0.15744449,0.096033834,0.5092447,0.07238085,0.07437953,0.031621967,0.07911777,0.058764145,0.18873659,0.79001105,0.0676339,0.27018765,0.03268228,0.36387646,0.047255747,0.117086776,0.16379142,0.26572165
BC2026_Train_0009_S09_20250828_000000_55,0.001874825,0.058711827,0.0015717498,0.042846486,1.2289029e-06,0.08361727,0.0042206026,0.008382139,0.0040973243,0.003165466,0.14538875,0.0023426416,0.0008324871,2.4385793e-07,5.7240063e-06,0.029395984,0.0003202489,0.00029104133,0.018016499,0.003865899,0.00932742,0.00020000078,0.010217924,0.004201527,0.06549443,7.131707e-05,0.10724505,0.09436672,0.016162034,0.14413698,0.042088013,0.008307735,0.09878176,0.10986756,0.0052107936,0.023607021,0.21392398,0.012242507,0.0115882205,0.13597855,0.107948005,0.011080429,0.1167592,0.0156142255,0.0060800435,0.0060800435,0.07756226,0.007644281,0.0070253555,0.008143607,0.02654521,0.028999332,0.028999332,0.035699315,0.5025552,1.454918e-06,0.25673902,0.000384987,0.00023930681,0.0050990433,0.031901263,0.00040847113,0.0101775145,0.020144207,0.0047743036,0.006433895,0.01751783,0.00040306745,0.0017254227,0.023319969,0.008035093,0.0011317908,0.13089836,0.10074002,0.1673695,0.11465089,0.117451,0.40841916,0.2716161,0.15067872,0.12863526,0.0352383,0.14706147,0.015143241,0.044229593,0.16058134,0.23879606,0.2045637,0.352048,0.05513032,0.18247454,0.1869733,0.06179839,0.09756548,0.042525366,0.16463575,0.10444321,0.62477237,0.16997142,0.09224235,0.31248337,0.033973005,0.52792895,0.6819566,0.72615737,0.111064576,0.07716022,0.018612849,0.20288485,0.27000228,0.10775726,0.6917043,0.16868378,0.40209708,0.033342242,0.35385665,0.100121796,0.12552772,0.06657542,0.41573912,0.14305124,0.3776006,0.34668526,0.5546858,0.22531988,0.09583186,0.1308801,0.068262406,0.17053257,0.73080885,0.0793953,0.487861,0.057035726,0.11802853,0.17504899,0.023460647,0.2931092,0.41375837,0.20149349,0.23869969,0.035044663,0.29609823,0.14027879,0.24680127,0.12733205,0.06272586,0.285904,0.0928935,0.50168705,0.16980898,0.06548306,0.15990236,0.13206153,0.13189305,0.16504069,0.5638572,0.065951556,0.045208678,0.3436018,0.05358803,0.09404329,0.119404055,0.097295634,0.18737805,0.15301418,0.23450926,0.2492062,0.11083806,0.1885862,0.4855499,0.32990798,0.029789548,0.12252254,0.2957185,0.28917992,0.076781586,0.08465525,0.08034025,0.58255434,0.18844287,0.32522973,0.0989616,0.11007387,0.22701076,0.057974506,0.04674387,0.016476694,0.26495254,0.12999418,0.6218977,0.14261651,0.54567903,0.049572784,0.31870955,0.51281065,0.45395124,0.2504191,0.6103863,0.28167146,0.08617685,0.1418931,0.034387425,0.03741919,0.44270772,0.2734257,0.32206506,0.17500903,0.38736987,0.08990903,0.13755344,0.20026214,0.3730659,0.057845093,0.32583374,0.7369632,0.9139254,0.18257794,0.10155826,0.22358039,0.08747163,0.05819921,0.044773016,0.049496073,0.06785324,0.075986885,0.8016416,0.07339234,0.22214651,0.020557975,0.24034421,0.035676043,0.07341832,0.14178145,0.38554457
BC2026_Train_0009_S09_20250828_000000_60,0.0014739024,0.05998878,0.0018511498,0.03206456,1.6251696e-06,0.08532954,0.011156654,0.015261287,0.009512451,0.0053224075,0.29257149,0.0023742407,0.001931387,2.7355048e-07,6.328418e-06,0.014538199,0.0004162777,0.00031195107,0.025227169,0.0074481666,0.018276582,0.00019662433,0.028857866,0.008180931,0.09311034,5.7945734e-05,0.08936212,0.06572924,0.021320604,0.17184429,0.049630232,0.011991532,0.13694483,0.13058479,0.0053703627,0.026579214,0.21349354,0.013301198,0.016704973,0.14090218,0.16426674,0.0154936975,0.16124871,0.020808177,0.009869379,0.009869379,0.095029496,0.011026768,0.0096478,0.01182082,0.032526,0.03547186,0.03547186,0.055742286,0.3104387,1.813895e-06,0.2594307,0.00040857954,0.00021434754,0.0042211604,0.060876384,0.0005158619,0.013591549,0.029928083,0.0042739715,0.012012237,0.026802475,0.00029878432,0.0016165916,0.02209362,0.008272069,0.0012691253,0.22000863,0.07223195,0.26436228,0.12220199,0.12550898,0.4239601,0.0707287,0.17526521,0.051031727,0.02416067,0.23303714,0.07365667,0.04446697,0.28426313,0.27268478,0.4307789,0.5339295,0.062311314,0.11767794,0.18604408,0.26373598,0.33627525,0.066158675,0.24321239,0.16145341,0.7582429,0.14702255,0.08015801,0.3419241,0.12116089,0.62196064,0.7116047,0.69463336,0.20711334,0.07360646,0.034603443,0.40732986,0.16842951,0.06799615,0.5624884,0.059813537,0.26125884,0.037082795,0.5166918,0.15310098,0.25641856,0.075821966,0.56389123,0.12057559,0.3445896,0.26079324,0.83410555,0.135016,0.12227004,0.13171041,0.055918276,0.13055497,0.39045277,0.039198574,0.34554794,0.10149545,0.16579102,0.26099175,0.019775826,0.45477182,0.39293665,0.19231506,0.48636726,0.064514205,0.34691036,0.06685245,0.12713513,0.20777301,0.08432402,0.3044648,0.1598541,0.69850147,0.21263553,0.13751712,0.16830178,0.109348744,0.0889061,0.11276112,0.17809662,0.080008306,0.03294259,0.32259822,0.13299505,0.108115345,0.14154145,0.22983333,0.29778165,0.06880692,0.21358429,0.06324138,0.114650846,0.11741132,0.68669623,0.6469831,0.035490368,0.09707716,0.25386807,0.2961316,0.15759625,0.09393543,0.08937226,0.23575021,0.20427497,0.5240011,0.055726897,0.08257721,0.1725973,0.045006473,0.10493043,0.02148353,0.48544264,0.14407216,0.5595725,0.12657285,0.92346066,0.06502739,0.2151412,0.41719997,0.27373222,0.14392026,0.571359,0.1967012,0.102132484,0.13792863,0.049445003,0.03244993,0.38382843,0.24238417,0.20199166,0.21232958,0.22359265,0.06836537,0.17476588,0.19929677,0.39887854,0.08164991,0.19410779,0.68369603,0.93751585,0.21667267,0.11053213,0.33282906,0.03648971,0.061403837,0.04478158,0.15194626,0.27559248,0.076141424,0.77240825,0.1138155,0.39590144,0.032976586,0.2476291,0.13783282,0.13958079,0.120497555,0.2978778
BC2026_Train_0010_S09_20250828_000000_5,0.0023806817,0.038602028,0.0018272765,0.14907049,1.1018559e-06,0.094705544,0.0055452595,0.004559464,0.0023286892,0.017212756,0.0996833,0.0022829154,0.00088034815,2.9170346e-07,7.679027e-06,0.014209184,0.0006910958,0.0005538095,0.03133727,0.009174528,0.008448889,0.00020815383,0.008283423,0.0030023782,0.03661925,8.825638e-05,0.017987188,0.0827966,0.014364986,0.25136825,0.030518165,0.0047557326,0.07097843,0.05221287,0.004951666,0.008565086,0.10556632,0.01019753,0.010699682,0.08361406,0.08501007,0.010168533,0.0773645,0.009305098,0.003857019,0.003857019,0.067342855,0.0054317345,0.0065423395,0.007745044,0.020649884,0.022065008,0.022065008,0.024972929,0.25748765,1.4718463e-06,0.26394847,0.0007796235,0.00021183101,0.007290614,0.024806757,0.00050795753,0.0103555815,0.021535495,0.004408598,0.0024666626,0.03823409,0.0006589957,0.0023829436,0.08926071,0.0083947815,0.00048542133,0.048486922,0.06932249,0.11166952,0.30680007,0.13498266,0.61672527,0.10802421,0.07896237,0.07148595,0.029992148,0.08199054,0.02688187,0.038299296,0.16164911,0.1399365,0.53933793,0.21912758,0.0294377,0.27407026,0.1639878,0.019436328,0.43598565,0.104904935,0.50785786,0.059631236,0.64352524,0.6121962,0.030775579,0.13977493,0.023141772,0.54400635,0.63038665,0.59646446,0.18275481,0.09140927,0.011447363,0.06827202,0.17223467,0.03961737,0.6332229,0.051648457,0.29521942,0.048942536,0.62286013,0.037516944,0.17465504,0.056895,0.20112352,0.2501922,0.5452068,0.13721414,0.42469415,0.10731702,0.08383724,0.16950527,0.08325644,0.05643459,0.6486222,0.051754277,0.29566893,0.05301879,0.07297745,0.08388087,0.015024254,0.534211,0.48674238,0.5529199,0.29169753,0.029666621,0.22828719,0.05816728,0.12713861,0.13763392,0.07945995,0.3622849,0.12264923,0.44438517,0.2917759,0.07600321,0.8007148,0.172488,0.2094121,0.16910091,0.22903197,0.23316497,0.04624152,0.3365144,0.06634586,0.06320017,0.18525817,0.19975917,0.21204035,0.035917595,0.51873493,0.63889945,0.032691173,0.05535507,0.3782093,0.3862001,0.022842856,0.058959216,0.17717089,0.28587082,0.24475932,0.05659888,0.10426203,0.25200033,0.12579644,0.30866325,0.033185266,0.055173755,0.10350487,0.106107384,0.015040342,0.008401067,0.11928219,0.078770086,0.48815116,0.12109808,0.15438797,0.27265385,0.28013396,0.23013099,0.24235134,0.07611443,0.16965926,0.2414337,0.30409196,0.24903888,0.03884149,0.033012226,0.5575503,0.5182565,0.3026666,0.16235682,0.19767639,0.04551162,0.3702819,0.4712292,0.33180866,0.03850342,0.23401,0.801543,0.8432659,0.2758219,0.0968252,0.24943599,0.055813823,0.12912947,0.07643821,0.03333991,0.03684705,0.042752564,0.6731147,0.037441082,0.1020331,0.015339794,0.16300552,0.019209865,0.04559682,0.16665669,0.22228238
BC2026_Train_0010_S09_20250828_000000_10,0.0018242555,0.045137517,0.0021656018,0.14687522,1.4752911e-06,0.08460637,0.0039630146,0.004694553,0.0019930843,0.008833602,0.05162578,0.0025616763,0.0008295157,2.9714468e-07,7.1111804e-06,0.010987362,0.00081683963,0.00045085742,0.032356717,0.030531874,0.0064164316,0.00022236198,0.008537429,0.0025231286,0.06550013,9.4648865e-05,0.019424278,0.071874395,0.014704408,0.17749706,0.02404476,0.005339144,0.072290584,0.067173705,0.0050501972,0.012999912,0.11251903,0.01352162,0.00882197,0.11366436,0.08384275,0.008581933,0.069029644,0.010177995,0.0042622196,0.0042622196,0.06803425,0.0047300933,0.006198027,0.008421486,0.017783124,0.01916312,0.01916312,0.021219786,0.3109788,1.5063721e-06,0.26442042,0.0004719777,0.00018876785,0.022613583,0.014836456,0.0006338581,0.0102590155,0.020815575,0.003842391,0.0030148586,0.035943206,0.000618519,0.0028604376,0.06326284,0.008410162,0.00044835603,0.06186693,0.07909639,0.17923579,0.20094618,0.13111454,0.5695561,0.10958936,0.08544648,0.22956912,0.027731892,0.07782128,0.019539284,0.043276418,0.17378594,0.06368094,0.17447905,0.2125753,0.029344337,0.18925875,0.14049871,0.02278023,0.45766714,0.07250276,0.19224766,0.050564088,0.6447021,0.2531205,0.04386345,0.16767071,0.014055507,0.6512839,0.6918588,0.84962004,0.113912575,0.35686952,0.010811705,0.079910055,0.09242496,0.033498067,0.78169936,0.02393561,0.21848693,0.06923547,0.44202167,0.02408827,0.23085967,0.08997757,0.29187605,0.32188767,0.50558686,0.29767802,0.5577489,0.098868236,0.045043122,0.12328983,0.060927134,0.07282805,0.7701174,0.09403098,0.3311384,0.10108082,0.06176732,0.074015394,0.018454958,0.56121576,0.5160612,0.49759716,0.22422463,0.043507587,0.18436506,0.16064246,0.21639319,0.11155851,0.0597668,0.38297838,0.11153323,0.5402925,0.2979046,0.10715032,0.1191243,0.36349735,0.12556227,0.1597763,0.32320917,0.2461553,0.19163589,0.39366612,0.05278434,0.057451002,0.14735922,0.09662141,0.31733236,0.04374835,0.50811064,0.6297931,0.06069257,0.039684568,0.42368108,0.2667982,0.018933324,0.042315673,0.13144082,0.14163288,0.27212906,0.05217256,0.08856651,0.61029184,0.22325382,0.26386303,0.017143223,0.06499374,0.32316747,0.13870808,0.015129887,0.016482618,0.063798286,0.102125324,0.3260436,0.17933322,0.15974471,0.13996506,0.21358418,0.38388297,0.26383469,0.19434164,0.22001235,0.34014988,0.19652309,0.13100262,0.027503973,0.08645761,0.4600722,0.1634157,0.33334357,0.25404644,0.47024885,0.0370163,0.19822219,0.21271716,0.36819255,0.025117373,0.38361952,0.72926486,0.80919147,0.351659,0.121882096,0.12890005,0.23878779,0.25245744,0.060905635,0.030391801,0.018685013,0.0945914,0.68116647,0.063615836,0.1148159,0.020953825,0.08053601,0.01885298,0.07144978,0.4588113,0.3543904
BC2026_Train_0010_S09_20250828_000000_15,0.0025749772,0.062423337,0.0020379226,0.09046584,1.2201682e-06,0.07346653,0.003905692,0.0036149917,0.0026187506,0.009222446,0.06275218,0.0018948064,0.00087356544,3.1579467e-07,6.898698e-06,0.008413722,0.000970068,0.000606783,0.022570536,0.01141418,0.006007225,0.0002934423,0.010110151,0.0037640613,0.11995974,8.080209e-05,0.03328021,0.060027823,0.013101959,0.21528928,0.040680017,0.007119072,0.08554791,0.17229778,0.0050323326,0.017164202,0.1299553,0.02046962,0.016260285,0.14067072,0.14072491,0.014511845,0.12522563,0.013994531,0.0058927718,0.0058927718,0.10632703,0.008296043,0.012094569,0.013809575,0.029956719,0.032247033,0.032247033,0.040435713,0.25371578,1.5023434e-06,0.25847635,0.0006797522,0.000231743,0.012529378,0.031321973,0.0005094921,0.015891192,0.024869107,0.0027070888,0.0046234396,0.03595002,0.00073766307,0.0017450599,0.08078585,0.008114892,0.0005227471,0.043916486,0.056163583,0.1586389,0.12392323,0.082136035,0.3741672,0.06136779,0.05962697,0.122622706,0.07107699,0.16631089,0.018016404,0.05298483,0.13448288,0.05945153,0.19677587,0.14570528,0.041238047,0.2613303,0.095626436,0.018462379,0.1360752,0.06463695,0.50926554,0.05954133,0.52898115,0.1588273,0.05194766,0.22976072,0.013357441,0.7112673,0.7913823,0.83872527,0.096426174,0.08492432,0.015016287,0.10570258,0.07390236,0.038168676,0.6527841,0.021455165,0.18995455,0.17773718,0.34988818,0.027935259,0.15728053,0.050301623,0.31567445,0.25403127,0.2788675,0.22205684,0.44457528,0.16001798,0.073216,0.19894014,0.045470737,0.04895329,0.30322495,0.09117124,0.4424524,0.05017315,0.045269877,0.11492995,0.0246023,0.4652981,0.35758498,0.33801386,0.25438854,0.026204126,0.16867177,0.14692843,0.17661473,0.21263275,0.03561655,0.24301514,0.13407686,0.3643583,0.21790071,0.42342308,0.16454317,0.10409022,0.18971373,0.13048023,0.09193844,0.11450836,0.053977314,0.2364251,0.027229216,0.06059858,0.09506489,0.05317487,0.1933964,0.04682028,0.29999596,0.30516037,0.02424205,0.060653824,0.34106076,0.3295084,0.011546193,0.040390063,0.106318,0.17692712,0.120222665,0.048820652,0.06655348,0.21090025,0.23203526,0.25227398,0.019137219,0.05962502,0.1544905,0.06769779,0.014575002,0.014043837,0.052827377,0.07636006,0.85855997,0.3517475,0.19644576,0.07422079,0.32214156,0.22352406,0.16541493,0.13381018,0.21106464,0.17321736,0.11356126,0.07297004,0.07906927,0.037805166,0.22152455,0.18242243,0.3711499,0.29607445,0.32111996,0.031461187,0.22147168,0.14414243,0.32293692,0.028462598,0.20376013,0.774389,0.9796739,0.23887406,0.061247334,0.1373207,0.07474718,0.20416847,0.055618424,0.021826427,0.055868287,0.0655215,0.66475487,0.03352497,0.1793014,0.020847078,0.10271111,0.012318207,0.15010688,0.13914585,0.19979593
BC2026_Train_0010_S09_20250828_000000_20,0.0024511078,0.07167999,0.001778993,0.31207642,1.452471e-06,0.0490827,0.0046475152,0.0058490024,0.0032154212,0.009600964,0.10100866,0.0028098074,0.0007574993,2.7151123e-07,6.0835027e-06,0.010494509,0.0008106397,0.0004497103,0.019897524,0.007078322,0.005328791,0.00038101818,0.014666222,0.0068953056,0.057737675,6.819504e-05,0.037382726,0.06537079,0.01776477,0.2478155,0.053569395,0.011074288,0.10001328,0.154179,0.0050127795,0.021448946,0.21805616,0.021948937,0.02044191,0.14720257,0.15985197,0.018684065,0.1873287,0.021060029,0.0065437877,0.0065437877,0.12886724,0.011569017,0.014378008,0.016414074,0.04595045,0.049895495,0.049895495,0.051506724,0.35470197,1.6789766e-06,0.26243383,0.00094790565,0.00023893555,0.012712263,0.044024795,0.0004213692,0.025369188,0.025874075,0.0030508174,0.0049319,0.02704791,0.00052839256,0.0012232339,0.035539057,0.008318417,0.00050384214,0.03722894,0.13389726,0.17165904,0.1168769,0.07404231,0.44757298,0.09816824,0.06421358,0.05946422,0.04653595,0.11719941,0.018074231,0.046040002,0.11852591,0.08896805,0.4710008,0.16645943,0.031137258,0.26445544,0.12725645,0.016259203,0.13891402,0.052821577,0.21590744,0.08264697,0.56958973,0.61650115,0.023503207,0.23593792,0.016478729,0.5515969,0.74904203,0.7588058,0.1478195,0.11066496,0.015936412,0.08894494,0.12911375,0.051909417,0.70454997,0.02850328,0.49182072,0.060875844,0.6141891,0.022633752,0.15329571,0.06426572,0.2676312,0.18139228,0.31574714,0.13173787,0.4160373,0.1638372,0.103070505,0.28226477,0.049095165,0.06306369,0.41509137,0.047928203,0.27792445,0.07439523,0.100483984,0.120100886,0.01871333,0.29847673,0.34137154,0.19124492,0.36496523,0.026051803,0.22726333,0.047945373,0.09792598,0.16875532,0.066728115,0.25642133,0.21545497,0.51049674,0.4432919,0.124666795,0.737,0.122079946,0.17446426,0.09398969,0.119743936,0.12215106,0.06864418,0.27952182,0.05468658,0.2006832,0.117701545,0.055532847,0.1340591,0.057177957,0.2805559,0.18826838,0.06733383,0.062290717,0.46295828,0.3188859,0.018606141,0.04204148,0.13906206,0.26982692,0.06421275,0.02292706,0.12784694,0.17287262,0.11469291,0.16169353,0.029212194,0.057977084,0.13592397,0.06495644,0.018420737,0.009716126,0.11391662,0.059126895,0.8529344,0.10146235,0.10740717,0.15435313,0.55747354,0.24079627,0.17807774,0.064422116,0.23107147,0.20443039,0.085005745,0.15022229,0.05693079,0.030908031,0.23699749,0.4315549,0.1788683,0.17947774,0.256473,0.037285864,0.31890112,0.28036854,0.28518343,0.025813865,0.24993968,0.7587676,0.9588467,0.24032788,0.074328296,0.28726262,0.05809207,0.09066496,0.18376586,0.021321876,0.036904313,0.05063097,0.65028876,0.07016545,0.103600785,0.016658373,0.11139324,0.016741212,0.057098903,0.20077999,0.19449122
BC2026_Train_0010_S09_20250828_000000_25,0.0031493679,0.05671461,0.0022761158,0.22104181,1.1989292e-06,0.059775412,0.004251261,0.004555681,0.0035087557,0.01464893,0.08119653,0.0025956004,0.001084488,3.2322185e-07,6.616666e-06,0.009801541,0.0029379765,0.00044618692,0.020747036,0.009661307,0.015663555,0.00029719458,0.008905117,0.0047489502,0.09463422,7.4929565e-05,0.03784891,0.04677841,0.01625511,0.20809247,0.037828904,0.008643694,0.081736095,0.107225046,0.005127853,0.016187267,0.15483283,0.01914134,0.015521933,0.105501145,0.1322858,0.014081414,0.12499688,0.015564528,0.006075599,0.006075599,0.09429375,0.007802921,0.010612207,0.012335638,0.028860793,0.031173678,0.031173678,0.03887462,0.28349277,1.5612446e-06,0.26388195,0.0006215232,0.00023463134,0.014770049,0.029407205,0.0007093483,0.014379189,0.040658426,0.0036309473,0.004391672,0.030955495,0.0007353666,0.0022352042,0.041812196,0.0084250495,0.00064333604,0.05004498,0.084089294,0.1328169,0.13574795,0.119202405,0.44358617,0.11326896,0.04700333,0.077478044,0.043762583,0.09938546,0.07743859,0.05462373,0.12718643,0.055861212,0.28885606,0.43872622,0.037546933,0.36756,0.21360561,0.024514657,0.10773437,0.06896121,0.6567429,0.07892582,0.53079087,0.20412897,0.03644228,0.20370942,0.020700062,0.6961831,0.7710068,0.7959673,0.18503964,0.1070445,0.026911914,0.09476343,0.13249749,0.07442335,0.53745764,0.046345748,0.28620183,0.15048562,0.50290537,0.034844533,0.22964378,0.061620776,0.22145623,0.2503489,0.1899323,0.21646178,0.57499415,0.14734861,0.12305718,0.11198646,0.04543992,0.09440542,0.57951343,0.059795167,0.45665196,0.046507344,0.08381075,0.115832075,0.017610978,0.5038266,0.3203991,0.1605941,0.21607785,0.070586786,0.1851306,0.14327621,0.13384368,0.19532196,0.17043994,0.24064311,0.083313376,0.3357734,0.2991668,0.21626367,0.2291311,0.2012039,0.081950106,0.15479727,0.12627654,0.099622294,0.09378529,0.27710584,0.038831543,0.099053875,0.231204,0.054005943,0.15016113,0.059305545,0.34021124,0.24150303,0.039173316,0.0734464,0.31812996,0.32498318,0.020363148,0.046563428,0.22023705,0.2559792,0.097944506,0.070271984,0.10779712,0.35011423,0.19795603,0.17650019,0.035515178,0.09669704,0.19030344,0.08344476,0.02955685,0.012090739,0.059099007,0.07562941,0.8872138,0.11614501,0.15411468,0.096028134,0.30324903,0.30444106,0.31912628,0.13627306,0.35548082,0.21482605,0.15481792,0.13085261,0.10247882,0.02591752,0.32416308,0.24456376,0.21106833,0.2212341,0.47019017,0.032334648,0.15584111,0.15468429,0.32679343,0.033166084,0.2715804,0.80512536,0.908589,0.19614199,0.07816661,0.16802391,0.07661198,0.081863396,0.09639257,0.059375383,0.04062422,0.098802425,0.6229118,0.04233998,0.14845787,0.017452857,0.11381269,0.022902627,0.11680174,0.23283073,0.2807479
BC2026_Train_0010_S09_20250828_000000_30,0.0021729765,0.06534378,0.0017050616,0.046866145,1.3300397e-06,0.07075724,0.0039761025,0.004027533,0.0029236323,0.0060204607,0.06690398,0.0029000682,0.0010794573,3.1576064e-07,5.9434533e-06,0.007920526,0.0006426569,0.00044173733,0.023951331,0.008796341,0.010184388,0.00020234939,0.011157123,0.010649985,0.08049774,7.390059e-05,0.034488764,0.07314339,0.016047593,0.22837567,0.0522118,0.008442957,0.093526505,0.17868859,0.0051240576,0.019501112,0.19228294,0.018061768,0.016673813,0.15025441,0.14411627,0.017170971,0.15003821,0.016235542,0.0050126524,0.0050126524,0.10382928,0.008440934,0.010867462,0.012082954,0.03724747,0.040039282,0.040039282,0.043512233,0.22498034,1.5703138e-06,0.26118076,0.00064752647,0.00021635667,0.015090313,0.017097147,0.00052398,0.015388178,0.014971564,0.0024409504,0.0043951264,0.029001912,0.0009141786,0.0013969662,0.04654907,0.00824961,0.0005464489,0.042890407,0.1569048,0.21671037,0.16402473,0.093514174,0.41376078,0.10156447,0.06327263,0.05707828,0.048397485,0.088611335,0.011594074,0.038269825,0.25365347,0.13075374,0.2645585,0.18215653,0.044632792,0.22169627,0.16655053,0.020773236,0.16808452,0.04334644,0.27746063,0.07514351,0.59668314,0.17259225,0.027450763,0.21426411,0.025570674,0.74287254,0.71333504,0.7423482,0.111462384,0.12422946,0.014500057,0.0883265,0.11271265,0.04545622,0.82796115,0.03503405,0.28710544,0.05890902,0.39670405,0.03250921,0.27194557,0.085674204,0.22576453,0.1360346,0.31998637,0.21292226,0.38707668,0.14814888,0.050675754,0.10515053,0.05427961,0.057573747,0.4341888,0.035486244,0.36477533,0.06743135,0.046739653,0.11379422,0.022170437,0.3927459,0.67059886,0.16180824,0.24578044,0.027842855,0.26080295,0.053270213,0.124328874,0.16286191,0.068108715,0.2547769,0.13048439,0.3854421,0.20677736,0.13988261,0.17051347,0.08835348,0.18310057,0.10067272,0.10784507,0.12042593,0.054038793,0.31715167,0.02333852,0.0753915,0.098974474,0.06787522,0.2629493,0.05050051,0.35085705,0.3958096,0.05597128,0.09248562,0.40424138,0.26000124,0.016010894,0.055638622,0.17182006,0.18003629,0.078507796,0.032618314,0.13616243,0.26758862,0.20981202,0.2246413,0.019554093,0.057063904,0.12580465,0.0679428,0.020418214,0.018017078,0.10657188,0.08798233,0.79683197,0.10476878,0.10895003,0.10892565,0.3016066,0.3023048,0.24021006,0.07088628,0.43886188,0.11422214,0.116924256,0.16856907,0.04559444,0.030951852,0.43336573,0.25547728,0.29576537,0.16724944,0.37344822,0.023546267,0.22291218,0.226626,0.39065498,0.030674832,0.18275745,0.727442,0.96345717,0.3704001,0.051584527,0.18828386,0.06531976,0.16392797,0.09890246,0.038308218,0.04408404,0.06460451,0.6681029,0.05249134,0.11647707,0.017993664,0.09057766,0.012603144,0.0658368,0.15937397,0.3495677
BC2026_Train_0010_S09_20250828_000000_35,0.0015122775,0.09575681,0.001752594,0.08074386,1.269232e-06,0.06840153,0.008719837,0.008268053,0.003409328,0.0135339685,0.13840091,0.0020314713,0.0015217115,3.419979e-07,5.9330987e-06,0.009074944,0.001096085,0.0004922953,0.06290893,0.032577198,0.008185009,0.0005970606,0.020176372,0.004916286,0.09683906,6.882569e-05,0.044626433,0.07378411,0.017673863,0.21247177,0.05687253,0.010289802,0.11217696,0.16014571,0.0050558625,0.021898856,0.19363774,0.022985717,0.021846516,0.19038533,0.16938707,0.019285796,0.20303652,0.019041667,0.006094887,0.006094887,0.15241061,0.0119861225,0.01578242,0.017453916,0.051369376,0.0550058,0.0550058,0.051275615,0.3625419,1.5580594e-06,0.26206702,0.00091359206,0.00023387176,0.028290361,0.061788622,0.00055853004,0.016220095,0.02375541,0.003570357,0.0052994434,0.070635654,0.0010281033,0.0011870776,0.04941429,0.008317436,0.0005405124,0.029942596,0.048930842,0.22318101,0.13475125,0.085420474,0.26818383,0.18021637,0.12916492,0.069404975,0.0324964,0.094294235,0.025949644,0.06264672,0.19790259,0.0773866,0.4909873,0.17231569,0.02473723,0.37168932,0.16790862,0.016001647,0.12438321,0.10871135,0.23311879,0.11234844,0.60573095,0.3572176,0.026073275,0.20782074,0.01564335,0.5705192,0.6619375,0.8110335,0.27211913,0.08644722,0.018693909,0.070152104,0.11157345,0.040676754,0.8363639,0.022613756,0.26472604,0.041096047,0.5216553,0.038758196,0.108470745,0.057558596,0.2240215,0.5184192,0.30652127,0.17672564,0.42530075,0.23256482,0.10250791,0.34362805,0.05620006,0.05078271,0.64208955,0.034936164,0.27814323,0.0890123,0.043888338,0.14253871,0.013978908,0.5317755,0.43787616,0.17506453,0.25129578,0.04410617,0.20852065,0.047041662,0.11262585,0.21249723,0.10891239,0.21118516,0.09087213,0.51035297,0.38261652,0.15930277,0.8012671,0.09036359,0.13228026,0.10560934,0.12820601,0.0732876,0.058570024,0.2958572,0.055342525,0.24018514,0.12377564,0.098520465,0.16799174,0.04371406,0.34271312,0.46029127,0.034887157,0.045151915,0.42921114,0.35470837,0.03758003,0.05499265,0.11099289,0.19833162,0.093024366,0.025972256,0.16824785,0.1997107,0.15728614,0.15185454,0.02169061,0.03899336,0.10266019,0.07274611,0.019838594,0.00968386,0.082525864,0.057178006,0.66062224,0.09277203,0.1446715,0.335491,0.23529194,0.20108066,0.14341909,0.0817267,0.1889598,0.33153105,0.11375211,0.127704,0.057800964,0.040508516,0.33953214,0.51550144,0.24778947,0.21845981,0.3792718,0.028436745,0.20544146,0.27293068,0.3096871,0.061584417,0.16463816,0.7661631,0.9473636,0.19599243,0.041852105,0.19772656,0.068005085,0.09922315,0.068266526,0.043952562,0.036117587,0.052435018,0.74213636,0.070115104,0.19849999,0.014507319,0.12160321,0.013989975,0.07187285,0.1622329,0.20000012
BC2026_Train_0010_S09_20250828_000000_40,0.0024436028,0.098219484,0.0018519883,0.11048455,1.188776e-06,0.0554582,0.0057014567,0.0095338635,0.0036682861,0.010969445,0.076893836,0.0022525713,0.0010335129,2.8040813e-07,6.3403054e-06,0.016230436,0.0007650814,0.00041274598,0.024557168,0.00934568,0.009066045,0.00033184886,0.012020748,0.009234227,0.08530846,7.136157e-05,0.05451697,0.05772047,0.026142215,0.3490894,0.067232296,0.014952043,0.123139895,0.17600946,0.0050004385,0.026736576,0.28600478,0.03190823,0.025816303,0.17913325,0.20046309,0.022833563,0.25418675,0.027726639,0.009470157,0.009470157,0.19129735,0.015180341,0.020155773,0.022961248,0.0644826,0.06889864,0.06889864,0.063666955,0.32783812,1.5280762e-06,0.2609013,0.00080939225,0.0003033557,0.0097817825,0.042870935,0.00049335125,0.020161495,0.02020492,0.004480361,0.0044457377,0.06026307,0.0005673815,0.0013931929,0.05638913,0.008430901,0.0004934301,0.024233717,0.14812191,0.28862914,0.301886,0.11397182,0.32044548,0.21102814,0.05263488,0.053632,0.032191563,0.0782696,0.0312853,0.037359416,0.19945164,0.07557416,0.3424638,0.11575268,0.024001475,0.30505207,0.14814556,0.020378135,0.20705156,0.13684835,0.49888286,0.09082452,0.56170315,0.4050511,0.044149682,0.2636394,0.018191546,0.4559322,0.8183328,0.7857479,0.39159277,0.08185572,0.016106738,0.093617044,0.16225938,0.08896498,0.6096326,0.028752968,0.36348635,0.042886067,0.5049436,0.032879535,0.29863435,0.062307753,0.15881145,0.47670978,0.6559555,0.15675259,0.43142882,0.13677722,0.08002121,0.23544127,0.060197424,0.049986616,0.46500528,0.08341329,0.33097976,0.07052329,0.054000635,0.16899362,0.0139233805,0.79774994,0.6224063,0.2478482,0.30040404,0.023790807,0.21050422,0.06523863,0.10780116,0.45962945,0.09163197,0.25807577,0.19702207,0.5528489,0.45675057,0.122304,0.6636429,0.17701294,0.19336995,0.10449913,0.17020734,0.14165173,0.0589784,0.48150995,0.043550067,0.18049616,0.14806162,0.06921638,0.19344774,0.051043026,0.38551903,0.30815044,0.054135475,0.055894326,0.39428,0.3627365,0.014853875,0.04725521,0.19485176,0.22452526,0.23123944,0.049976252,0.106385484,0.19471025,0.17665195,0.1759908,0.021224616,0.057010815,0.11062823,0.30068418,0.021592041,0.015389768,0.11524788,0.1007259,0.70082873,0.15004328,0.15441108,0.239068,0.4806459,0.1844686,0.15482074,0.07856837,0.22025844,0.24637535,0.13963585,0.139682,0.03982462,0.04717725,0.21749713,0.33974054,0.22797334,0.39216042,0.44820604,0.036000207,0.20189507,0.3042826,0.44701406,0.02777155,0.1347342,0.8204806,0.88995594,0.19473329,0.04253623,0.29447067,0.043947313,0.10753377,0.081656724,0.049087614,0.03874641,0.1219548,0.69729495,0.042977337,0.1333411,0.015919097,0.13027903,0.03854978,0.0474423,0.16091284,0.25029868
BC2026_Train_0010_S09_20250828_000000_45,0.002031999,0.066312656,0.0015441856,0.036695946,1.249572e-06,0.05740403,0.0036711842,0.004690889,0.0026401982,0.0062973946,0.06255598,0.0021545936,0.0007563809,3.4338424e-07,6.2815475e-06,0.009220253,0.0009565092,0.00045285517,0.01466476,0.011106099,0.0076657496,0.0002049517,0.026107475,0.0061009824,0.07166641,8.093444e-05,0.04909134,0.0731406,0.024823578,0.2875406,0.04563224,0.009520984,0.08761202,0.18718384,0.005304783,0.021440955,0.17918427,0.018878723,0.014973174,0.15392487,0.14671229,0.015779605,0.17291756,0.017562386,0.005963423,0.005963423,0.123365596,0.008971133,0.011580816,0.013463097,0.03935199,0.04271132,0.04271132,0.04313815,0.27506685,1.6083083e-06,0.26267937,0.0004476592,0.00020487008,0.0145855015,0.017108306,0.00047657377,0.016619619,0.016015263,0.0029515245,0.004602312,0.038023427,0.0008416782,0.0015118633,0.055749863,0.008398418,0.00059914595,0.04433047,0.06075642,0.20003475,0.2210681,0.10067144,0.26155493,0.10407146,0.105045706,0.05522429,0.023042392,0.11167283,0.029298704,0.033820644,0.14746197,0.0520434,0.24143077,0.15334368,0.025988324,0.23248516,0.09115769,0.019677171,0.24131922,0.0700325,0.13095805,0.07703034,0.5783898,0.19641452,0.04459379,0.23755042,0.014882819,0.43798488,0.68180853,0.7674903,0.13831341,0.10757827,0.018096011,0.10156509,0.09560744,0.04403653,0.8610656,0.02010306,0.19442552,0.06543242,0.32465678,0.033476617,0.108955055,0.05226639,0.17925262,0.3127173,0.26155227,0.1385319,0.37437758,0.18056785,0.04978518,0.12518674,0.08822033,0.05424972,0.4901024,0.051985726,0.28455538,0.065586984,0.064765066,0.105364755,0.018284086,0.67623526,0.41199303,0.13045342,0.23457596,0.030640038,0.16920723,0.04523385,0.19144845,0.24742018,0.084653646,0.23924239,0.107121184,0.5055415,0.1963055,0.18021485,0.09410799,0.075169176,0.16868162,0.14591433,0.12051229,0.06632844,0.093402416,0.3463112,0.029731357,0.06032541,0.08937493,0.087518446,0.14379027,0.044491787,0.36020145,0.4286959,0.06956869,0.059356373,0.45567384,0.21345688,0.011456725,0.058450233,0.123608805,0.16771446,0.08691235,0.030619293,0.11011694,0.17250682,0.1657329,0.17464674,0.027709216,0.04592635,0.10453967,0.108250335,0.015490993,0.0105332425,0.10233583,0.074244626,0.4183276,0.08754102,0.18050455,0.06363339,0.29508504,0.21424231,0.12956965,0.07806247,0.18687925,0.14054161,0.12829825,0.10791469,0.03817853,0.029990217,0.3137646,0.22940025,0.20482439,0.26168892,0.41638473,0.036029264,0.17659238,0.1723175,0.34706357,0.022003897,0.18274236,0.77947664,0.9589566,0.14543144,0.077875346,0.13233799,0.049611356,0.08081561,0.056713004,0.04598586,0.02949616,0.047960877,0.7225361,0.047958706,0.13693571,0.016613048,0.106750116,0.013633,0.097582325,0.17393172,0.14783335
BC2026_Train_0010_S09_20250828_000000_50,0.0018115194,0.062997654,0.0018766633,0.047338143,1.3224036e-06,0.049761407,0.0036883396,0.004287922,0.0028072265,0.0069208443,0.06297644,0.0028448144,0.0006763653,2.7535322e-07,5.6972553e-06,0.0066252467,0.00073896185,0.00041570264,0.021269506,0.009770413,0.012056834,0.00018901633,0.01430979,0.00403244,0.057244588,6.0812265e-05,0.02977888,0.07507298,0.014662164,0.20758082,0.04185241,0.008332257,0.08713587,0.18188027,0.0050048367,0.021409089,0.15562828,0.018868962,0.015493525,0.1601104,0.13862918,0.013549926,0.1387177,0.016074847,0.0055012694,0.0055012694,0.10683935,0.008301078,0.011081264,0.012777212,0.032375585,0.03500529,0.03500529,0.04221638,0.20198873,1.4349051e-06,0.25842294,0.00073340547,0.00025009047,0.018519582,0.015674248,0.00048458242,0.013859085,0.012747853,0.0030801436,0.00449769,0.030332247,0.00055811804,0.0013985736,0.04132856,0.007971945,0.00049968885,0.044667367,0.056872107,0.1649863,0.18127191,0.099022016,0.41904804,0.08865261,0.06015819,0.043312073,0.03934805,0.10921532,0.010745604,0.036722854,0.14401974,0.06892495,0.16970426,0.10539977,0.026974414,0.24623537,0.15872015,0.017331049,0.16488583,0.08114613,0.16356356,0.06640847,0.56198794,0.17968978,0.045998152,0.20970137,0.017279403,0.80697614,0.6950552,0.7615435,0.096792094,0.10308769,0.014221481,0.062656194,0.12167196,0.04210523,0.6615542,0.0347604,0.21429768,0.043828905,0.29279977,0.030223751,0.1279114,0.03954947,0.18635836,0.14481008,0.27469936,0.14793034,0.3225087,0.14599174,0.038694773,0.14808555,0.04418275,0.068325326,0.32452866,0.03580115,0.28717363,0.054351788,0.047572155,0.08571987,0.014013097,0.30362192,0.50448793,0.23161156,0.19182217,0.034489512,0.18468736,0.041570902,0.15947609,0.15434447,0.03856234,0.30636775,0.13692616,0.370284,0.1828143,0.104994036,0.12651715,0.08235441,0.15708655,0.08369387,0.07299929,0.11124227,0.05197531,0.28899723,0.039253544,0.054455243,0.07403301,0.0747849,0.24581423,0.057298306,0.26693028,0.4049622,0.03646275,0.07011941,0.36460343,0.27707458,0.013559213,0.04611535,0.12822522,0.114252225,0.09549993,0.024691774,0.09705126,0.12942657,0.19199884,0.3773985,0.018687708,0.04700527,0.1087597,0.060558535,0.015137382,0.010567282,0.071733184,0.08655834,0.59703696,0.109466985,0.12493277,0.08309818,0.28772575,0.2122539,0.13239193,0.069204986,0.32445848,0.13803588,0.09332292,0.13485625,0.035365842,0.032789297,0.33601317,0.2225543,0.2298901,0.29451683,0.3641315,0.033891976,0.2136596,0.2132795,0.39079797,0.039029785,0.16658738,0.7265244,0.9627304,0.30673674,0.052604817,0.16592991,0.05088909,0.17550711,0.05232298,0.022552265,0.030485505,0.07766632,0.6387329,0.057590995,0.11488967,0.018195579,0.0750368,0.010813813,0.078836575,0.14032632,0.2409064
BC2026_Train_0010_S09_20250828_000000_55,0.0024882518,0.059083235,0.001775977,0.054299146,1.4286536e-06,0.058079876,0.004529319,0.0067370506,0.0029524888,0.012250966,0.09709078,0.0029775065,0.0007584425,3.0020658e-07,7.2726575e-06,0.00764566,0.00089383655,0.0004440809,0.049011413,0.0071034576,0.010235338,0.00031635893,0.012847151,0.0040197046,0.08064208,6.7473775e-05,0.03201168,0.08230064,0.01371743,0.21815397,0.050073124,0.0077339215,0.08466731,0.115948796,0.005036673,0.014867245,0.19520985,0.018296385,0.01776051,0.10925468,0.14785866,0.01637459,0.1408656,0.014967096,0.004243673,0.004243673,0.105440445,0.008233136,0.011460039,0.013289089,0.035211515,0.037907816,0.037907816,0.04502507,0.2952139,1.7853438e-06,0.2633288,0.00094589137,0.00021252323,0.009206021,0.037817486,0.00051695167,0.013007476,0.020407982,0.0026762018,0.0041000387,0.034838345,0.00054859085,0.0014227066,0.046196036,0.008309704,0.0005842917,0.032645304,0.0508143,0.1340847,0.12748437,0.0839339,0.2979828,0.16077611,0.07738635,0.060138844,0.032372333,0.06657907,0.020306718,0.061788514,0.1874472,0.11796328,0.5733545,0.12301461,0.027165307,0.45594662,0.18375292,0.023618303,0.11721463,0.05989567,0.26984447,0.14051378,0.5725526,0.48770007,0.029552678,0.18037336,0.016451249,0.6947971,0.6699568,0.74085903,0.1356012,0.09401071,0.014435265,0.079426154,0.1638389,0.042639762,0.65564513,0.026159778,0.2615975,0.045221068,0.6587668,0.02792528,0.25464934,0.052581336,0.30444378,0.1407098,0.3962492,0.13107271,0.43022397,0.21356381,0.10638503,0.33310148,0.05020936,0.041734517,0.6516841,0.07343923,0.2946797,0.050025996,0.11260511,0.09410055,0.022988891,0.47774374,0.34391126,0.13598388,0.27477616,0.02466832,0.25021103,0.04843498,0.11265249,0.17488736,0.09075641,0.4488098,0.08928673,0.5551944,0.36249542,0.11404236,0.8387826,0.08543697,0.10331756,0.08999917,0.13785397,0.07656369,0.052522145,0.28985053,0.03486041,0.25805458,0.1385215,0.050000247,0.1850737,0.03707385,0.34724683,0.3504701,0.039450224,0.07074568,0.5148989,0.33647332,0.025104744,0.050860215,0.14262934,0.3423924,0.093445525,0.03694308,0.085520916,0.24388504,0.1673148,0.21363203,0.026652787,0.042234335,0.090365395,0.0437084,0.02573791,0.012245291,0.07821372,0.07706463,0.86510205,0.10386138,0.13671859,0.16761525,0.2598964,0.2049427,0.14919934,0.060884073,0.2048865,0.32969254,0.24409421,0.14359115,0.06363504,0.027294826,0.33878472,0.5609425,0.20116498,0.18821716,0.39140308,0.03255048,0.33449262,0.38537017,0.37206826,0.04369886,0.22270918,0.7148914,0.94309795,0.4096377,0.09273963,0.3766777,0.05410082,0.15199386,0.06500756,0.0419566,0.04471615,0.08458986,0.63344514,0.04014285,0.13559155,0.018938748,0.12720533,0.011951045,0.060656782,0.18062252,0.33207497
BC2026_Train_0010_S09_20250828_000000_60,0.0024537449,0.054426212,0.0018896856,0.05308885,1.2277184e-06,0.06372409,0.007887009,0.004796983,0.002779225,0.012131766,0.067444585,0.0036584989,0.0007964835,3.6810007e-07,6.621693e-06,0.011307551,0.000744756,0.0005000441,0.04115376,0.008173333,0.006888498,0.0003561014,0.019293126,0.004032462,0.04942225,7.014926e-05,0.043140784,0.06288336,0.025422994,0.22107773,0.040568057,0.008307835,0.08173468,0.08686224,0.0048102085,0.014473455,0.17709559,0.019503288,0.016031517,0.0891229,0.11729612,0.01494155,0.1219755,0.015588795,0.005977413,0.005977413,0.102899,0.00916031,0.011305463,0.012644511,0.032190803,0.034820803,0.034820803,0.03609793,0.25004357,1.5188502e-06,0.25940108,0.0009966807,0.00028950672,0.01087835,0.028613074,0.00043488544,0.015377683,0.020900244,0.0035754666,0.0043296986,0.05295166,0.00065592723,0.0017888596,0.058405176,0.0082020555,0.0005738584,0.032997537,0.1298069,0.1482539,0.12550712,0.08155032,0.31725067,0.07899425,0.04756034,0.073317565,0.043424424,0.06516078,0.019317001,0.03715541,0.15624227,0.1024977,0.5822574,0.1961823,0.039750945,0.19378206,0.16353044,0.014221573,0.12033984,0.11436043,0.30847356,0.064448565,0.5748322,0.7160332,0.035407215,0.19337483,0.012979183,0.44811112,0.74843657,0.7544075,0.2110302,0.13780722,0.026253961,0.09299945,0.1515571,0.06659006,0.4245475,0.016780308,0.24077886,0.047486946,0.65109617,0.027390061,0.12105008,0.057351515,0.3709215,0.40256938,0.31905827,0.15113035,0.40875405,0.12961842,0.10262432,0.16953002,0.05117402,0.049250167,0.57420486,0.10271567,0.28956196,0.04875411,0.09981006,0.09590237,0.014726024,0.7713416,0.33137244,0.19677146,0.21414621,0.02130086,0.20133641,0.05075294,0.13064413,0.23819494,0.08844798,0.20472732,0.12769394,0.46838477,0.3975844,0.100353524,0.69202006,0.17676112,0.09419177,0.11126021,0.15358113,0.07538744,0.047208156,0.25146756,0.04479515,0.11757258,0.099947,0.052884355,0.11176698,0.047624268,0.4209135,0.3052111,0.04693988,0.06973533,0.35921314,0.35547554,0.013325611,0.04998468,0.12742671,0.18368487,0.06436876,0.023784801,0.07355164,0.22120199,0.13997404,0.14612116,0.0229169,0.052389525,0.089710705,0.063222036,0.024730759,0.017770303,0.116382875,0.065398686,0.6920635,0.10929232,0.13435006,0.15083656,0.3430283,0.22446893,0.19020659,0.10222769,0.26839098,0.17578863,0.1417785,0.11912976,0.04545073,0.05421347,0.30248797,0.3780855,0.16632071,0.25379786,0.32538655,0.06868734,0.3974793,0.27704456,0.39242107,0.04465394,0.1682808,0.7499317,0.9441738,0.17419757,0.06943904,0.3331233,0.057704154,0.0988816,0.0637601,0.041753065,0.03563235,0.040178314,0.6449958,0.049201954,0.14628612,0.021779656,0.13798904,0.016322065,0.042442273,0.149862,0.22820772
BC2026_Train_0011_S03_20211114_200000_5,0.0049554384,0.016974293,0.002517616,0.85319126,9.963845e-07,0.050548345,0.03004481,0.060587283,0.037006594,0.65334606,0.97869587,0.007526098,0.0026142753,1.886811e-07,1.8082025e-06,0.011429664,0.0034876456,0.00036947156,0.13987805,0.027398737,0.06389201,0.00014877808,0.03383515,0.06610946,0.54511774,4.9916005e-05,0.026982663,0.093050905,0.013524491,0.21783218,0.027948251,0.0049533537,0.08932462,0.037256714,0.009142634,0.006463435,0.042254496,0.0039608777,0.019676877,0.023086976,0.110587396,0.014181357,0.06187758,0.010335759,0.002409307,0.002409307,0.029606465,0.0041230265,0.0028333936,0.0043321657,0.007843179,0.0079259435,0.0079259435,0.043353986,0.0037517431,4.612792e-07,0.009411145,0.01999133,9.4852076e-05,0.017769203,0.05751647,0.0005999214,0.07937235,0.24836302,0.0023133964,0.0035857912,0.01980284,0.0010377325,0.0007782379,0.018173764,0.006727717,0.0002497326,0.040234074,0.083369024,0.09658675,0.07947005,0.06881577,0.28473642,0.10938429,0.12665719,0.10754039,0.02406702,0.6675233,0.01211065,0.08750057,0.15385105,0.14154907,0.09570844,0.1418797,0.046699047,0.36909184,0.13900235,0.036010794,0.18026756,0.15664366,0.2921395,0.38053438,0.25585282,0.076757275,0.13380568,0.07859686,0.16218339,0.25301984,0.7558458,0.76875424,0.15604888,0.026674539,0.011413158,0.14866959,0.15793192,0.051079486,0.7727715,0.030547276,0.08857732,0.11068982,0.11176474,0.06409444,0.199466,0.049540527,0.29445538,0.43881145,0.15242071,0.057534136,0.14787827,0.24671458,0.08869059,0.08095337,0.052977003,0.062356785,0.6076373,0.093938045,0.30802244,0.066760436,0.067297824,0.09059166,0.018165596,0.1528446,0.72406495,0.13531038,0.6107017,0.060972724,0.04841833,0.06846695,0.068614505,0.12181612,0.042576358,0.11778934,0.035610612,0.539012,0.096137896,0.09233535,0.025665523,0.13832925,0.09156397,0.03608056,0.13102844,0.056350604,0.04028499,0.09401069,0.11044966,0.009956204,0.16011979,0.23483028,0.23225497,0.07849239,0.24738881,0.37419268,0.18791874,0.046265278,0.40046638,0.21171355,0.0037703044,0.07617538,0.07144419,0.045078736,0.22546741,0.01990226,0.27561718,0.109870434,0.25772166,0.17877738,0.013365482,0.03375695,0.07091096,0.040285286,0.029502122,0.0052328114,0.13305502,0.06381209,0.52847457,0.0993571,0.50856346,0.06799753,0.31519535,0.12400525,0.20854032,0.02882094,0.060182746,0.045623716,0.035801575,0.16462962,0.07530943,0.021508465,0.20066795,0.12916493,0.3365251,0.2903836,0.43159375,0.027598772,0.05700043,0.109343365,0.28575367,0.09171837,0.2105491,0.7776495,0.51001203,0.15866129,0.16377668,0.054525416,0.033892058,0.014571968,0.03222451,0.056763824,0.055845197,0.0290658,0.20146342,0.13304517,0.21548317,0.012670376,0.19107038,0.019097738,0.03395461,0.10168248,0.24603088
BC2026_Train_0011_S03_20211114_200000_10,0.0053665624,0.013665121,0.0032615212,0.88785076,1.2219181e-06,0.041655168,0.032984115,0.04645055,0.02510039,0.6396011,0.9415609,0.0055136746,0.0032863216,1.8263357e-07,1.6190514e-06,0.0077282926,0.0017802983,0.00036566614,0.054388568,0.017253118,0.07148729,8.808828e-05,0.022513008,0.04861191,0.36597446,4.8925485e-05,0.015674965,0.08588944,0.01148468,0.1442058,0.0254165,0.0039634136,0.07742421,0.032319836,0.009269397,0.00556158,0.035110883,0.003308776,0.017016074,0.019170156,0.10433358,0.012632213,0.051982496,0.008572519,0.0019000515,0.0019000515,0.025903765,0.0029587941,0.0021903908,0.0036414783,0.006269046,0.006321315,0.006321315,0.038600836,0.0047340207,5.036418e-07,0.009430464,0.024627987,8.985468e-05,0.019744014,0.03991931,0.00061440776,0.06725022,0.13581277,0.0022137444,0.002455956,0.01768499,0.001096745,0.0011023507,0.01612576,0.006764041,0.00027083798,0.07299396,0.06590604,0.07632984,0.085016,0.077859245,0.3011008,0.06791113,0.06100064,0.119213216,0.018199448,0.6243529,0.011934201,0.084670335,0.17376998,0.07370372,0.10958247,0.2516618,0.04525096,0.4141599,0.11445202,0.043326784,0.21570879,0.15083952,0.2835636,0.27545235,0.18678384,0.07709356,0.14845635,0.07366482,0.08030534,0.25117415,0.6903335,0.67481077,0.17681786,0.054402515,0.009442366,0.1334523,0.10645292,0.050667007,0.87547374,0.046589278,0.09305781,0.06871814,0.14033122,0.10644183,0.18019982,0.070568755,0.17949322,0.37067884,0.17498676,0.056311976,0.18355319,0.25226662,0.09332714,0.06749725,0.04735514,0.07859388,0.63989896,0.07908512,0.33042955,0.05672026,0.07574979,0.07755726,0.022843035,0.10599725,0.6183991,0.14364456,0.48394758,0.05002153,0.0599688,0.0808966,0.07790715,0.10746272,0.039826877,0.17927709,0.022274178,0.5457293,0.12316148,0.06457927,0.035950202,0.14463939,0.080353,0.02850113,0.09658391,0.06837657,0.05103533,0.059683014,0.098934665,0.007841519,0.15123457,0.2208408,0.21748006,0.07168879,0.24505605,0.3583439,0.1627939,0.053886175,0.43605343,0.23674627,0.004549256,0.08830355,0.053995475,0.040455557,0.27220106,0.024390247,0.18861842,0.10720142,0.1701044,0.2434279,0.01412819,0.0647965,0.06108819,0.07023261,0.029642627,0.0066829748,0.092588894,0.075161055,0.70348823,0.09997213,0.58971244,0.0814219,0.2198329,0.107970536,0.17282471,0.03845936,0.06100131,0.047001854,0.03921341,0.2084137,0.057747297,0.01941172,0.21391478,0.16399656,0.32022592,0.3168314,0.44099703,0.039838947,0.058021307,0.12665181,0.25441626,0.037836187,0.21641783,0.76048446,0.44381154,0.13706486,0.15142238,0.05393751,0.030712629,0.022211928,0.03221097,0.043016758,0.06427583,0.02305361,0.11969163,0.5909061,0.102138564,0.019681854,0.11355289,0.013846108,0.02661035,0.09022479,0.33543104
BC2026_Train_0011_S03_20211114_200000_15,0.0056268643,0.014967413,0.0038063875,0.88850427,1.0531718e-06,0.045986425,0.035718378,0.053473476,0.025109971,0.67318827,0.9622004,0.009731377,0.002426287,1.824052e-07,1.5035208e-06,0.0096794255,0.0025587406,0.00036223987,0.12835519,0.016671766,0.05291369,8.8310306e-05,0.03537234,0.049269363,0.5100916,5.195183e-05,0.018722985,0.11203781,0.012854625,0.19244123,0.027850049,0.0041316096,0.08444271,0.032420807,0.009215788,0.005382196,0.03423529,0.0035481274,0.018977787,0.01893363,0.11172835,0.01343561,0.05341137,0.008640131,0.001948523,0.001948523,0.026830576,0.0033421754,0.0025022905,0.0039607724,0.0066792867,0.0067861946,0.0067861946,0.041134868,0.004255173,4.7180035e-07,0.009387173,0.027790224,8.619823e-05,0.018321032,0.058811575,0.0006010873,0.058655106,0.17284328,0.0025911941,0.0027751175,0.017331416,0.0010499066,0.0011476745,0.01706238,0.0067534302,0.00027087022,0.03251595,0.06846183,0.09870341,0.13310252,0.09601573,0.33370957,0.07633266,0.12774841,0.08571105,0.02235034,0.7457156,0.010309773,0.0907853,0.15173355,0.09796047,0.10452185,0.09969594,0.04716773,0.24494039,0.14552802,0.048872847,0.30443338,0.10001272,0.32961413,0.28728822,0.2848152,0.06363638,0.18949354,0.07014784,0.069020055,0.26087555,0.75980437,0.72285646,0.21155505,0.02637813,0.010993444,0.095002815,0.109980874,0.0634769,0.8418506,0.03518994,0.074027695,0.08626677,0.1660456,0.07612329,0.25562727,0.06575397,0.20215584,0.49356642,0.18310034,0.06442705,0.1262518,0.2361619,0.07643179,0.0628258,0.05023052,0.08918745,0.76638216,0.12981094,0.25441253,0.041067068,0.08042155,0.081142515,0.021316033,0.18970706,0.6053808,0.1350746,0.5622549,0.04517329,0.05090117,0.0596447,0.06895497,0.10324873,0.042896643,0.14165138,0.025703285,0.5732244,0.09999822,0.08172952,0.030592889,0.09640113,0.10113187,0.03931686,0.16258173,0.10799801,0.051451884,0.054214492,0.08908868,0.011559957,0.222604,0.22573784,0.18018414,0.07623703,0.273624,0.42075187,0.18740922,0.05240121,0.32796615,0.17740999,0.0041448395,0.110905476,0.07358594,0.038403917,0.26292768,0.017753525,0.27834216,0.16684668,0.31927958,0.20865716,0.014306419,0.040382788,0.06536579,0.045243528,0.032913897,0.0063248524,0.09483209,0.058698718,0.7709697,0.08236532,0.3646539,0.069270104,0.27734607,0.09532,0.2136652,0.04539192,0.055597413,0.07063459,0.07204894,0.20891067,0.06398893,0.027183846,0.32277107,0.1681687,0.35455242,0.2860568,0.49965915,0.031442754,0.060643423,0.09161165,0.28087562,0.03940249,0.1481105,0.78282404,0.5600159,0.09464596,0.19748026,0.05019822,0.031652547,0.021593466,0.032676265,0.052306782,0.04833843,0.021800641,0.1436608,0.14357957,0.13592537,0.021483388,0.16468291,0.013806295,0.023274193,0.13636905,0.2203426
BC2026_Train_0011_S03_20211114_200000_20,0.0064239963,0.017219454,0.0034157722,0.88488317,1.2517544e-06,0.04868116,0.059329543,0.06954125,0.04188767,0.6226271,0.91622365,0.0066141086,0.0031710975,1.6892459e-07,1.6755854e-06,0.011076995,0.0021687,0.00038469673,0.17126316,0.016239397,0.07580631,0.000116580384,0.044803355,0.04372529,0.5472393,4.7744263e-05,0.020863103,0.10759973,0.013010286,0.19521786,0.029136315,0.0044549103,0.08774721,0.03765676,0.009103752,0.006286721,0.040075663,0.0034441089,0.019607432,0.02273296,0.10648939,0.014270272,0.05922404,0.009582911,0.002298556,0.002298556,0.027615165,0.0036725095,0.0024953457,0.0037522218,0.0074203373,0.0076769567,0.0076769567,0.043097198,0.004669649,5.0032367e-07,0.009384422,0.02698108,8.593238e-05,0.023599539,0.07428793,0.0007360638,0.08153306,0.21638173,0.002940403,0.0030419782,0.014635901,0.001072637,0.00084556994,0.015515982,0.00671321,0.00022440233,0.04870482,0.07322882,0.08828538,0.090275936,0.09206858,0.35477442,0.07502217,0.06240809,0.13186929,0.019758746,0.6736962,0.011582386,0.09226127,0.20050205,0.20254049,0.1071533,0.15590309,0.033184264,0.3010827,0.23339921,0.030726776,0.20112273,0.14746639,0.23119272,0.3450112,0.12978616,0.0841887,0.14029954,0.07408823,0.14438963,0.37921733,0.7660469,0.79272753,0.22927639,0.043011256,0.009734548,0.13060166,0.19970909,0.064503,0.85212785,0.062203325,0.10534003,0.05208321,0.2060405,0.051884677,0.2202443,0.05566483,0.24431452,0.42932785,0.20296691,0.07203141,0.15549098,0.30500236,0.07438685,0.081355974,0.055444654,0.112242326,0.7455323,0.09130162,0.33743653,0.067576334,0.07750269,0.09174962,0.0344254,0.09159988,0.7590885,0.15849212,0.61480737,0.060620725,0.06324154,0.09009807,0.08786932,0.097329706,0.030139875,0.25449264,0.035099745,0.43571463,0.09495028,0.0838103,0.037041537,0.07593979,0.097957656,0.045572873,0.15510511,0.11961155,0.039710876,0.050490763,0.0725653,0.007792793,0.16310155,0.09545605,0.24268438,0.08426305,0.2199342,0.36238924,0.17164895,0.06461974,0.34336278,0.23783746,0.003750763,0.08450011,0.08711511,0.048060358,0.34603342,0.01879883,0.36528668,0.19327219,0.20524871,0.22709015,0.013425554,0.04375278,0.080990754,0.026483458,0.022871548,0.0065846536,0.13404612,0.053119175,0.72365105,0.10884348,0.38818958,0.06492689,0.26483002,0.12106505,0.19581531,0.05631551,0.05855868,0.07832303,0.027878841,0.23885003,0.083741955,0.023308814,0.26432037,0.21194404,0.31656295,0.3297008,0.49025774,0.03185197,0.058120266,0.14278932,0.3509166,0.07902723,0.21276239,0.7729545,0.5101446,0.11704128,0.18061318,0.06072075,0.036271676,0.023940025,0.034840483,0.043319482,0.06753377,0.028115444,0.17554864,0.20240103,0.13313514,0.016155928,0.16405065,0.0111009,0.025651054,0.20095897,0.29016358
BC2026_Train_0011_S03_20211114_200000_25,0.008090587,0.018800503,0.002828904,0.862666,1.5043298e-06,0.048430603,0.052051485,0.03427551,0.03576595,0.66305774,0.9390468,0.008436748,0.0025765644,1.7486131e-07,1.8810034e-06,0.011075349,0.0017304207,0.000365472,0.14674458,0.01703355,0.09711683,0.00010139761,0.025441086,0.05061804,0.38781655,3.7148126e-05,0.018517066,0.0821691,0.015445509,0.1977513,0.034912772,0.0051556462,0.10547753,0.039964896,0.009044839,0.0066261045,0.047004275,0.00440516,0.02286632,0.022961019,0.121841066,0.017536351,0.06377717,0.010488143,0.0024703105,0.0024703105,0.032492504,0.0042849453,0.003064773,0.0045256405,0.008216139,0.008411813,0.008411813,0.048593145,0.0046791756,4.6985105e-07,0.009394606,0.045645338,9.6163676e-05,0.021623865,0.09262397,0.0004638281,0.05460701,0.17968124,0.0021164878,0.003192187,0.013734134,0.00096815004,0.0007551281,0.012856286,0.00672982,0.00031996038,0.031068379,0.10659203,0.06298753,0.07859382,0.10725377,0.36633292,0.09545471,0.06977763,0.061752662,0.01839855,0.6419387,0.015763052,0.07933234,0.17953081,0.15419017,0.17811392,0.11396498,0.028626379,0.15974829,0.14816761,0.066306315,0.40187472,0.26480433,0.34957874,0.25664863,0.19605795,0.08719657,0.27637282,0.081529856,0.07729352,0.21949394,0.7999088,0.68248576,0.24281363,0.0436337,0.012403706,0.08147889,0.102163255,0.058019686,0.83389115,0.043250334,0.09848505,0.048490636,0.14146999,0.0921537,0.19588278,0.05731073,0.1387495,0.53319216,0.17227119,0.057959024,0.103523456,0.21131824,0.111503504,0.09205295,0.046665274,0.15896444,0.674639,0.09250496,0.30282232,0.06647784,0.049311332,0.053609747,0.023884328,0.33775774,0.6295923,0.16095978,0.57761973,0.051471435,0.100767136,0.07800961,0.08603835,0.10741946,0.037540883,0.1761915,0.020079983,0.5981723,0.11735435,0.07633749,0.035609495,0.064302,0.06309276,0.03537892,0.09700078,0.13210419,0.031872157,0.06644244,0.08293625,0.010494551,0.27981293,0.15543027,0.19352654,0.061554205,0.2472163,0.32048616,0.130067,0.06410204,0.30780026,0.14506803,0.0045089507,0.065241285,0.0591402,0.03107654,0.3891701,0.016001431,0.4345473,0.10558501,0.14699145,0.19776443,0.035610344,0.043295603,0.053693663,0.026186487,0.03537449,0.0062635457,0.06739211,0.069385186,0.7638873,0.07407123,0.41752476,0.08342511,0.25514477,0.08514708,0.12299186,0.040926967,0.07027457,0.1168989,0.050653476,0.34116834,0.06748562,0.016286522,0.29174027,0.28098089,0.2584217,0.455871,0.38046053,0.0466029,0.0669608,0.1715342,0.33476177,0.07094931,0.18960686,0.70795655,0.42846283,0.18696274,0.17906523,0.061810542,0.03200093,0.015523764,0.024160687,0.05944183,0.04989351,0.026403293,0.13451433,0.34828967,0.17077088,0.014477842,0.13528803,0.01998265,0.028528074,0.11079246,0.2364047
BC2026_Train_0011_S03_20211114_200000_30,0.006963429,0.014852057,0.0025013462,0.87905514,1.1220229e-06,0.057614822,0.02467482,0.03810746,0.026838247,0.6365788,0.9527134,0.0102039315,0.002737959,1.6980611e-07,1.6946166e-06,0.010891919,0.0021082158,0.00039958928,0.09437296,0.011006099,0.106959164,7.519705e-05,0.04090167,0.03728818,0.37650126,4.7863356e-05,0.016550444,0.08692789,0.010388031,0.19399562,0.022754367,0.0038649524,0.06869784,0.028171863,0.009034662,0.004966854,0.030216642,0.0030250845,0.01452567,0.018507559,0.07933384,0.011529339,0.049591083,0.007812372,0.0018521607,0.0018521607,0.023481818,0.0030158374,0.0021915475,0.0033122315,0.0058679185,0.006054159,0.006054159,0.03424192,0.0036478448,4.8047553e-07,0.009425199,0.06279466,7.134168e-05,0.018686756,0.0446952,0.00061564246,0.0731617,0.16804858,0.0021804909,0.0023921889,0.015903385,0.0009070806,0.0009980218,0.013793308,0.0067312345,0.00027549602,0.04069575,0.09127233,0.07093996,0.08124277,0.071778245,0.33687565,0.14972101,0.041787915,0.052989274,0.019196155,0.56109357,0.013139834,0.105691545,0.13494678,0.13293499,0.20752952,0.11887163,0.027728822,0.17241696,0.22602557,0.032027885,0.15193948,0.45535478,0.29138696,0.1961444,0.15692873,0.08044726,0.39173907,0.06099331,0.11048386,0.284045,0.7189475,0.7309108,0.18153986,0.027049253,0.010775409,0.099859364,0.1378927,0.08783539,0.74381673,0.09551574,0.11131253,0.062392756,0.10950176,0.07067908,0.14439307,0.043024637,0.17641376,0.5115759,0.18185952,0.04154543,0.12334888,0.2643348,0.079692766,0.061870117,0.05775808,0.08632403,0.701935,0.13107106,0.28507173,0.05564644,0.0651983,0.05162674,0.021811865,0.23845096,0.80978084,0.14550394,0.55350614,0.035291836,0.1672949,0.0653403,0.08986379,0.09283283,0.03344006,0.18608733,0.021483816,0.3344777,0.12782253,0.08656063,0.033315822,0.0713329,0.09656314,0.026744286,0.1166172,0.115851276,0.03479745,0.049547702,0.10259781,0.0061783902,0.24393348,0.12363369,0.19751899,0.048837416,0.22866146,0.2906466,0.13415678,0.066515155,0.32485405,0.15429774,0.0041858894,0.058875054,0.07110061,0.0378904,0.32423574,0.019895144,0.6412689,0.10900545,0.22355463,0.16379611,0.019599097,0.033937883,0.056177136,0.027710754,0.021308092,0.005528052,0.10063374,0.044989705,0.7600735,0.0686835,0.41027632,0.107892856,0.2694152,0.08717209,0.14041817,0.0349663,0.04368355,0.048102494,0.03427423,0.19633852,0.041815054,0.0211318,0.22762088,0.21562572,0.25892818,0.54820544,0.398421,0.02530662,0.053430773,0.13040595,0.30767122,0.06901802,0.15557015,0.74600327,0.5375032,0.10111548,0.3092984,0.07071916,0.04373317,0.014058873,0.023194231,0.048891734,0.0602816,0.024349246,0.12723036,0.32097962,0.1907641,0.01659343,0.09221168,0.0078855995,0.023958031,0.12962909,0.25070167
BC2026_Train_0011_S03_20211114_200000_35,0.0045949845,0.013097092,0.002605891,0.8581642,9.720981e-07,0.043342832,0.02979654,0.02262285,0.020652954,0.5596616,0.88809973,0.007495753,0.0020734447,1.640988e-07,1.8369086e-06,0.010565856,0.0015833508,0.000526752,0.12051859,0.010200487,0.052715484,0.00012115979,0.019384328,0.023630183,0.3348394,4.166454e-05,0.013262741,0.09881319,0.00928307,0.1521543,0.02073383,0.0032681332,0.06390322,0.027940368,0.008921417,0.0044545326,0.028089464,0.0023767005,0.01392864,0.015569121,0.07486232,0.010266418,0.043272782,0.006604544,0.0017273413,0.0017273413,0.020543724,0.00264898,0.0018048652,0.0026800262,0.0050280825,0.0052298266,0.0052298266,0.031184582,0.0037432513,4.6849522e-07,0.009426417,0.0556002,6.855751e-05,0.018682199,0.054736484,0.0005783698,0.08126817,0.17393047,0.0025477302,0.00211654,0.013781867,0.0008648306,0.0009226671,0.012948406,0.006702005,0.0003449294,0.037030514,0.15108575,0.08064226,0.110745765,0.08041624,0.24770162,0.1917046,0.054456513,0.08646787,0.016317483,0.6300735,0.0106302835,0.0869237,0.11754936,0.18891254,0.31558976,0.13931513,0.045950443,0.18261838,0.14578635,0.033450518,0.1341728,0.25943106,0.25573304,0.09550209,0.08164927,0.17068672,0.2009096,0.059523866,0.07483246,0.307753,0.7696602,0.71371114,0.21091077,0.061670616,0.009340658,0.121306606,0.11668006,0.05984965,0.7944366,0.07844364,0.089687645,0.07356545,0.11103634,0.044171106,0.1044386,0.053849176,0.15045635,0.34174907,0.19637342,0.067702055,0.1785103,0.21893707,0.06865082,0.081234,0.056973193,0.10920473,0.7595835,0.112338826,0.32160664,0.031764686,0.048768867,0.04517904,0.019567294,0.23995784,0.61618054,0.16682328,0.49405378,0.068065956,0.17584994,0.12690535,0.10611267,0.09355488,0.025860483,0.1916043,0.032483,0.35525346,0.10934546,0.04910635,0.05222187,0.070522845,0.08862224,0.03235817,0.14935127,0.11199317,0.042056534,0.055173267,0.14239612,0.0075170314,0.23013231,0.09287914,0.23786604,0.051226612,0.20673563,0.25986442,0.15525007,0.060490057,0.36573318,0.132257,0.006453207,0.061052617,0.09487653,0.051441494,0.3622265,0.01622293,0.5387249,0.13293839,0.17851786,0.16312802,0.017541824,0.027287964,0.04848813,0.029715853,0.043287944,0.0089475205,0.11694455,0.06493764,0.83390224,0.124498464,0.2109888,0.16261533,0.26730093,0.112290524,0.24435021,0.035763122,0.05393239,0.043834552,0.027962698,0.20176505,0.034848936,0.026026193,0.22363162,0.25803477,0.24032284,0.39176103,0.40423203,0.045313295,0.07131492,0.16068982,0.46765605,0.06631298,0.3633627,0.71882474,0.52924675,0.08214659,0.2515286,0.08030216,0.03350191,0.014581458,0.031678367,0.03645993,0.062883176,0.032502174,0.16535978,0.18148282,0.15637255,0.01610793,0.111379735,0.00998933,0.028364174,0.16960484,0.5741556
BC2026_Train_0011_S03_20211114_200000_40,0.009922021,0.015907701,0.0022875026,0.87535834,1.113635e-06,0.050459117,0.031807303,0.02293924,0.03078968,0.6173072,0.885668,0.0057471427,0.0028561405,1.776276e-07,1.7205531e-06,0.0092902025,0.0028603636,0.0006658687,0.13188736,0.010658122,0.12911955,8.432786e-05,0.01679402,0.0396964,0.38191107,5.0714363e-05,0.014956434,0.095411025,0.009304913,0.15045126,0.021833409,0.0040142164,0.07038295,0.029707348,0.008888205,0.0052417684,0.030966368,0.0026946093,0.014418298,0.020187091,0.07377315,0.011588655,0.04927646,0.0083772475,0.0018897498,0.0018897498,0.024662638,0.003307076,0.0021538755,0.0032149926,0.006198484,0.0062915673,0.0062915673,0.031715192,0.0025292938,4.458347e-07,0.0093974965,0.061581254,8.077702e-05,0.01643866,0.071818285,0.0006248622,0.06438561,0.15287574,0.0019851467,0.002548892,0.016570054,0.0010791685,0.00084746105,0.014785972,0.006666261,0.00026193,0.053561293,0.117457904,0.061289974,0.09361458,0.072008744,0.27244598,0.18032886,0.0648899,0.09665117,0.013689199,0.5829492,0.013012415,0.07879085,0.12877607,0.14383593,0.17675257,0.20220226,0.040846914,0.26806748,0.17827232,0.035523035,0.14041913,0.16187218,0.23824538,0.15415865,0.11459269,0.086562365,0.13092156,0.06620822,0.11469695,0.2847689,0.732647,0.66973495,0.22826311,0.032083597,0.010624569,0.11293369,0.09731197,0.05200746,0.8046833,0.061493024,0.13548447,0.06715743,0.09685394,0.050904498,0.112377144,0.042152252,0.11457589,0.5155403,0.17652291,0.052887384,0.17191242,0.32483295,0.09044268,0.07173782,0.05672061,0.074557856,0.67170256,0.065548494,0.27870932,0.060539003,0.07123262,0.049538314,0.019440973,0.3059266,0.6927767,0.22658017,0.49822292,0.067651,0.14983906,0.088139154,0.10523457,0.09666208,0.024327256,0.12884025,0.020561565,0.3444583,0.123016834,0.07668143,0.04374116,0.08398723,0.09259322,0.04015743,0.11007944,0.08598291,0.037167028,0.05298945,0.06762937,0.00772103,0.2286665,0.091590516,0.188168,0.066485584,0.22110778,0.33414897,0.098343834,0.052857365,0.43598333,0.13174891,0.0054102954,0.06818756,0.07156171,0.023449583,0.21810722,0.017517233,0.6014946,0.13361597,0.17019512,0.16149648,0.019320227,0.03776188,0.05805325,0.028963324,0.03221975,0.004561676,0.11672487,0.096050106,0.7951608,0.17970507,0.20350702,0.10176834,0.21218635,0.12617527,0.16558021,0.03896174,0.037561998,0.064274654,0.03874103,0.25252685,0.036133915,0.024750242,0.24982817,0.15669975,0.1809705,0.44868886,0.4771293,0.026090514,0.047347404,0.103877395,0.37652218,0.10206122,0.18612896,0.73479515,0.5512947,0.10875121,0.3412625,0.05948322,0.027848836,0.013154622,0.032430444,0.057322495,0.055245742,0.024881449,0.12216222,0.13857694,0.14539634,0.013757312,0.11339891,0.010377659,0.018526979,0.10422129,0.3168271
BC2026_Train_0011_S03_20211114_200000_45,0.0069064503,0.0144630475,0.0022105428,0.88721824,8.8794127e-07,0.050317917,0.034150876,0.037032835,0.022044348,0.5649294,0.89269197,0.0075516896,0.0031112472,1.8246885e-07,1.7366417e-06,0.01553148,0.0017643733,0.000420435,0.19408941,0.02511971,0.0629394,0.000110896086,0.027559662,0.028434575,0.36979812,4.927364e-05,0.015400293,0.0932092,0.009375073,0.16058463,0.02193451,0.0033363588,0.067472264,0.027787752,0.008920162,0.0044701216,0.02677215,0.0028861472,0.013848786,0.016234584,0.084946625,0.010716708,0.042486697,0.0067655677,0.0014893435,0.0014893435,0.021515135,0.0026645542,0.002068954,0.003254722,0.005162781,0.005329782,0.005329782,0.03175904,0.004643021,4.798938e-07,0.009353661,0.06363748,8.200497e-05,0.025294479,0.11462659,0.00059509993,0.059917387,0.18877679,0.0030890075,0.0027218054,0.015903959,0.0010263436,0.00077502255,0.013599528,0.0066807764,0.0002980747,0.044028603,0.13954388,0.073589936,0.0838217,0.084626324,0.33887398,0.1759963,0.051038392,0.06088904,0.015472477,0.5451094,0.012978115,0.08642713,0.14128183,0.14828026,0.12585245,0.11406335,0.02970557,0.26059997,0.18022197,0.051004693,0.16410844,0.23636957,0.29262105,0.14382899,0.14905675,0.07086878,0.2681875,0.055641584,0.093195744,0.2564531,0.71320593,0.6827034,0.15169343,0.027795698,0.010945409,0.08325637,0.099208444,0.058883257,0.80536735,0.06404622,0.10992359,0.061205808,0.1441297,0.058180105,0.16994451,0.052735437,0.21360847,0.45149195,0.26239142,0.059374865,0.11861562,0.305353,0.11193243,0.06627896,0.05985585,0.10847998,0.73368055,0.09230397,0.26325563,0.04825699,0.0642635,0.07812225,0.030751238,0.25318483,0.6752799,0.15251365,0.52429444,0.043011647,0.17143866,0.067495406,0.08922661,0.08813241,0.035918202,0.17759398,0.030636817,0.43587655,0.09685055,0.06286644,0.04407655,0.06894317,0.110325575,0.040938307,0.13938463,0.12332114,0.028506521,0.06824171,0.07935044,0.00763684,0.155003,0.09561129,0.18248461,0.049888164,0.20626104,0.4022667,0.11293745,0.081162155,0.35483187,0.15731771,0.0038858727,0.052864827,0.095752254,0.04130503,0.29917943,0.017713523,0.3698194,0.1381579,0.20158654,0.21363583,0.024144309,0.031199645,0.044565964,0.039811164,0.019226512,0.008312492,0.117856584,0.06712899,0.77242595,0.10181408,0.2104034,0.1846425,0.21122555,0.103310086,0.17824589,0.03886514,0.054697588,0.049556058,0.04519897,0.20013785,0.04382303,0.022776816,0.22081742,0.15609853,0.3099591,0.47472307,0.46386462,0.0352979,0.08673956,0.23790164,0.55045164,0.115758866,0.13753647,0.754513,0.5634545,0.11079727,0.19763525,0.06445374,0.026084704,0.018140864,0.029610272,0.05254146,0.044391684,0.02492824,0.14847362,0.16192672,0.16968139,0.012811918,0.11169766,0.011524858,0.018942207,0.15782845,0.2175234
BC2026_Train_0011_S03_20211114_200000_50,0.0044558863,0.011220808,0.004853209,0.9060484,1.3265211e-06,0.043382615,0.07146265,0.03472151,0.03467105,0.664021,0.9675853,0.015969822,0.0027496698,1.6819459e-07,1.5944355e-06,0.015188597,0.0025118275,0.00041195343,0.14673433,0.017847225,0.07504466,0.00014124412,0.038266223,0.036266476,0.35871115,4.590248e-05,0.01546288,0.13038564,0.011455987,0.21023266,0.017570466,0.0028593778,0.0530833,0.024772773,0.00911224,0.0037961272,0.023188695,0.0025730089,0.01295219,0.01214227,0.08266786,0.0089019425,0.03553024,0.0056643505,0.0012746847,0.0012746847,0.017856903,0.0021531973,0.0017792719,0.0027671335,0.004095018,0.0042253113,0.0042253113,0.028782057,0.0042306604,4.486706e-07,0.009398993,0.050205547,8.255031e-05,0.02155999,0.065754384,0.0005564811,0.046869647,0.2652969,0.0018898683,0.0021254558,0.012509008,0.0012198348,0.00091972476,0.0146723315,0.006725261,0.0003237861,0.031331405,0.058855098,0.07222365,0.07143457,0.10436382,0.25089797,0.20889801,0.05766851,0.1280082,0.020829838,0.6484802,0.011960617,0.07346482,0.10258816,0.12397483,0.2099663,0.13570946,0.026274674,0.23201814,0.27675524,0.030935992,0.16307421,0.35012043,0.27456027,0.23828436,0.14654242,0.10444117,0.20649154,0.05719791,0.062115043,0.32033914,0.73626876,0.7280056,0.16732246,0.024944283,0.010705891,0.103413835,0.13664813,0.04773828,0.8415935,0.09871257,0.07206247,0.044696834,0.09085385,0.064862184,0.14278956,0.052021604,0.10977102,0.2905969,0.17065616,0.04657688,0.17511308,0.24135587,0.061838225,0.060816407,0.040787213,0.09243242,0.6635561,0.15171798,0.30449513,0.04655139,0.064677976,0.056982316,0.01595123,0.2543484,0.58153856,0.1136324,0.3858775,0.06280021,0.18160512,0.07377313,0.091314875,0.07541232,0.031464204,0.16056487,0.032021195,0.3397766,0.11828467,0.11467673,0.047935855,0.102375485,0.07962882,0.026024133,0.12507842,0.07855926,0.027069153,0.07195906,0.10311127,0.0055593112,0.18356991,0.11363411,0.1662065,0.057578444,0.17296933,0.4405391,0.08229686,0.04099015,0.44569907,0.13052112,0.00456737,0.06537754,0.06620518,0.031897523,0.23896135,0.02400198,0.33008733,0.124436855,0.14990188,0.1570517,0.019870557,0.04244482,0.060724072,0.036488667,0.035654493,0.007597032,0.11507578,0.061496586,0.76976275,0.094815984,0.40256363,0.07995384,0.2346988,0.09309094,0.15709329,0.025600536,0.047467463,0.059099875,0.049148813,0.18510592,0.029328866,0.020486418,0.2958199,0.1696679,0.16918044,0.41173178,0.39150575,0.028725367,0.09068627,0.067005455,0.3271598,0.072302885,0.14896314,0.7171025,0.48443383,0.081980206,0.19445309,0.065096155,0.037798744,0.01245385,0.031374775,0.06801656,0.061084494,0.026046492,0.1420231,0.10027362,0.15099715,0.018547555,0.10452974,0.010765099,0.021159742,0.10317998,0.33495232
BC2026_Train_0011_S03_20211114_200000_55,0.0062699295,0.014746976,0.0027540487,0.8938076,9.969447e-07,0.04724289,0.039617643,0.030227773,0.030621424,0.62036943,0.95934796,0.006878172,0.0030887823,1.97398e-07,1.6509625e-06,0.012321133,0.0028494808,0.0003773325,0.08497465,0.013550251,0.073877394,9.8215205e-05,0.016785879,0.040764872,0.44219646,4.2943935e-05,0.015907489,0.10620633,0.008583065,0.18617445,0.021017577,0.0035167732,0.06569005,0.02968557,0.008998933,0.0047298674,0.027110673,0.0027337917,0.014937919,0.01662414,0.08081246,0.010807787,0.04636017,0.0070398236,0.0017851298,0.0017851298,0.02108137,0.0029007804,0.0020857952,0.003127597,0.005284955,0.0055628144,0.0055628144,0.033949174,0.003619839,4.5201028e-07,0.009308287,0.05436491,8.018709e-05,0.039689247,0.07042343,0.0006294906,0.053372256,0.19719838,0.0027846226,0.0025963075,0.018984014,0.0014274324,0.0009655334,0.012679323,0.0066840947,0.000290277,0.044048354,0.1142477,0.08641429,0.12519217,0.082709976,0.26209125,0.2277286,0.105655216,0.078356504,0.015881097,0.66051304,0.014864438,0.07647243,0.13632779,0.1421719,0.24396311,0.124288574,0.025685137,0.19503713,0.21277903,0.03075232,0.12315013,0.298152,0.33803535,0.18067947,0.16719735,0.10420138,0.16991663,0.066904776,0.0553303,0.250297,0.778398,0.7021057,0.28769624,0.030718088,0.010449111,0.09181642,0.12346209,0.06042989,0.8540058,0.13099433,0.08748566,0.048151765,0.1016487,0.05167177,0.13164915,0.042569518,0.14707975,0.32383412,0.1830845,0.040609878,0.17027256,0.28447944,0.11429892,0.06042798,0.05233334,0.11737226,0.6020905,0.11530459,0.24676092,0.086631864,0.050622035,0.044242565,0.01907541,0.2731162,0.62681377,0.12752838,0.5347526,0.061320476,0.14440449,0.06897424,0.081210196,0.09953966,0.036623184,0.26606253,0.044350207,0.34469572,0.10055567,0.06666192,0.049173616,0.06972566,0.09450058,0.025244273,0.16752557,0.12038964,0.03728301,0.06514593,0.084857635,0.0061412714,0.17787719,0.16003652,0.16026567,0.06655812,0.23227176,0.40404934,0.13393137,0.041486207,0.36342415,0.15217109,0.005232582,0.054939702,0.058700286,0.04369209,0.3191824,0.018824851,0.46888304,0.11328146,0.16852136,0.17103077,0.018827515,0.03576224,0.054362617,0.032512788,0.023769842,0.005060369,0.14405532,0.049068827,0.80215394,0.079258226,0.44166356,0.1755715,0.3311884,0.08536587,0.118066594,0.024145333,0.04930074,0.06422488,0.03449009,0.22074658,0.05338826,0.019264948,0.3332982,0.16977976,0.22566034,0.4152603,0.4101397,0.05609584,0.09537153,0.16144863,0.42470413,0.0725624,0.16154237,0.7496173,0.504032,0.08930982,0.2704674,0.052560795,0.032811493,0.012875333,0.04448434,0.035325978,0.055580597,0.039442826,0.1360392,0.11882513,0.21591403,0.016450714,0.107919864,0.012332791,0.02093584,0.1305527,0.20974225
BC2026_Train_0011_S03_20211114_200000_60,0.004314862,0.013459802,0.003003859,0.87535524,1.0983873e-06,0.040758852,0.056703266,0.036778804,0.032153104,0.57299536,0.9346184,0.01193762,0.0025251834,1.7089909e-07,1.6093237e-06,0.011405175,0.0024970067,0.00040947768,0.14862262,0.023123467,0.08801909,0.00011635092,0.0308942,0.08023238,0.53748095,5.1837364e-05,0.013494415,0.08414227,0.01194382,0.15428498,0.022903435,0.0036926218,0.07284375,0.03271194,0.008963131,0.005169384,0.031222122,0.0028245498,0.014331726,0.020122457,0.08554831,0.010747621,0.046356283,0.0076552974,0.0017878928,0.0017878928,0.022757025,0.0027687112,0.0019830733,0.003030903,0.0056772637,0.005795395,0.005795395,0.033700347,0.0050298474,4.7076023e-07,0.009268625,0.039911527,6.9155874e-05,0.015540452,0.049042944,0.0006427306,0.06408409,0.23228191,0.002492796,0.002659628,0.019054698,0.0010024119,0.0007138813,0.014072328,0.00665636,0.0003278147,0.045291208,0.079554774,0.077503175,0.12683327,0.1348492,0.2792124,0.1915444,0.057587687,0.10928527,0.017484367,0.49357283,0.010920442,0.08520203,0.18108165,0.09945552,0.17934418,0.096000426,0.03258266,0.22856814,0.1991419,0.023927897,0.1917866,0.21599944,0.2358521,0.44816273,0.22484723,0.08450937,0.26591355,0.066865176,0.078638114,0.29110494,0.68762887,0.6733763,0.38260996,0.035051584,0.014056286,0.113434166,0.16274913,0.080359675,0.87964547,0.06855699,0.09491755,0.066181466,0.15920167,0.04036732,0.14781842,0.04645765,0.18031798,0.4985998,0.24173251,0.057714596,0.13327314,0.2642802,0.06512353,0.08466551,0.072336465,0.10024002,0.76790136,0.12847959,0.28347963,0.046008855,0.06914372,0.077492885,0.019136436,0.2329241,0.5915002,0.14764003,0.48376787,0.05352242,0.10575935,0.0664475,0.076327495,0.1013612,0.028460523,0.15501504,0.024327153,0.5029877,0.12580831,0.05758522,0.03449617,0.08698835,0.06991911,0.039007634,0.09956079,0.17226471,0.028083116,0.070425734,0.08774561,0.007225636,0.23502861,0.10445197,0.16563442,0.05110351,0.17232887,0.4023968,0.12330243,0.060457658,0.34977654,0.16392337,0.0044542667,0.051452152,0.06763071,0.03434157,0.27696446,0.026079247,0.34960574,0.11662365,0.3796923,0.1717621,0.027491886,0.047105663,0.04863748,0.03705681,0.018928768,0.005303634,0.13673937,0.05335015,0.7981513,0.060709078,0.38142917,0.11818573,0.21154648,0.09809774,0.16267224,0.04186641,0.06438664,0.060665593,0.04021815,0.20196463,0.056638863,0.023911623,0.2065818,0.15674509,0.3385647,0.39631662,0.45350698,0.029726015,0.066990145,0.12541807,0.2687223,0.0542552,0.1901979,0.7453619,0.55387276,0.1208066,0.15019083,0.06455067,0.026351789,0.018473046,0.034719978,0.039759625,0.05491299,0.029035036,0.16653441,0.10845511,0.13150623,0.016083173,0.10109183,0.008668089,0.02070108,0.12412762,0.33858192
BC2026_Train_0012_S03_20220211_233000_5,0.004509594,0.005026768,0.0025088275,0.7311449,9.63609e-07,0.025696477,0.012197614,0.13595912,0.0089537045,0.0022132448,0.102938876,0.0024181802,0.002803119,1.6213545e-07,2.3343173e-06,0.0075090486,0.0011712326,0.00029258677,0.027055766,0.008111828,0.053274684,8.686665e-05,0.017254643,0.0049927714,0.13464709,4.301612e-05,0.0032236832,0.05932486,0.005533684,0.11126217,0.0035095161,0.0016310816,0.007642347,0.0023443473,0.0030317584,0.0022238246,0.013012608,0.00060518814,0.0010470715,0.0045784228,0.0050596497,0.0010746756,0.01098607,0.0036142848,0.0004489031,0.0004489031,0.006064742,0.00090423645,0.00059682154,0.0006603666,0.0032428906,0.003177913,0.003177913,0.0031168514,0.0047432436,4.0414716e-07,0.028058384,0.082621925,8.237928e-05,0.038579956,0.03654773,0.00039214923,0.09310282,0.13926256,0.0041970597,0.0005127655,0.023997158,0.00047460975,0.00039115307,0.016943447,0.006526957,0.00030774748,0.044239648,0.045242023,0.03552474,0.046232246,0.07303864,0.24872455,0.20586722,0.03996403,0.03792002,0.013666357,0.28955218,0.013809007,0.04525345,0.1271054,0.39886698,0.30391684,0.14387073,0.024026062,0.18841444,0.16784088,0.048040614,0.010690317,0.3747965,0.2546865,0.056214567,0.038950644,0.08179125,0.039721746,0.04579822,0.014044889,0.17085662,0.6712481,0.7702227,0.13865612,0.032842103,0.0054614046,0.050760552,0.10311343,0.04577902,0.23007028,0.07506171,0.21715993,0.030148938,0.08959137,0.04293469,0.025711587,0.043940235,0.17331758,0.22355512,0.19770071,0.08730792,0.16005182,0.23871768,0.059544187,0.09319471,0.0659167,0.09622592,0.1033046,0.034479786,0.49461544,0.030976638,0.029983476,0.046162788,0.013998375,0.16593844,0.25776318,0.14149527,0.44212928,0.0379548,0.06947006,0.077000916,0.13688478,0.058075774,0.028962238,0.0726179,0.020867424,0.056734025,0.094271295,0.013365592,0.08591916,0.055847105,0.19808991,0.06365569,0.08183923,0.0394312,0.029365573,0.09594183,0.10961898,0.0056693167,0.21530065,0.025625793,0.13596581,0.110435516,0.16923003,0.010984044,0.07411934,0.072260216,0.33147886,0.1656303,0.0050512203,0.0722553,0.12221311,0.059818614,0.09140405,0.018158348,0.68307674,0.045606337,0.2525985,0.08111604,0.03293774,0.064077884,0.09293336,0.019059697,0.029132292,0.007214946,0.08951155,0.035915624,0.56394774,0.051322244,0.07936719,0.37685186,0.25247246,0.09996418,0.087934524,0.034798447,0.06759703,0.11512841,0.014535246,0.093520574,0.028231936,0.01817501,0.14280145,0.16109036,0.19915476,0.46833274,0.4399892,0.015272224,0.09643861,0.3909013,0.40766045,0.09185034,0.089660145,0.78886425,0.2076462,0.051994674,0.19679405,0.16158839,0.024241168,0.03878685,0.04755749,0.027486734,0.015350408,0.06990468,0.1474541,0.03290161,0.11682029,0.018542476,0.12946945,0.010374662,0.017172908,0.055688184,0.32120088
BC2026_Train_0012_S03_20220211_233000_10,0.0031889859,0.005442766,0.0024429173,0.69729066,8.946726e-07,0.04002141,0.01725056,0.03323282,0.007466253,0.0024028064,0.077622905,0.002943922,0.0019404071,1.6512735e-07,2.0294376e-06,0.008568185,0.0022115626,0.00038336782,0.0263879,0.011636504,0.05131025,0.000107861786,0.018423371,0.0049867737,0.14878295,4.9235416e-05,0.003518175,0.06858249,0.0056561255,0.10995055,0.0040131486,0.0017365885,0.008636137,0.0024473155,0.0030460686,0.0024485753,0.013995268,0.0006399162,0.0010205115,0.005737361,0.0053191283,0.0010427681,0.012362956,0.003960686,0.00045911004,0.00045911004,0.006618569,0.0009014935,0.00065381825,0.000731474,0.0035472866,0.0035222946,0.0035222946,0.0030834444,0.008177649,3.9239194e-07,0.028064111,0.06590112,0.00010180783,0.025625793,0.04423091,0.00044065347,0.07465511,0.16195177,0.0039215637,0.00049648504,0.020463618,0.0005880429,0.00035714396,0.020506501,0.0065290416,0.0003779596,0.041161865,0.039482012,0.031400878,0.057274733,0.08732991,0.29390177,0.23716341,0.049110953,0.08258611,0.014376196,0.3495663,0.018926987,0.063624136,0.16793703,0.17486013,0.23043978,0.20914926,0.021852925,0.14140436,0.12423256,0.045167904,0.010538976,0.2203612,0.21433231,0.08024494,0.05077507,0.07417,0.060384847,0.055610675,0.018672315,0.15264626,0.61068994,0.6498547,0.101172626,0.0700895,0.0051452685,0.054458007,0.12701587,0.05736859,0.2582159,0.063770615,0.18663414,0.025697773,0.09389452,0.035334088,0.030341499,0.03529423,0.17960885,0.326031,0.14598468,0.1295614,0.21156688,0.17128082,0.066542216,0.15144382,0.04727886,0.114724316,0.08658095,0.027524378,0.44088355,0.034150813,0.0350145,0.053822577,0.025404032,0.22130206,0.3514866,0.103756614,0.3205077,0.023776857,0.06665358,0.06390716,0.22426453,0.04908399,0.026739439,0.0822411,0.02319527,0.07840249,0.10686955,0.019611072,0.10608859,0.05338508,0.1306015,0.06616136,0.077547,0.033594675,0.046131898,0.1784719,0.10313618,0.005981067,0.23885703,0.026607877,0.15425836,0.20612846,0.15177748,0.012508001,0.10133804,0.07472682,0.3387012,0.24266091,0.00911705,0.08875533,0.16142261,0.060032155,0.05729126,0.023396542,0.61815447,0.05321221,0.23102915,0.083723955,0.03625932,0.071371146,0.09668266,0.017249918,0.05832212,0.0050321408,0.108876884,0.038441394,0.5359096,0.07161169,0.096952006,0.3368369,0.2678383,0.10456232,0.10907366,0.045738455,0.067810684,0.10750574,0.014952243,0.09060047,0.03535409,0.017939055,0.24814619,0.13064873,0.18406247,0.42906916,0.3580525,0.018209174,0.11190959,0.30191034,0.31131893,0.14052103,0.16064954,0.7344114,0.22053167,0.044293992,0.22605437,0.13157266,0.036832172,0.029443087,0.045419134,0.049370904,0.014015506,0.121504,0.17528011,0.054346208,0.1629698,0.026982041,0.15010346,0.01060336,0.02318039,0.03807273,0.33456713
BC2026_Train_0012_S03_20220211_233000_15,0.0026456416,0.0045961384,0.0019628785,0.73103505,8.5694853e-07,0.02867171,0.010377663,0.028300513,0.007055826,0.0019060681,0.058783337,0.0024890602,0.0019236966,1.6715802e-07,1.871504e-06,0.0060978346,0.0021676682,0.00026749226,0.024861382,0.0068571838,0.05419682,5.2312713e-05,0.017215261,0.0052337954,0.10344733,3.9821563e-05,0.0028851924,0.06901106,0.0050801625,0.10248914,0.002700155,0.0017124692,0.006563768,0.0023760165,0.0030229709,0.0024145844,0.01257877,0.0005708534,0.00087449857,0.00498713,0.0046723755,0.0009197484,0.011698338,0.0039402437,0.00044655986,0.00044655986,0.00670794,0.00087098684,0.00064371247,0.0007140328,0.0031476074,0.0032552949,0.0032552949,0.002713424,0.0040339925,3.7487823e-07,0.028149858,0.12179931,9.602838e-05,0.02780204,0.03734854,0.00037573284,0.10794523,0.13654603,0.0048846677,0.00046361142,0.016858729,0.00049914705,0.00041059774,0.016069837,0.006546778,0.00033431756,0.037833437,0.050541732,0.032779615,0.1058606,0.07801642,0.2228983,0.14278802,0.0404817,0.06739215,0.013937918,0.40785632,0.015734732,0.04546347,0.120074816,0.22357105,0.24490301,0.08086038,0.027730206,0.14671224,0.1428263,0.055920452,0.0089326175,0.3502788,0.24556464,0.04767942,0.035736155,0.10274772,0.06862293,0.04872084,0.018163703,0.12483539,0.6101968,0.67065763,0.07895033,0.060463,0.0053851437,0.046952955,0.07832064,0.042228717,0.2656019,0.066689804,0.242697,0.034720045,0.07694142,0.041634534,0.020394448,0.03128782,0.20319016,0.18413982,0.18992622,0.07261775,0.18498524,0.19417115,0.048071817,0.16492571,0.06763741,0.08779289,0.092641786,0.031853847,0.54659826,0.033510733,0.040238973,0.049400598,0.01813223,0.15095484,0.18330464,0.124524616,0.30506077,0.021316601,0.11055362,0.06741109,0.15124184,0.041474916,0.034835733,0.063993834,0.020654535,0.056554656,0.08049993,0.018480204,0.06423284,0.08105667,0.18821663,0.07889568,0.07583271,0.04089877,0.0510675,0.11153756,0.07678838,0.005543726,0.20972617,0.022930881,0.11776675,0.12415642,0.15872614,0.015977433,0.07304599,0.043294415,0.33516622,0.17135112,0.004631795,0.045574974,0.10186924,0.041720707,0.05779472,0.023054538,0.7274716,0.06470383,0.23887645,0.060741544,0.04538653,0.09111522,0.058812838,0.020399451,0.035101674,0.006393795,0.07189173,0.030756978,0.4457606,0.041653376,0.10026772,0.30307466,0.25352475,0.11715535,0.09500115,0.08236186,0.051764525,0.11282604,0.012479053,0.0822649,0.042294033,0.017041512,0.1523706,0.12986581,0.17928684,0.61364686,0.35989088,0.016607868,0.16306394,0.3141706,0.46626365,0.056674235,0.27286687,0.77432585,0.22556649,0.04120885,0.19609036,0.10559604,0.04342962,0.024083646,0.048243526,0.019487225,0.014412316,0.07734887,0.08497309,0.042090774,0.11460538,0.028485138,0.121369965,0.0107240835,0.033133067,0.03742971,0.23024037
BC2026_Train_0012_S03_20220211_233000_20,0.0036015357,0.004739934,0.0019840105,0.6137358,9.48406e-07,0.04371976,0.011447454,0.011877379,0.008693596,0.0022037998,0.08571083,0.0020720034,0.0022366697,1.9613137e-07,1.8045135e-06,0.007030839,0.0009072654,0.00038560823,0.02639844,0.011540309,0.07768394,8.0649384e-05,0.020374719,0.005977528,0.10861925,4.262126e-05,0.0023097422,0.0771159,0.00513377,0.08933327,0.0026542137,0.0015485658,0.0066219904,0.0023108895,0.003012183,0.0021782413,0.011499975,0.0006090542,0.000893122,0.0046256576,0.004886265,0.0009622983,0.010328384,0.0035347834,0.00040726067,0.00040726067,0.0063689197,0.0008739532,0.00063814566,0.0007056565,0.00290905,0.0029256956,0.0029256956,0.0027073321,0.0033936035,4.181443e-07,0.028195856,0.12723382,9.049652e-05,0.039626222,0.029904852,0.0003988527,0.05851942,0.17802706,0.0053530037,0.0004911882,0.042932358,0.0005072178,0.00034949966,0.020784898,0.006547218,0.00033082286,0.053126767,0.05423428,0.018502742,0.08808145,0.08475676,0.23133385,0.23275948,0.059403207,0.06164705,0.010801499,0.38337424,0.017528927,0.0647473,0.117804326,0.26620284,0.3317372,0.10496522,0.027287068,0.1825853,0.19065519,0.07765291,0.008624813,0.50954527,0.24490342,0.035239056,0.050241735,0.11652292,0.05962179,0.03702177,0.018444054,0.1505694,0.60149443,0.7570523,0.07702681,0.03756472,0.0057757944,0.045519166,0.10209041,0.042152338,0.25632003,0.058135115,0.2365876,0.03262749,0.07606487,0.04309166,0.025844973,0.031462375,0.19800772,0.2723503,0.18251531,0.095233425,0.17216466,0.23334917,0.069477595,0.13516334,0.053320825,0.07678938,0.09547775,0.038492955,0.5048966,0.029074358,0.041313406,0.11595113,0.017956143,0.17717816,0.292499,0.1581207,0.24262378,0.019744268,0.08390908,0.0681489,0.14316167,0.052941572,0.083568715,0.054706257,0.023033423,0.05339391,0.08043964,0.022059128,0.061450325,0.059707187,0.21324444,0.065672524,0.06647065,0.04186311,0.023622323,0.10317136,0.10080002,0.006279145,0.18410867,0.034201458,0.15663588,0.10887769,0.17167208,0.020093082,0.06399679,0.06440102,0.3128664,0.1996437,0.0063255704,0.06700596,0.11503052,0.035988025,0.073417686,0.02509259,0.6765947,0.060535148,0.31518337,0.051866297,0.03637268,0.05915485,0.061257854,0.015638325,0.027250534,0.006243807,0.06557846,0.04099534,0.4208186,0.03316148,0.08194683,0.32604966,0.2409668,0.10869878,0.06746305,0.032823462,0.04352896,0.11918467,0.016722322,0.11101118,0.037114874,0.025544737,0.15035425,0.15000428,0.20658553,0.64839035,0.47089285,0.016063888,0.10521816,0.4554855,0.45460632,0.108030245,0.10546488,0.7670455,0.20088436,0.047912467,0.24678308,0.10972639,0.0496883,0.038724877,0.041553907,0.030380407,0.016527373,0.08503597,0.09924755,0.039910942,0.10164664,0.03381273,0.121219486,0.012626597,0.02163145,0.04768729,0.24418992
BC2026_Train_0012_S03_20220211_233000_25,0.004265401,0.0048505687,0.002720162,0.58946925,8.630121e-07,0.040047262,0.018072834,0.011638014,0.008531983,0.002216257,0.082119845,0.0026355663,0.002606572,2.146229e-07,2.090712e-06,0.007430627,0.0011729345,0.00033001002,0.020714061,0.01147769,0.06291336,6.930481e-05,0.019260654,0.010879421,0.10168443,5.233477e-05,0.0026761144,0.09340949,0.0055710007,0.0999541,0.0025745316,0.0014906437,0.006439986,0.0024836822,0.0030151308,0.002130941,0.011277258,0.00061561004,0.0008793518,0.0046153334,0.0049577137,0.0009734246,0.010321243,0.0034080578,0.00040814152,0.00040814152,0.006423344,0.00088113593,0.0006571244,0.0007154529,0.0029205729,0.0029108964,0.0029108964,0.002694497,0.0030577027,4.314128e-07,0.028365951,0.13818486,8.222543e-05,0.04301262,0.03575207,0.0003823778,0.049812075,0.21326604,0.0063818297,0.0005100634,0.041868165,0.00054791814,0.00034543007,0.021474635,0.006557266,0.00032035672,0.062478423,0.05392739,0.01833303,0.06697617,0.08632056,0.1837885,0.18354732,0.056716792,0.09159788,0.010883202,0.29289693,0.025289247,0.034371357,0.111332595,0.20847128,0.26549703,0.12864786,0.029067565,0.1340013,0.16215411,0.11219359,0.009471503,0.23223913,0.2726339,0.021414679,0.06239925,0.1075288,0.04202445,0.03545023,0.018660134,0.13278182,0.65382475,0.77077186,0.096093364,0.028000273,0.0051008062,0.050511524,0.11612655,0.029182004,0.28594375,0.07012385,0.21813673,0.026003245,0.06632638,0.033328373,0.02658554,0.031883076,0.14034538,0.20008697,0.15757331,0.056042,0.14282125,0.2792567,0.04262894,0.10344905,0.05109152,0.0683026,0.06365338,0.026566014,0.45774722,0.026765777,0.031898916,0.060216498,0.016597139,0.13982706,0.20582654,0.16362739,0.2561181,0.026063412,0.0870335,0.053063318,0.17769739,0.048373766,0.051540136,0.06086179,0.016349966,0.040231794,0.07453093,0.022568665,0.06756251,0.0790921,0.1648023,0.07038612,0.048058793,0.035107728,0.016555805,0.05254576,0.077683665,0.0045548105,0.15193073,0.03544281,0.14046952,0.09261434,0.13550918,0.013260512,0.04019865,0.07395947,0.34295255,0.16043462,0.0053097336,0.03975501,0.11058095,0.029213348,0.08776437,0.023033626,0.68241704,0.0509141,0.28218982,0.050860338,0.027466811,0.060981166,0.06866563,0.014364584,0.032449108,0.005222935,0.07982829,0.034626726,0.4549976,0.041892298,0.08890176,0.32636106,0.15645699,0.071590275,0.07038041,0.033593215,0.054192,0.124888524,0.015682496,0.09341681,0.02769499,0.019880097,0.21601553,0.11027814,0.19670916,0.4118569,0.4055873,0.01250414,0.114041425,0.4042358,0.36047062,0.10096362,0.10422584,0.79455227,0.21730107,0.047813,0.29857838,0.12402065,0.046104595,0.022012897,0.046954952,0.026995523,0.016586695,0.04326897,0.0736612,0.031431384,0.10376858,0.07178681,0.08759035,0.017904734,0.025521759,0.099852934,0.2001962
BC2026_Train_0012_S03_20220211_233000_30,0.0047862865,0.006787395,0.0033212348,0.5117646,1.0550178e-06,0.038630873,0.0591164,0.017111411,0.0131124435,0.0025816555,0.19910775,0.0059101563,0.0023568764,1.6116286e-07,2.0260798e-06,0.00863672,0.00087466236,0.00037215164,0.020308323,0.0057638967,0.04218549,7.090444e-05,0.03292269,0.0075558694,0.13759437,4.669383e-05,0.0039610076,0.09057364,0.0064244187,0.1587232,0.0038277775,0.002225747,0.008493428,0.0034351426,0.0030352483,0.0031206664,0.015435845,0.0009423656,0.0012765317,0.006294111,0.0069846744,0.0014061455,0.014838153,0.004758913,0.0006054393,0.0006054393,0.008904831,0.0012241437,0.0009022713,0.0010303208,0.0042382255,0.004126273,0.004126273,0.0038853195,0.0028467677,4.7015186e-07,0.02823125,0.1325884,9.793549e-05,0.048869506,0.051583808,0.0003890658,0.04358047,0.17538592,0.006093433,0.0005806911,0.026894309,0.00051931833,0.00043003028,0.0202722,0.0065564793,0.00033783092,0.037247095,0.062356465,0.025192479,0.1033243,0.089067884,0.2192707,0.2036586,0.059866447,0.097272575,0.011003815,0.32089937,0.0132250935,0.053161763,0.1658772,0.3367156,0.35005137,0.06823112,0.018864593,0.18294968,0.29704702,0.05023609,0.0106396545,0.35554355,0.23624144,0.039416015,0.040047817,0.10624944,0.05795337,0.03771413,0.016510889,0.16477211,0.63745105,0.76215994,0.14327335,0.035231624,0.0074576163,0.04019107,0.096750215,0.049577545,0.27608547,0.07496108,0.12458015,0.030179515,0.08204438,0.03127544,0.021455875,0.028503736,0.1175075,0.23805372,0.17344633,0.0564178,0.14795607,0.31237623,0.034441598,0.10934706,0.049899753,0.07843772,0.061204016,0.079861335,0.40250129,0.029875059,0.03395484,0.05509713,0.016291965,0.1644135,0.19226144,0.16705206,0.28851223,0.016778005,0.21795666,0.06854215,0.26182687,0.055268466,0.03606552,0.08225082,0.03848978,0.07212281,0.080660425,0.017734911,0.099032216,0.06731141,0.2340143,0.116957754,0.0624523,0.043262087,0.018972974,0.082321845,0.06590327,0.0071280864,0.123363875,0.04036663,0.1283643,0.08137673,0.21258438,0.022557229,0.08763154,0.07268512,0.29400417,0.23082668,0.006282472,0.036702067,0.122641414,0.026375398,0.07918951,0.017521923,0.66488844,0.041085213,0.63346326,0.08856469,0.020564806,0.060078647,0.09137526,0.012776921,0.023325533,0.0058682403,0.06820428,0.04127256,0.59855765,0.031476513,0.10138491,0.32913238,0.17198259,0.09032494,0.08038788,0.042949203,0.045127314,0.1572813,0.023541883,0.108529635,0.039212037,0.01662678,0.17489408,0.11492017,0.12901063,0.5002347,0.448277,0.01396151,0.13362424,0.644966,0.3304718,0.14678761,0.13362445,0.7838241,0.2678818,0.049342502,0.31635496,0.111574866,0.061589412,0.025292112,0.042723123,0.03077698,0.019052364,0.06207555,0.10596684,0.030703174,0.12372658,0.036387805,0.08878008,0.010580007,0.0153012285,0.07460741,0.2471187
BC2026_Train_0012_S03_20220211_233000_35,0.004810681,0.00605846,0.0035554701,0.52094084,9.854678e-07,0.04375109,0.02144614,0.015048094,0.013010056,0.0022630705,0.06257835,0.0065699867,0.0024379257,1.8900677e-07,1.843963e-06,0.0066484185,0.0012880783,0.00030891015,0.02831758,0.0063707526,0.056445304,6.981866e-05,0.040628236,0.0053964932,0.1553865,4.942282e-05,0.003428803,0.08351704,0.006277413,0.1340672,0.0032203863,0.0020747017,0.007565331,0.0028595827,0.0030238673,0.002833507,0.013601521,0.0007641676,0.0011065742,0.0054161763,0.0060950364,0.0012013632,0.012917551,0.0044466816,0.00053900934,0.00053900934,0.007945751,0.0011232103,0.00080341246,0.00088874757,0.003684225,0.0035926397,0.0035926397,0.0033662238,0.0021377443,4.5234793e-07,0.028164715,0.1458001,9.0513335e-05,0.032170035,0.05069853,0.00041925116,0.04937806,0.2290067,0.0034372485,0.00066077657,0.0297705,0.0006266012,0.0003736591,0.023977503,0.006530143,0.00028399163,0.03278094,0.04892873,0.018915107,0.086388856,0.09020668,0.16512582,0.19071186,0.064386204,0.09255405,0.010897011,0.2903032,0.015198521,0.050048634,0.092683606,0.27007973,0.32080498,0.0880967,0.020544255,0.19493261,0.40604612,0.05813045,0.0108572235,0.37707254,0.35596153,0.029205369,0.024228973,0.11466202,0.06465703,0.03297035,0.02255488,0.15792713,0.6407244,0.74371374,0.07936528,0.030398024,0.006339882,0.046021134,0.094544865,0.044450607,0.2587317,0.050658114,0.18038784,0.025740746,0.08107491,0.037491467,0.02034626,0.025180593,0.13536288,0.27569726,0.15593748,0.06475661,0.1493367,0.27459118,0.043988463,0.123993985,0.05347725,0.05815885,0.09057392,0.06040399,0.44169188,0.033252843,0.037602387,0.052353576,0.034396153,0.16396396,0.20920108,0.17727387,0.21876195,0.016304977,0.14800678,0.053123504,0.15433381,0.049482454,0.060329642,0.07655176,0.015606413,0.0691219,0.08627378,0.015308517,0.12149988,0.05904066,0.16574581,0.09149451,0.060273,0.035471573,0.0198074,0.06646176,0.08814672,0.0059307604,0.1429893,0.03678622,0.13991384,0.090686224,0.1964752,0.021128109,0.07828679,0.06048379,0.28988427,0.13444488,0.00666391,0.055405274,0.08755593,0.03059133,0.07706933,0.021250458,0.6378534,0.045032978,0.528189,0.06477448,0.029189698,0.04487104,0.078897245,0.011781754,0.026345732,0.007411346,0.07706572,0.038558647,0.42690268,0.03917181,0.07482172,0.34472874,0.18714832,0.071189426,0.08152395,0.04059559,0.05122281,0.1562547,0.020688923,0.0684341,0.036153685,0.017319003,0.12749064,0.13557322,0.1278985,0.61882097,0.4389606,0.013755283,0.14253996,0.4116305,0.39719188,0.09489755,0.12928548,0.778817,0.2403489,0.039549813,0.23493269,0.09244095,0.060275212,0.020036807,0.038806777,0.030758172,0.017294202,0.043108493,0.078026265,0.024285646,0.15452664,0.034242213,0.09707425,0.0105446065,0.020555183,0.06735776,0.23722161
BC2026_Train_0012_S03_20220211_233000_40,0.0051841834,0.005238068,0.0021943774,0.50831854,9.201443e-07,0.041600373,0.02017109,0.021157615,0.011697696,0.0029953674,0.08436796,0.0020829136,0.002774365,1.8537985e-07,1.9502595e-06,0.0065809437,0.001099499,0.00036901358,0.025556253,0.007130715,0.037977953,7.650424e-05,0.04859876,0.005342303,0.14555836,5.3633274e-05,0.0026816393,0.07684269,0.004608701,0.10446539,0.0027064122,0.0016661528,0.0063823415,0.002523146,0.003023719,0.002267455,0.011267325,0.00066532043,0.00091710873,0.004699414,0.0050787637,0.0010588049,0.010706322,0.0035856175,0.000459013,0.000459013,0.0067602,0.00096846605,0.00065815484,0.0007614853,0.003155444,0.0030446548,0.0030446548,0.0028268783,0.002122679,4.0829826e-07,0.028238887,0.17105791,0.00010052155,0.044260472,0.050233025,0.00046748013,0.062262435,0.23994243,0.0039904583,0.00055760343,0.025176909,0.00059626607,0.00034659225,0.02198928,0.0065427357,0.00030082552,0.03516381,0.048630632,0.018518472,0.091039926,0.06363689,0.19002596,0.1657628,0.05377967,0.082482696,0.010799489,0.27460802,0.014517323,0.04533128,0.101687945,0.2889177,0.2333584,0.102646224,0.019645194,0.1798421,0.19206846,0.07649396,0.011131716,0.3064286,0.2420301,0.040057957,0.025182514,0.11931264,0.06887683,0.034234986,0.020559771,0.17087942,0.6357686,0.7500256,0.09722537,0.03465762,0.0071299556,0.043812495,0.088376634,0.04431006,0.30479518,0.06662247,0.20902489,0.026262991,0.08553794,0.037669636,0.02250289,0.021681113,0.13138303,0.28046846,0.18383038,0.07630996,0.15131462,0.24515106,0.031157888,0.106439196,0.058930483,0.060120907,0.079870485,0.02740412,0.45827496,0.024932107,0.02804434,0.0669789,0.021480024,0.14646019,0.21005756,0.17256024,0.2408736,0.017389355,0.15783003,0.060560815,0.111229256,0.040678076,0.0345234,0.06652165,0.018160103,0.04821148,0.07819193,0.014861666,0.09940607,0.06831353,0.19633962,0.070107795,0.06689227,0.04684679,0.019842125,0.081569396,0.07564103,0.0053075133,0.13625565,0.03637659,0.14108004,0.09764244,0.22132967,0.022257395,0.08041261,0.05966653,0.28493145,0.1499312,0.0069353795,0.044485677,0.0973398,0.029227514,0.0780074,0.017348433,0.579016,0.049848016,0.2776076,0.064171866,0.021744981,0.05896698,0.08305087,0.014900871,0.027862234,0.0068360134,0.086582914,0.037642818,0.46287358,0.054618116,0.07376319,0.30089602,0.20357496,0.08674088,0.06478758,0.058252417,0.04729927,0.13808496,0.024338271,0.08327992,0.032949876,0.016877558,0.16154985,0.14128728,0.1471685,0.40683904,0.44057968,0.015252725,0.13764235,0.5057514,0.3762383,0.09593042,0.1092471,0.78477263,0.25242597,0.04093994,0.24307898,0.0803658,0.052146405,0.024065705,0.05288267,0.02371248,0.017887075,0.03674636,0.08854661,0.026780277,0.14857468,0.03109334,0.10647065,0.012376313,0.017811293,0.049592946,0.2162055
BC2026_Train_0012_S03_20220211_233000_45,0.0067584934,0.0057737418,0.0024990428,0.48704344,9.688343e-07,0.036615733,0.016000135,0.048910405,0.012783967,0.0055498714,0.18956894,0.0034853106,0.00217478,2.0085092e-07,1.8362073e-06,0.011236971,0.0008061986,0.00039720626,0.027579743,0.009376019,0.08996736,6.8378045e-05,0.038100787,0.0026097603,0.14026056,3.969789e-05,0.0034384106,0.059730906,0.0054374663,0.12681623,0.0036912633,0.00197036,0.0075595058,0.0030597248,0.0030432208,0.0024911442,0.013317651,0.00073017797,0.0012399683,0.0046507306,0.0059667625,0.0015282872,0.011830691,0.004021859,0.0005328294,0.0005328294,0.0069800206,0.001171339,0.000760313,0.00090910355,0.003703638,0.0035363622,0.0035363622,0.0034651083,0.003683926,4.147202e-07,0.028440738,0.1102213,0.00010001071,0.03773302,0.040192768,0.00036465973,0.059213355,0.18947978,0.005838873,0.0005901054,0.039187577,0.00061623286,0.0003867316,0.024591273,0.0065612616,0.00035585347,0.03238964,0.031231675,0.021359766,0.08425379,0.06904684,0.13966762,0.1522768,0.031878643,0.089383766,0.011731778,0.17110726,0.013942811,0.040600624,0.10510002,0.13606292,0.23822293,0.11548312,0.020148534,0.15469803,0.18920496,0.06761982,0.009363349,0.33796275,0.19358428,0.03388632,0.07533379,0.08149923,0.05918839,0.033653907,0.020002997,0.16998748,0.65589076,0.68421876,0.06832911,0.059063733,0.0052565034,0.03833374,0.07057407,0.029891154,0.23264264,0.060587075,0.10767758,0.026317686,0.049532734,0.023445224,0.027219055,0.02084015,0.12593423,0.24304064,0.14700575,0.054574925,0.16584577,0.19167157,0.04577156,0.10213287,0.036888402,0.05911568,0.089680344,0.027348034,0.43243015,0.028715208,0.02985681,0.043389358,0.013574942,0.15523313,0.2208127,0.11162829,0.31879243,0.014274815,0.1163437,0.03675564,0.12196222,0.047417,0.031123783,0.04536768,0.040207934,0.05209526,0.058889944,0.015356755,0.06591721,0.055458646,0.26061356,0.042005405,0.047273472,0.050642848,0.027423672,0.09677866,0.07166135,0.005170155,0.071241,0.027518766,0.15584227,0.08668754,0.24821448,0.019395398,0.052127425,0.067135386,0.3304142,0.1453877,0.0064011663,0.04900756,0.09749302,0.036420316,0.061043262,0.021397268,0.44644722,0.06128716,0.20691039,0.06459143,0.017165761,0.06797721,0.10060286,0.016773758,0.029457659,0.009797906,0.06945238,0.04136331,0.3766259,0.0360295,0.078747354,0.2563698,0.13754354,0.081447534,0.089201674,0.042256165,0.041229602,0.1308798,0.021128677,0.07085318,0.035838496,0.01441368,0.09035014,0.08249666,0.13803904,0.22694564,0.40488228,0.010627598,0.119237214,0.6414679,0.34147662,0.11957158,0.142887,0.74796695,0.21943994,0.04930626,0.16272467,0.08339019,0.04464075,0.032446593,0.039120693,0.027973453,0.021023912,0.08126655,0.08547958,0.030833902,0.10551557,0.032087736,0.06818862,0.009938785,0.013976929,0.05763255,0.347629
BC2026_Train_0012_S03_20220211_233000_50,0.0047130357,0.006000264,0.002526599,0.52224857,9.133942e-07,0.04237341,0.03793948,0.022920102,0.013644522,0.0041154115,0.09310449,0.0030806935,0.0025761824,1.786353e-07,2.0070172e-06,0.011557098,0.0015718834,0.00038445526,0.02812181,0.0063980813,0.037802435,8.006465e-05,0.048722662,0.003088498,0.17403297,4.43891e-05,0.003569107,0.062452428,0.005544815,0.111385755,0.0034962883,0.0019884557,0.007434201,0.0031972057,0.0030282899,0.0026808726,0.0133065665,0.0007533239,0.0011028511,0.0052044066,0.005668311,0.001399236,0.012809774,0.004169054,0.0005573132,0.0005573132,0.0073797144,0.0012208802,0.00074970676,0.0009169376,0.0039565046,0.0037360245,0.0037360245,0.0032709138,0.0031945084,4.1571008e-07,0.028300304,0.11012536,8.518202e-05,0.03685931,0.043485016,0.0003995687,0.06517089,0.20912872,0.00809821,0.0005939774,0.028190807,0.0005678963,0.00040033678,0.022480853,0.006554626,0.00034599117,0.03332913,0.040753882,0.018056313,0.053483747,0.09577004,0.12286931,0.25432476,0.049631163,0.10118495,0.013831026,0.19708773,0.012878042,0.051227067,0.10689885,0.2121873,0.36791858,0.12957665,0.025583083,0.2053946,0.14370658,0.06869475,0.01014731,0.41561106,0.20435059,0.03243353,0.044510685,0.07109383,0.07155106,0.03552679,0.01901994,0.14940825,0.6304443,0.649006,0.12324895,0.034234326,0.0053765196,0.03769098,0.086651795,0.032955788,0.23865686,0.053890105,0.116042614,0.02939184,0.047034685,0.022005836,0.01939361,0.024371013,0.10203548,0.2266255,0.10513993,0.047219433,0.18333909,0.14301015,0.038699526,0.09113782,0.03878771,0.060411103,0.09213639,0.026987508,0.3940388,0.03489017,0.029316846,0.06646368,0.020072706,0.18865961,0.2044775,0.09260114,0.3251068,0.022335999,0.11842824,0.041551236,0.12004422,0.062443607,0.04300178,0.043353163,0.014883703,0.06633326,0.07610884,0.017715314,0.05039089,0.053207293,0.19767734,0.052125823,0.04761463,0.067759156,0.022158386,0.09537736,0.09951336,0.004809401,0.1032179,0.030678429,0.15053543,0.07670953,0.25610322,0.01788672,0.041745935,0.065140925,0.31113297,0.12999842,0.004390597,0.03806645,0.10273621,0.03383632,0.06641808,0.018205268,0.61047786,0.05619164,0.19739427,0.048479535,0.021187631,0.060699675,0.07103523,0.0133972615,0.026031094,0.006461352,0.07533598,0.039586507,0.49082714,0.035862785,0.0805637,0.24804433,0.12628289,0.059925403,0.08964519,0.027556095,0.041414578,0.09608877,0.022746915,0.074086234,0.03119192,0.019077474,0.086185805,0.085268736,0.13335903,0.29561982,0.315411,0.010565971,0.12117245,0.50833285,0.27945265,0.14511062,0.14474076,0.7163528,0.21317758,0.042895827,0.24836236,0.11323941,0.045591332,0.022511547,0.046021428,0.033511095,0.019347167,0.06928124,0.08560662,0.027100746,0.13995814,0.032398775,0.08029617,0.009098727,0.021296643,0.070220746,0.24998699
BC2026_Train_0012_S03_20220211_233000_55,0.007969223,0.004530064,0.0028644465,0.54971504,8.632789e-07,0.03994284,0.028350705,0.017716406,0.011344724,0.003904999,0.09963925,0.002516785,0.0027462393,1.6488374e-07,1.9191534e-06,0.008216155,0.0011356805,0.0003663813,0.020473342,0.0086398665,0.03660831,8.9873065e-05,0.0377928,0.003422302,0.14175162,3.913675e-05,0.0025068163,0.06828437,0.0046431907,0.10706641,0.0029126038,0.0014245147,0.0057692374,0.0023119962,0.0030227636,0.0020497304,0.010533281,0.00054524967,0.00081911555,0.0037587397,0.00452608,0.0010034114,0.009817624,0.0031177255,0.00038071128,0.00038071128,0.0051934374,0.0008391909,0.00049970247,0.0006342913,0.0029703148,0.0027722337,0.0027722337,0.0025057956,0.003246671,3.91287e-07,0.028043194,0.11828316,9.183371e-05,0.04348207,0.040823683,0.0003454291,0.054216497,0.16993938,0.0053877574,0.0005126248,0.02709255,0.0005636088,0.00033022757,0.023348304,0.006518024,0.00030259945,0.039246287,0.053288072,0.015915733,0.11903309,0.2220787,0.17324951,0.27589834,0.04425399,0.09119299,0.011461588,0.15612534,0.015757065,0.047159668,0.1178957,0.21066308,0.55118203,0.1771582,0.019083524,0.106887214,0.16237308,0.052038535,0.0088209445,0.3975086,0.18352878,0.03744155,0.11130213,0.07646146,0.10474179,0.048998393,0.018736364,0.15123557,0.6213322,0.7047002,0.1508669,0.04238774,0.0054884683,0.03822015,0.10603961,0.03436416,0.27085766,0.064543076,0.1294937,0.024126047,0.074007384,0.019953627,0.020692348,0.020719234,0.08735728,0.19223331,0.1464648,0.055360068,0.18514471,0.1556133,0.03886242,0.117240906,0.04556574,0.15857965,0.16439405,0.023905989,0.37059784,0.04723919,0.036826886,0.040932115,0.013022737,0.16978167,0.22263092,0.1334772,0.31247035,0.02095981,0.10001917,0.04927543,0.14491084,0.04028106,0.030378832,0.0778121,0.023800377,0.060751792,0.06995222,0.015088452,0.07575573,0.05242714,0.16691789,0.044978954,0.08774381,0.04157014,0.020925608,0.07323225,0.09067152,0.0066008223,0.16305402,0.036868714,0.13443136,0.10286946,0.22936605,0.017942445,0.071749836,0.062226377,0.305957,0.14883626,0.0044775372,0.03148992,0.09201487,0.04683522,0.08795944,0.016458886,0.5039541,0.04710448,0.24944282,0.10166926,0.027613796,0.054221835,0.09727571,0.012115189,0.022972252,0.0068333144,0.09179662,0.034253743,0.63647306,0.039544355,0.072747156,0.46615985,0.14412503,0.0739599,0.08051974,0.029508324,0.057212465,0.085700996,0.026481625,0.08492261,0.039739303,0.020221613,0.20690565,0.11266981,0.118443385,0.29349685,0.35633367,0.013383958,0.08329016,0.44288403,0.25343463,0.12590496,0.19112997,0.6920196,0.21817532,0.0570892,0.17845386,0.112805605,0.035640787,0.024525492,0.053729538,0.041508656,0.017225174,0.03994726,0.10268434,0.032403022,0.20326316,0.021864083,0.09442419,0.008069601,0.016318044,0.07821329,0.28904122
BC2026_Train_0012_S03_20220211_233000_60,0.008408588,0.0072936644,0.0030063966,0.33720088,1.0454901e-06,0.037067946,0.015677145,0.025048718,0.013963545,0.0057017915,0.0969286,0.0037810511,0.0026285958,1.9090669e-07,1.9511422e-06,0.01322112,0.0009150482,0.00041716525,0.023444675,0.008356597,0.04367813,0.00011800877,0.0381921,0.0038954623,0.20029587,3.7599842e-05,0.004703775,0.061974857,0.0057161455,0.10909194,0.0041168975,0.0023223562,0.0089405775,0.0036799225,0.003009913,0.0030504353,0.016268695,0.00092110696,0.0013236189,0.0060255383,0.006824942,0.001683356,0.01412334,0.004708222,0.0007499662,0.0007499662,0.008829477,0.0014464883,0.0009230038,0.0011151428,0.0044041984,0.00425722,0.00425722,0.0037578698,0.005597316,3.8735766e-07,0.027943926,0.08176763,0.00010128409,0.07084514,0.07184544,0.0003038252,0.054823995,0.2720812,0.008845194,0.0006702922,0.032051805,0.00057287654,0.0003583678,0.021675695,0.006489974,0.00030132127,0.028999116,0.03342408,0.02021499,0.071706556,0.094281614,0.16498482,0.12822784,0.04789624,0.07732456,0.01076882,0.12950414,0.011595853,0.05202643,0.1013366,0.16093342,0.33002692,0.11262332,0.021460565,0.12475643,0.17744347,0.055144943,0.011912275,0.23290193,0.18023665,0.034135327,0.11364785,0.098042026,0.07774199,0.04883775,0.01891689,0.14391243,0.6046721,0.6050029,0.07633911,0.05466588,0.007566199,0.04668187,0.08330786,0.03539193,0.22602606,0.039954647,0.1060276,0.028445292,0.058606606,0.029008823,0.01992304,0.024296496,0.12588432,0.39694306,0.10102689,0.052074973,0.17715071,0.19667545,0.070916854,0.09145521,0.035835166,0.07501183,0.13460347,0.027210709,0.4101162,0.0584596,0.03332561,0.060457222,0.018308535,0.1825259,0.16200328,0.08967516,0.28960043,0.015016652,0.20195337,0.0373919,0.11300095,0.059434578,0.03222146,0.052630395,0.013716144,0.076775976,0.101571605,0.015188571,0.106323294,0.045267373,0.15427195,0.041797876,0.07217895,0.0660309,0.023212962,0.08754567,0.04596952,0.008527253,0.17528866,0.030852003,0.13034901,0.0615238,0.27430514,0.020770818,0.08884294,0.06441961,0.3527421,0.11889101,0.0124987615,0.03141977,0.12359109,0.039504953,0.051374115,0.019325258,0.5490262,0.05825417,0.20729007,0.06889102,0.020809658,0.07910959,0.07868447,0.017275153,0.02481668,0.006456759,0.078195095,0.04104597,0.41375232,0.030360922,0.077345915,0.2079382,0.14070764,0.086973906,0.07430699,0.03538261,0.037650183,0.17675228,0.017752785,0.08023296,0.07926311,0.016408196,0.1364191,0.16085885,0.15210189,0.45196173,0.35803404,0.017087819,0.12120213,0.43236378,0.24807674,0.18052293,0.28692228,0.6964338,0.23672,0.03923368,0.16511905,0.090335175,0.04102927,0.01996833,0.047134183,0.022789741,0.013291346,0.06812755,0.089444004,0.04390075,0.1131179,0.022046117,0.07711564,0.010974247,0.018466137,0.06382138,0.28688854
BC2026_Train_0013_S13_20220217_233000_5,0.0009391888,0.0074586445,0.004347231,0.86129296,9.215761e-07,0.028805308,0.006428727,0.00861449,0.017160958,0.0004611671,0.16822003,0.0041205604,0.0036387513,1.7486724e-07,1.83538e-06,0.014684779,0.00037826438,0.0002195977,0.0926184,0.007590737,0.03931147,0.00011651556,0.0423311,0.00086779124,0.029057937,3.8978713e-05,0.004057895,0.104298644,0.011132028,0.074083395,0.0032056333,0.0016290813,0.011436212,0.0036989884,0.0027178251,0.002740585,0.014134253,0.0006484529,0.0011373485,0.0064100083,0.008383709,0.0012160287,0.0120477155,0.004246442,0.0007514439,0.0007514439,0.009864403,0.0014858391,0.0007033291,0.0008457438,0.0036625105,0.00359943,0.00359943,0.0038560114,0.003968882,4.7935794e-07,0.02738895,0.019822529,8.865453e-05,0.014305467,0.036901128,0.00034714723,0.06539614,0.08410874,0.005881867,0.0016321422,0.010000504,0.00041706907,0.00046936274,0.011192671,0.006440979,0.0005446178,0.0353857,0.07808053,0.022514759,0.12531312,0.15450095,0.29536197,0.120434515,0.06333294,0.08272227,0.017402189,0.1707798,0.020318808,0.03850788,0.14344081,0.29578036,0.59234476,0.05399582,0.034374602,0.29589966,0.536037,0.023272846,0.0075015593,0.42508787,0.08480811,0.081420705,0.025286607,0.31582883,0.0735213,0.076246865,0.013625994,0.28368208,0.5960948,0.68871397,0.08282068,0.024689548,0.008369373,0.13811961,0.13137998,0.099087946,0.3041985,0.12631166,0.34058267,0.02057245,0.2326614,0.08556632,0.027535107,0.06982837,0.21755469,0.1193074,0.2884657,0.108433776,0.1637281,0.2539285,0.04499511,0.11541097,0.08761812,0.18252073,0.073138595,0.0960636,0.5227385,0.02219955,0.08544449,0.04746357,0.017948547,0.0621897,0.48075104,0.08566762,0.26073283,0.019584034,0.054454047,0.07275669,0.111224405,0.06033859,0.05530833,0.15457833,0.014917254,0.039294705,0.07516911,0.027487017,0.108744405,0.096660495,0.13020208,0.0719084,0.13548392,0.035284735,0.009853991,0.10271266,0.096755005,0.017262936,0.2006976,0.027493645,0.219095,0.10577462,0.07017492,0.010498588,0.13706268,0.05730349,0.51416266,0.095490314,0.008166971,0.049101867,0.06656079,0.06304838,0.12851559,0.054923683,0.87368107,0.03941211,0.14786485,0.10113312,0.0781413,0.09771512,0.05343583,0.017124396,0.01289802,0.012624052,0.07685338,0.041680183,0.25656012,0.06373303,0.14700642,0.19949284,0.4901102,0.11733803,0.080354586,0.033854228,0.11000421,0.1945594,0.015779085,0.21537004,0.03143726,0.018854583,0.22224674,0.23926598,0.13475484,0.5543991,0.48884878,0.016299589,0.3863877,0.31245852,0.64808506,0.058492202,0.10271449,0.70626414,0.34979194,0.045504477,0.19454545,0.20251346,0.03284146,0.040215425,0.060956053,0.045372315,0.011623479,0.1885064,0.29029086,0.06166759,0.082144774,0.010795793,0.19577193,0.006194973,0.019540055,0.0495259,0.29492897
BC2026_Train_0013_S13_20220217_233000_10,0.0010452373,0.009782875,0.0031598934,0.8622911,1.0376349e-06,0.024778472,0.00602203,0.007763925,0.015459595,0.00051151786,0.11798234,0.0026894552,0.0029651185,1.8364724e-07,1.9069454e-06,0.015415317,0.00029519864,0.0002025355,0.09396108,0.007269192,0.031277988,0.0001191807,0.04186887,0.0012016213,0.026689526,3.8540027e-05,0.0040221186,0.09000507,0.008684274,0.08570945,0.004485478,0.0022481212,0.0153231025,0.005224608,0.0027121587,0.0036070624,0.018339887,0.00090478075,0.0015596952,0.009012696,0.011484521,0.0017487173,0.016505973,0.0054913936,0.0011444832,0.0011444832,0.013779211,0.0020236853,0.0010186248,0.0012348873,0.0050855074,0.004942767,0.004942767,0.005188212,0.004918474,5.1214107e-07,0.027397135,0.018777866,8.4160354e-05,0.0152475005,0.029518241,0.00033917293,0.067352585,0.074070044,0.006316093,0.0020880331,0.013630701,0.00039406412,0.00047197772,0.010070066,0.006394652,0.00054588926,0.030053003,0.075152434,0.024912152,0.11223356,0.25091386,0.24528956,0.15695913,0.046759207,0.07747965,0.023888074,0.16721968,0.01578445,0.04514302,0.15550049,0.19010231,0.44641998,0.05583759,0.035532195,0.19183932,0.36094573,0.019181702,0.0069058435,0.3509277,0.09398335,0.05823386,0.02400941,0.26103574,0.12003728,0.09075445,0.013425975,0.27099618,0.63121194,0.73192614,0.062924944,0.024185402,0.007881841,0.124488324,0.12280748,0.10115532,0.32020453,0.119483076,0.35323545,0.01666863,0.17633358,0.14549008,0.03744582,0.07267315,0.19269714,0.14919792,0.26718953,0.11231186,0.18639359,0.23073459,0.05185726,0.087230355,0.07407797,0.27585816,0.07276019,0.04874212,0.46494702,0.020316347,0.09034185,0.058460865,0.019038852,0.08340287,0.32070407,0.081198975,0.2533911,0.01443642,0.08204192,0.07927931,0.12403478,0.06748201,0.0344818,0.1351989,0.013379802,0.038327042,0.05556266,0.03280653,0.117520094,0.12070971,0.13108687,0.05643291,0.14199412,0.033446915,0.008451676,0.09159591,0.07838455,0.017116198,0.13274415,0.019118194,0.19394615,0.1272786,0.080639176,0.011658646,0.15514135,0.06005061,0.535963,0.08611151,0.0078430325,0.07174374,0.083558194,0.060260147,0.14253536,0.05553105,0.7748289,0.050479695,0.16566557,0.12637389,0.08328833,0.13236351,0.05440244,0.014745432,0.013192306,0.01183836,0.095858246,0.046581216,0.2688534,0.06214485,0.108374864,0.26939753,0.41933227,0.10167736,0.090816244,0.03448083,0.16457464,0.14909889,0.013050439,0.2241186,0.029840937,0.013231819,0.22885287,0.17250867,0.15172029,0.63094026,0.45869198,0.011833691,0.3595348,0.29357845,0.67219716,0.062904164,0.10365855,0.7178242,0.38648248,0.0461867,0.2185947,0.14721611,0.034131598,0.03835487,0.054589156,0.03667548,0.010785892,0.13256916,0.23321562,0.09449866,0.10322577,0.01087315,0.15282285,0.006900822,0.022710454,0.053933892,0.30005124
BC2026_Train_0013_S13_20220217_233000_15,0.000963697,0.007820001,0.004072435,0.90238583,1.3853532e-06,0.023428917,0.0031400183,0.013883669,0.014399532,0.00046401843,0.121251956,0.002868799,0.00458829,1.9669226e-07,1.7815421e-06,0.016443368,0.0004149636,0.0001998343,0.108121194,0.009190039,0.041456982,0.00010862695,0.065764576,0.0011697907,0.0403751,3.6563186e-05,0.006350482,0.12175234,0.008921658,0.0931796,0.0036993045,0.0018987231,0.012420617,0.0042906776,0.0027239616,0.0030266913,0.015843393,0.0007559256,0.0013124885,0.0073860674,0.009526193,0.0013519949,0.013923226,0.004768615,0.0008638657,0.0008638657,0.011322064,0.001603309,0.0008298109,0.001011318,0.004277277,0.0041905027,0.0041905027,0.0043664444,0.0049706167,5.144722e-07,0.027331328,0.014160992,9.088143e-05,0.014829262,0.030238112,0.0003539684,0.07659021,0.076490566,0.0061140517,0.002252039,0.0094112875,0.00048379312,0.00062249345,0.009945254,0.0064048143,0.00065668346,0.03797773,0.048272662,0.024435772,0.13080475,0.2064923,0.27819818,0.09589718,0.037506472,0.08311353,0.02121515,0.15801181,0.020419244,0.04959701,0.1735356,0.24778156,0.37322354,0.054028872,0.04370385,0.2945261,0.45734435,0.023689765,0.0065764114,0.4660441,0.13942376,0.05270952,0.025571771,0.33671185,0.07661879,0.06758276,0.012417221,0.26762426,0.6375207,0.79758126,0.081027776,0.02047978,0.009775202,0.12792002,0.09327544,0.10506136,0.26964688,0.11573393,0.36906385,0.01598725,0.16443597,0.1016868,0.03676409,0.07057509,0.20108363,0.0909001,0.27882954,0.09921496,0.23993407,0.3084158,0.049470633,0.08903858,0.090167396,0.22817439,0.06049616,0.047285575,0.47560117,0.021889837,0.060781177,0.086247884,0.017930068,0.069276266,0.3248931,0.07279466,0.3528149,0.015884656,0.09410698,0.066072695,0.12804863,0.075753585,0.044852182,0.14577408,0.019727876,0.03310566,0.07228686,0.03738662,0.15514496,0.09383285,0.14859366,0.11378969,0.146436,0.03730605,0.009585482,0.11979354,0.09998613,0.01511369,0.15720665,0.02136863,0.16168098,0.12086872,0.09788326,0.009252416,0.13727498,0.056377128,0.556877,0.09399817,0.010205679,0.060427442,0.09687846,0.07239199,0.18848255,0.057459217,0.71480215,0.056922253,0.13678256,0.083440036,0.07630258,0.09551878,0.060974386,0.027875906,0.011871079,0.010944099,0.08847944,0.04357683,0.21762867,0.079368345,0.10514338,0.22445124,0.39358693,0.09156951,0.0988678,0.03226553,0.13760412,0.16520056,0.015584062,0.22653633,0.03588849,0.01561975,0.3213613,0.20063955,0.11623335,0.6294199,0.4729574,0.014392872,0.37277567,0.4716217,0.6590661,0.055049624,0.14404318,0.7551143,0.33660376,0.07432303,0.2163038,0.1413284,0.042353064,0.047591,0.04814209,0.06294545,0.010672162,0.18174137,0.20001382,0.0790374,0.12482133,0.011564954,0.19529806,0.0062876907,0.017191213,0.05903214,0.30221966
BC2026_Train_0013_S13_20220217_233000_20,0.0011865966,0.013981056,0.007325261,0.9134387,1.083126e-06,0.02228281,0.0040179486,0.023142833,0.012349992,0.00038742696,0.36794886,0.009562973,0.0036262863,1.971049e-07,1.695337e-06,0.023828095,0.0005238936,0.00019295036,0.27395925,0.008939145,0.034587838,0.0002088862,0.06760734,0.0014307972,0.04550758,2.7966662e-05,0.008658177,0.10048393,0.010984338,0.1026223,0.0046554473,0.0027895833,0.021076882,0.009457273,0.0027877388,0.0053335647,0.02611834,0.0012890267,0.001982126,0.018256525,0.014441395,0.001600472,0.021208858,0.0064752614,0.0013335674,0.0013335674,0.018493144,0.00233456,0.0012532496,0.0015072763,0.0069638756,0.0058959615,0.0058959615,0.006230469,0.020651126,5.5834477e-07,0.027127191,0.0043936004,0.00011979407,0.0154737085,0.053221308,0.00035268324,0.08800045,0.08547313,0.003303377,0.006192487,0.010940645,0.00047429284,0.00044874416,0.008864763,0.0063517946,0.00051058154,0.039478716,0.06594086,0.046230752,0.07965566,0.22136986,0.31946325,0.07143275,0.06339445,0.04045526,0.025923608,0.22950491,0.032670975,0.028397491,0.20406854,0.1670321,0.35666367,0.073115475,0.02457356,0.2675438,0.77104753,0.018526966,0.012468796,0.104524404,0.07389693,0.10910188,0.043867055,0.13945754,0.048957814,0.09846382,0.013929667,0.32082784,0.71906686,0.8218888,0.10425495,0.03714937,0.010501089,0.1380215,0.17970835,0.12985094,0.3584755,0.14885631,0.31260583,0.023831297,0.20969152,0.17009284,0.046232913,0.11446326,0.24623924,0.10126096,0.31676564,0.22624645,0.2163771,0.331114,0.077808,0.12328271,0.1499298,0.44473964,0.087552376,0.09230861,0.31171992,0.037795417,0.079388686,0.08632544,0.037801713,0.0614682,0.3907772,0.05381222,0.5648968,0.016084066,0.030734789,0.077966616,0.08764986,0.15344377,0.07660077,0.30258486,0.01631387,0.079331495,0.08925731,0.1169836,0.14973989,0.0898235,0.082842395,0.13726282,0.25132757,0.048380144,0.009556343,0.115889855,0.11332625,0.019376855,0.09519785,0.03260767,0.15724987,0.15441756,0.13164951,0.011082068,0.07456642,0.042250045,0.5660937,0.09869582,0.009770613,0.06537515,0.08008125,0.0627803,0.25302508,0.040918376,0.25076282,0.07142694,0.17336899,0.15520535,0.098583646,0.15018743,0.045118783,0.018773863,0.012431908,0.016019711,0.14578383,0.055151083,0.21214204,0.09101805,0.12540571,0.11704691,0.41718438,0.12092394,0.07567655,0.034052514,0.23808396,0.23446117,0.0385052,0.3243945,0.051017888,0.018775146,0.1707098,0.21979894,0.11864289,0.20260148,0.5744834,0.013983261,0.3896351,0.37977248,0.36806357,0.10500986,0.10671412,0.75746065,0.49558967,0.050570752,0.16695358,0.1211444,0.026444942,0.048954327,0.059015278,0.13544038,0.013532277,0.06649858,0.5459283,0.15416037,0.081649475,0.010600301,0.24349257,0.013365643,0.01880026,0.06681207,0.57060534
BC2026_Train_0013_S13_20220217_233000_25,0.0012239215,0.0113664605,0.0033051155,0.90282077,1.0565458e-06,0.02815016,0.0026837199,0.009569114,0.017868157,0.00047724377,0.06931848,0.0029940521,0.0035756924,1.8635488e-07,1.8095824e-06,0.01870779,0.0003318802,0.00019872228,0.14154424,0.0077650603,0.034850974,0.00012717293,0.0465634,0.0012985268,0.0313838,3.2794556e-05,0.004703511,0.11945507,0.0102174515,0.098952144,0.00580694,0.0028668975,0.02007215,0.006386375,0.0027236557,0.0049236817,0.028657911,0.0011514872,0.0019762388,0.01260178,0.013657296,0.002013433,0.021683348,0.0075756353,0.0012403978,0.0012403978,0.017863395,0.0024649107,0.0012979509,0.0015273498,0.006976002,0.0067314114,0.0067314114,0.0064016436,0.008493918,5.5790855e-07,0.027371988,0.0070790136,8.666241e-05,0.011146651,0.032751407,0.00036248247,0.09262987,0.051680893,0.0044259517,0.0031927864,0.008562574,0.00047477573,0.0004344993,0.0108470945,0.006446272,0.00051031983,0.03671824,0.0490963,0.038391,0.096912526,0.37227574,0.33117607,0.110656776,0.050318383,0.05637959,0.02370001,0.17762774,0.0222367,0.029620806,0.1635318,0.27775103,0.4864759,0.058372505,0.04192406,0.26254788,0.39705253,0.021119894,0.008862463,0.29900688,0.06303327,0.05945095,0.03564259,0.3673182,0.08087525,0.15547872,0.0070295637,0.30136758,0.6474526,0.73152864,0.10552325,0.03195883,0.008703918,0.15071616,0.11912737,0.12070447,0.3369849,0.13565762,0.36042294,0.022160938,0.21922629,0.19102706,0.03087148,0.12876128,0.2827282,0.12306059,0.2827467,0.15293077,0.16871989,0.18736897,0.06800833,0.12590612,0.08339918,0.35865682,0.07883658,0.07098981,0.5681772,0.025488295,0.089146346,0.09442573,0.018523311,0.070449874,0.3568154,0.08676123,0.33055303,0.024041487,0.07619361,0.085512,0.123207346,0.08353629,0.042729594,0.14947112,0.015599884,0.05784743,0.061852884,0.039728303,0.11028922,0.1232238,0.14321925,0.06271565,0.22077234,0.048813485,0.010184026,0.09354599,0.0848362,0.014051356,0.16599102,0.023593932,0.17837189,0.237223,0.104508296,0.011501748,0.11299782,0.06872484,0.53702724,0.10739753,0.0147795575,0.082622305,0.07005622,0.06404842,0.1551884,0.054960612,0.8727523,0.052600853,0.15301825,0.09787301,0.18807098,0.1108665,0.058042828,0.017084666,0.012775929,0.033873275,0.11258392,0.0637099,0.24189602,0.07201342,0.13389061,0.18087088,0.49826223,0.11530219,0.088778704,0.0380996,0.18969274,0.18342619,0.01575413,0.24818328,0.026299894,0.016205711,0.25627726,0.22990322,0.16020809,0.4261927,0.4587777,0.016390653,0.36573818,0.3771778,0.6645361,0.06525363,0.09797668,0.7530526,0.38880426,0.061657805,0.14075251,0.20922995,0.022802552,0.05124458,0.06972463,0.05085355,0.010970638,0.11421815,0.27021915,0.121772885,0.066648684,0.010116407,0.22108589,0.005665175,0.019031089,0.051286418,0.32921004
BC2026_Train_0013_S13_20220217_233000_30,0.0013863475,0.013618657,0.0068564015,0.90072143,1.4116308e-06,0.02561016,0.0023338492,0.019876804,0.019907035,0.00042449773,0.2143345,0.0054962416,0.0030599746,1.866195e-07,1.8654032e-06,0.018888876,0.0004839109,0.00019838185,0.1746097,0.008711389,0.047867335,0.00016536438,0.055989526,0.0014309802,0.045335647,3.1531086e-05,0.0064129517,0.079257816,0.011829785,0.1040457,0.005464753,0.00318423,0.020469638,0.008452462,0.0027436328,0.005356909,0.027026128,0.001319773,0.002390597,0.014434796,0.0142111685,0.0020322094,0.020184992,0.0073071257,0.0014210952,0.0014210952,0.018233737,0.0026056427,0.0014029599,0.0016758193,0.006810515,0.006294341,0.006294341,0.006844777,0.009477718,6.2330616e-07,0.027384095,0.012757176,9.086825e-05,0.019579945,0.045270134,0.00045691218,0.08178569,0.06377431,0.0059228987,0.008500506,0.009753234,0.00042138042,0.0005248496,0.010151613,0.006415974,0.0005471073,0.04109677,0.04308245,0.0375826,0.110921405,0.12406579,0.37546533,0.11111564,0.052025426,0.07171877,0.024113994,0.243253,0.012635283,0.052226596,0.2185832,0.39415005,0.35882843,0.042655084,0.038020853,0.33498517,0.7450892,0.016447123,0.011951668,0.33763787,0.08447549,0.08859084,0.037315864,0.3053136,0.040325224,0.111783996,0.00923577,0.3120814,0.65183246,0.83023846,0.08617249,0.030238982,0.010924429,0.13397323,0.118802495,0.1179676,0.31636262,0.2337835,0.3496434,0.028681222,0.19470021,0.16439563,0.03364554,0.14341502,0.32048628,0.17023616,0.387901,0.13712972,0.17451297,0.3979497,0.110375576,0.10212902,0.09633239,0.18603821,0.079077154,0.103053465,0.47757605,0.02726678,0.113639995,0.06256815,0.035500415,0.09095128,0.3120799,0.084818065,0.54740095,0.016501764,0.058504105,0.07806979,0.0951339,0.14564903,0.05840956,0.2215201,0.013399349,0.07493431,0.08605624,0.031662885,0.12257605,0.12309488,0.13665335,0.12999271,0.13660805,0.067314446,0.010233307,0.12030611,0.124486186,0.016195653,0.20373161,0.027419884,0.22181047,0.11498651,0.16430163,0.014368836,0.091976926,0.0574817,0.52110976,0.08655251,0.011988621,0.07621832,0.068357445,0.072403565,0.15662812,0.056967687,0.84473795,0.057477977,0.2178252,0.11313534,0.100273736,0.120774284,0.06669143,0.016465148,0.013363529,0.0205908,0.09517138,0.05932627,0.283424,0.08234528,0.12365796,0.19637631,0.5125044,0.12234526,0.08532895,0.037351973,0.11762425,0.18200684,0.02455651,0.24889593,0.029806072,0.01460299,0.1968575,0.22203155,0.14493164,0.43724585,0.54832506,0.013906733,0.32648945,0.40367994,0.5489848,0.0944742,0.08266242,0.761637,0.37244737,0.04957032,0.1886584,0.16216508,0.03177925,0.037190553,0.05551462,0.065476865,0.010822173,0.12704942,0.38017946,0.12344457,0.092992745,0.010693087,0.21524575,0.006274018,0.0154570695,0.05420033,0.29362217
BC2026_Train_0013_S13_20220217_233000_35,0.0011849392,0.0075749652,0.0035881372,0.8777077,2.1453525e-06,0.029146634,0.0030686148,0.014939535,0.016056737,0.00057891867,0.5510519,0.0037636685,0.0035498294,1.877398e-07,1.9605232e-06,0.0305143,0.00041145954,0.0002007641,0.107276715,0.0077710855,0.05506856,0.00011084102,0.035981376,0.0009795455,0.033909895,2.9864463e-05,0.007819693,0.08423534,0.008847925,0.069232374,0.003529731,0.001823172,0.0121383695,0.004452666,0.0027337042,0.0029912933,0.015735999,0.0007143775,0.001325434,0.007435636,0.008876382,0.0013551704,0.012988914,0.0044769226,0.00081199384,0.00081199384,0.010569655,0.0015504038,0.0008119737,0.0009911819,0.0039751567,0.00396759,0.00396759,0.004277038,0.006613328,6.999141e-07,0.02750097,0.015688522,9.2548e-05,0.018389318,0.04136288,0.00042173214,0.061123453,0.064692326,0.007134548,0.0047678174,0.008383996,0.00046192866,0.00072742446,0.00983141,0.0064572254,0.0005999142,0.040964633,0.054642756,0.027661042,0.09506953,0.21461302,0.27736288,0.092331804,0.051228296,0.07870504,0.026507102,0.21725197,0.01978602,0.042580735,0.15326098,0.29619277,0.43979362,0.039247114,0.036273275,0.26168907,0.42005202,0.017230405,0.0069724433,0.36599174,0.10200316,0.04168965,0.06497085,0.30525985,0.06575372,0.08643433,0.013669316,0.26276258,0.5814472,0.78706664,0.06934788,0.020678645,0.0100429915,0.18900108,0.1061919,0.12025565,0.29863426,0.16052464,0.36463445,0.02686063,0.17541486,0.432442,0.030521128,0.2827138,0.19711916,0.11506124,0.35091674,0.098206826,0.14112248,0.3654989,0.070027426,0.102552444,0.09045046,0.18092105,0.049321428,0.059104737,0.5241959,0.020962283,0.08390449,0.073935665,0.021287141,0.06268968,0.34366858,0.0704255,0.35931587,0.016995221,0.049953517,0.077311724,0.13123043,0.08310029,0.06427794,0.23278771,0.019300634,0.046232227,0.07644035,0.08077095,0.123401165,0.10419019,0.14797929,0.069165185,0.12802215,0.041849367,0.013649076,0.117305905,0.13379179,0.012262518,0.16209994,0.02610078,0.17915969,0.13202338,0.097645275,0.011631464,0.11504966,0.052107044,0.6023558,0.09936042,0.012212506,0.065676086,0.07459189,0.1725879,0.22016892,0.059840985,0.82640964,0.054508787,0.16787575,0.15343224,0.08063332,0.14036344,0.06721008,0.021963771,0.010999027,0.013816984,0.07306668,0.052435063,0.25517803,0.0817137,0.16637745,0.20551822,0.40171027,0.08904355,0.07471981,0.04394399,0.13394882,0.18202132,0.015665552,0.2496373,0.04185695,0.01720215,0.28198305,0.18046826,0.13249017,0.53597444,0.42088586,0.015352729,0.37210265,0.34706667,0.6435474,0.07546508,0.081520595,0.7192545,0.31926212,0.056836177,0.20445219,0.17278679,0.02948378,0.036670566,0.051830634,0.05947474,0.012491487,0.22797254,0.2721031,0.09621007,0.13512404,0.012879241,0.15380763,0.005647336,0.012709299,0.04739567,0.31340057
BC2026_Train_0013_S13_20220217_233000_40,0.0014340775,0.0077186185,0.004082957,0.8997691,1.003215e-06,0.031146102,0.0024763946,0.0061058863,0.01505331,0.00047646128,0.07044851,0.0026483084,0.0033381763,1.8534773e-07,2.0610244e-06,0.02175648,0.00026533075,0.0002198296,0.08989478,0.006790891,0.06051602,0.000105306506,0.054389562,0.0010212638,0.026913704,3.5514746e-05,0.005392264,0.090668425,0.006869831,0.07447635,0.0034927342,0.0017437617,0.011879441,0.003999405,0.0027218212,0.0028667273,0.01657253,0.0007476158,0.0012264885,0.0069191544,0.008411071,0.0013694761,0.012669385,0.004376686,0.00083695876,0.00083695876,0.0107783545,0.0015510083,0.00079007546,0.00097359077,0.0040630763,0.003988033,0.003988033,0.0040510115,0.0064053647,6.926198e-07,0.027491277,0.015068364,8.635868e-05,0.02520773,0.029638804,0.00035295953,0.0858251,0.059861526,0.005924655,0.0028460016,0.011265026,0.0004520522,0.00077359535,0.010600407,0.006418112,0.00055716996,0.04542751,0.042887967,0.026977472,0.0850593,0.23524226,0.2962007,0.12463368,0.04150082,0.06182254,0.019915294,0.19043194,0.020463208,0.05204546,0.11846209,0.45383653,0.33429998,0.054747127,0.025374496,0.36334574,0.45073357,0.014454783,0.006986182,0.38960624,0.09311493,0.059980866,0.04508676,0.31849483,0.084685,0.081107266,0.008912901,0.27610296,0.6027291,0.73941076,0.075035445,0.02421255,0.009457666,0.125102,0.124675296,0.16472729,0.27613568,0.20431633,0.3445165,0.018531421,0.18608268,0.3428841,0.035762955,0.23273058,0.2671219,0.113624655,0.331252,0.11744387,0.1409123,0.27221105,0.04904491,0.09237711,0.0814906,0.28865692,0.0485962,0.044701785,0.45024568,0.01637651,0.085300505,0.05323586,0.018851237,0.070825264,0.35266766,0.08584544,0.3243327,0.017606476,0.05522302,0.08311859,0.14847165,0.07673645,0.030493017,0.15912324,0.017094906,0.031680625,0.06268539,0.042325247,0.068727344,0.11354724,0.13481016,0.054920904,0.12698092,0.04219007,0.010736942,0.12942284,0.085990876,0.012963065,0.17923078,0.020217804,0.15489891,0.10027247,0.08376479,0.008664829,0.10592126,0.07688133,0.4737055,0.11366673,0.0132064475,0.087292746,0.07790598,0.06620425,0.16558856,0.070335954,0.8406017,0.07037551,0.18081732,0.09723221,0.086313084,0.13324612,0.05448131,0.022223523,0.010197053,0.012357085,0.11765918,0.054886326,0.23583348,0.077921286,0.112540334,0.30562034,0.48951814,0.096651144,0.088143565,0.041723616,0.16280286,0.15444502,0.017406013,0.20356435,0.029309673,0.017588537,0.18141888,0.19038248,0.15357357,0.47994083,0.47790194,0.0144616375,0.34016815,0.40936217,0.64953506,0.10773451,0.09246357,0.735663,0.34285742,0.0694945,0.24732552,0.19060469,0.027366966,0.04318029,0.050264392,0.051424433,0.012680895,0.20225304,0.2516296,0.12725192,0.09363342,0.012197125,0.17731063,0.0052943337,0.014466436,0.04796023,0.3290482
BC2026_Train_0013_S13_20220217_233000_45,0.0011515709,0.012755546,0.004902095,0.8952962,1.256994e-06,0.025821242,0.0042747674,0.012112412,0.011680176,0.0004104642,0.50705934,0.008537267,0.0034207362,1.8964612e-07,1.8191714e-06,0.023378516,0.0003580974,0.00020615284,0.17033866,0.008714838,0.038892128,0.00017939278,0.021041576,0.0013097184,0.04381357,2.8037653e-05,0.011205669,0.089374766,0.009602801,0.09696011,0.004830307,0.0026103717,0.020397324,0.008089481,0.0028033163,0.0045335907,0.023508515,0.0013540571,0.0020109636,0.014689713,0.015295986,0.001665125,0.019047359,0.005778213,0.0014376576,0.0014376576,0.018004881,0.0022874577,0.0013375883,0.0016181777,0.006379555,0.0054593007,0.0054593007,0.0061021387,0.017397413,6.6311685e-07,0.027162174,0.0034174742,0.00014551313,0.017738974,0.034393154,0.00041898663,0.076350756,0.06644572,0.0036181198,0.00657719,0.0110370265,0.0005914954,0.00058312825,0.011326541,0.0063514872,0.00061201287,0.03713056,0.056814607,0.06598876,0.090537585,0.29138705,0.31373206,0.087326065,0.073980734,0.05703724,0.045213114,0.1872777,0.021993455,0.030574948,0.25976747,0.15173353,0.28602216,0.063153975,0.026931683,0.2108369,0.7773824,0.020805232,0.014787421,0.099609815,0.10477639,0.1355044,0.046315696,0.12761712,0.03924527,0.0956513,0.00986835,0.33965063,0.69530094,0.7698246,0.08323874,0.026637085,0.016403537,0.17118351,0.13702422,0.10291942,0.31827807,0.14516087,0.33085477,0.02468076,0.20949484,0.2504177,0.04222981,0.11360831,0.29895973,0.11892656,0.385467,0.21137656,0.20062664,0.27338207,0.06694922,0.20109251,0.111728296,0.35716686,0.09599613,0.10525601,0.3171814,0.029110827,0.104519695,0.095294714,0.022739783,0.08225622,0.41161048,0.07750506,0.3256021,0.012953687,0.037137628,0.057159204,0.09222934,0.15504113,0.07038032,0.18346067,0.020830445,0.0758697,0.10894334,0.07405416,0.08689768,0.162531,0.09834818,0.19189483,0.16222353,0.057870593,0.013942914,0.12237773,0.17096421,0.016863855,0.10102887,0.03627295,0.18283667,0.14752914,0.13813092,0.011086408,0.10421422,0.05717639,0.5196867,0.0955127,0.01242892,0.06731017,0.09008289,0.067613944,0.19014129,0.04895201,0.17275538,0.06718502,0.13622665,0.13748994,0.19875605,0.118773066,0.055408727,0.03084177,0.011009797,0.01536965,0.12038066,0.07630244,0.1967865,0.09261532,0.23941293,0.083400555,0.35042498,0.12506665,0.102384835,0.029239101,0.25240767,0.19342291,0.036630668,0.22696497,0.02770913,0.015764069,0.22117971,0.21653774,0.1512254,0.26330552,0.5087644,0.0134810405,0.1584264,0.25913054,0.41775265,0.07514269,0.10406449,0.7678268,0.5184896,0.05813116,0.16942154,0.10665082,0.027842829,0.05171313,0.049157295,0.13796848,0.011015672,0.077464275,0.5136709,0.1300512,0.09816924,0.013896429,0.2729677,0.008689936,0.020193264,0.07121224,0.49860147
BC2026_Train_0013_S13_20220217_233000_50,0.0016296847,0.013189498,0.0040939953,0.88904846,9.581595e-07,0.018560363,0.0033684531,0.011638218,0.010929215,0.000393577,0.632825,0.004525066,0.0031141608,1.6567266e-07,1.493167e-06,0.01612681,0.00039162874,0.00018932583,0.114448965,0.006278997,0.028888453,0.00018137421,0.034840055,0.0015440111,0.054626033,2.8373595e-05,0.006856638,0.1107048,0.008146038,0.087584086,0.0059940177,0.0023583896,0.021486413,0.006819734,0.0028004874,0.003995019,0.025277888,0.0013441655,0.0020190238,0.012953784,0.016914563,0.001784204,0.020444589,0.0055206767,0.0013955047,0.0013955047,0.019418657,0.0024379378,0.0012827109,0.0015947646,0.006772107,0.0059740455,0.0059740455,0.006552061,0.01588509,5.273033e-07,0.02720837,0.0023140425,9.4308954e-05,0.017834082,0.042357225,0.000350729,0.049858063,0.07049367,0.0034049733,0.0031511257,0.009377433,0.0004690424,0.00043073323,0.008430658,0.0063782847,0.00042553715,0.053897392,0.046166234,0.077951714,0.0949657,0.35348126,0.39997703,0.1152716,0.033233754,0.056931686,0.032116856,0.28297806,0.018976677,0.032886375,0.2645205,0.20737094,0.43136474,0.06671304,0.030310275,0.17958535,0.40451795,0.0120309405,0.0068233605,0.06806466,0.06811048,0.14138755,0.061830267,0.19792993,0.039814763,0.15260002,0.011915645,0.4416291,0.71201044,0.8031075,0.10385413,0.027088206,0.017099058,0.21997792,0.11471931,0.15549923,0.3558968,0.19014636,0.3999404,0.024713984,0.20473062,0.4364573,0.044662394,0.21511579,0.41284984,0.14112028,0.42685938,0.21320102,0.21379127,0.29194212,0.08673471,0.09744036,0.08304854,0.38421005,0.096561156,0.05756422,0.37373975,0.01886658,0.15107882,0.12131984,0.019338235,0.06806816,0.5207372,0.07227203,0.28282568,0.015323772,0.04478924,0.08298916,0.09668256,0.0953234,0.049900033,0.22306912,0.047279697,0.051608644,0.077095896,0.07520947,0.08890373,0.16109894,0.10678455,0.09658456,0.28982076,0.06844387,0.010809541,0.0692092,0.07751666,0.017832763,0.108448386,0.020205017,0.3023966,0.18808304,0.06272737,0.009045985,0.11104053,0.07711259,0.5987843,0.1523733,0.01311602,0.12362531,0.10964057,0.07163201,0.20284389,0.05217323,0.26708692,0.05955688,0.17245299,0.14465055,0.16304277,0.3506235,0.060387168,0.017964989,0.0121486345,0.026581543,0.18155077,0.066630654,0.21342315,0.13299745,0.28162056,0.116962805,0.2851335,0.17924812,0.119012855,0.035108976,0.26318857,0.17446895,0.020625668,0.29996866,0.031711128,0.021632718,0.39750278,0.19029921,0.13888103,0.18695511,0.4354096,0.018358251,0.2410878,0.3589927,0.4204529,0.08683366,0.105144344,0.7709838,0.55674803,0.08591904,0.16970763,0.14598532,0.020516887,0.071194254,0.09127294,0.09450501,0.015273045,0.05239912,0.56125474,0.17870557,0.09201038,0.012666668,0.2201656,0.00630417,0.018001888,0.05938837,0.39137733
BC2026_Train_0013_S13_20220217_233000_55,0.0010302552,0.013136639,0.0047309604,0.88708186,1.1703833e-06,0.026703507,0.0026947295,0.012475733,0.013342671,0.0004264044,0.12988289,0.006036129,0.0031385648,1.754548e-07,1.8391186e-06,0.03133436,0.00032177614,0.00022717087,0.111523174,0.0069554118,0.045922693,0.00019503817,0.043131147,0.0011299409,0.036274396,3.3760512e-05,0.0112708695,0.09404877,0.012262048,0.13054384,0.005927408,0.0031698414,0.02101698,0.006783083,0.0027419496,0.005515047,0.029778479,0.0011500395,0.0022847739,0.012414767,0.013440772,0.0019965414,0.022359507,0.007808701,0.0014125287,0.0014125287,0.019185297,0.0026459568,0.0012692028,0.0015353349,0.007387442,0.0068559693,0.0068559693,0.0068615736,0.011542742,5.5157693e-07,0.027278433,0.007098432,9.455896e-05,0.01379322,0.028326534,0.00036972665,0.07327393,0.06898705,0.0039592446,0.0064950967,0.0098949475,0.00044990398,0.00063947233,0.011961072,0.0063652713,0.00053292536,0.03726225,0.04463484,0.059635926,0.086133115,0.290042,0.31271848,0.09802556,0.046930965,0.062983185,0.0250243,0.22090246,0.01642859,0.047693115,0.20423022,0.29102415,0.5403695,0.06812557,0.02688989,0.24327864,0.52322865,0.018246176,0.010154837,0.3072358,0.09160296,0.04789774,0.049440417,0.49992558,0.06265827,0.17520238,0.011479083,0.32487646,0.68462276,0.7202597,0.08688994,0.032614265,0.0136228055,0.11356788,0.17748767,0.1010096,0.37086388,0.1267506,0.28266972,0.024499755,0.27634934,0.15282342,0.03065001,0.11383173,0.30455858,0.11803236,0.3847403,0.16099946,0.19420004,0.29090953,0.049796447,0.11200512,0.11804385,0.35455343,0.08811285,0.07591372,0.3957986,0.023441764,0.17632253,0.084262885,0.026919043,0.07012585,0.32235983,0.0840092,0.5321022,0.012689206,0.09959264,0.0794485,0.094542116,0.13311404,0.04673595,0.2171516,0.015828969,0.0454496,0.108699806,0.04163498,0.10102547,0.12929109,0.11545612,0.11850444,0.22942325,0.05911522,0.011681025,0.15113126,0.14206105,0.012348909,0.24675226,0.025690097,0.15590826,0.17893472,0.12753579,0.013672284,0.08841988,0.06398973,0.47370353,0.10494164,0.011993728,0.082753316,0.064829506,0.052450232,0.14830217,0.052011836,0.68723214,0.049033087,0.16925904,0.12701353,0.07882245,0.12102834,0.05946614,0.021204673,0.013409253,0.022529967,0.11631168,0.061021563,0.15800238,0.08635617,0.10556669,0.27185437,0.49901786,0.11107588,0.077861235,0.037800025,0.18931891,0.13062909,0.01839364,0.24608712,0.029163903,0.017384889,0.31238395,0.29110852,0.11244458,0.4877029,0.45771345,0.017147785,0.5451192,0.45196608,0.56492513,0.06847757,0.12128703,0.7663201,0.46465743,0.05792656,0.15392879,0.14526936,0.042496886,0.046574593,0.054496415,0.06401741,0.01698857,0.13795854,0.45494616,0.12809871,0.119561285,0.010642424,0.23407292,0.0089985235,0.016267395,0.075238034,0.34867325
BC2026_Train_0013_S13_20220217_233000_60,0.0008044338,0.014377611,0.010775449,0.8628469,1.0923854e-06,0.026738293,0.0037327178,0.026116481,0.015341068,0.00044235087,0.5177013,0.011896169,0.002671648,1.7681899e-07,2.086999e-06,0.012500163,0.0004218778,0.00021164912,0.11704981,0.009484568,0.035857968,0.00018132859,0.027072448,0.0014804289,0.0388298,2.7404094e-05,0.0076440214,0.097103044,0.012277596,0.12505552,0.008375992,0.0037505603,0.029463967,0.008997818,0.002802719,0.006351759,0.036662713,0.001514135,0.0032316193,0.014587758,0.020176673,0.0025893992,0.026453247,0.008522942,0.001918378,0.001918378,0.02258446,0.003173369,0.0014861813,0.0018736738,0.008964551,0.007876736,0.007876736,0.00933522,0.012911351,5.327338e-07,0.027255854,0.0034437857,0.00010029672,0.010905349,0.02222076,0.00035444018,0.07437468,0.048750874,0.0027686812,0.0052722124,0.01099498,0.00041542898,0.0004116238,0.010568557,0.0063575157,0.0005692372,0.035833362,0.040659964,0.039932072,0.115478896,0.19576472,0.362052,0.05808968,0.06298469,0.0636007,0.025790744,0.36070186,0.012210119,0.03051695,0.3428297,0.28367174,0.7219063,0.059102237,0.031015519,0.19818982,0.66621953,0.019352723,0.012593767,0.1613195,0.075500816,0.15046753,0.07644046,0.429906,0.051303018,0.22504264,0.011910833,0.3110481,0.7176044,0.64573103,0.10098004,0.033178374,0.00727887,0.14345673,0.20432861,0.19542961,0.26032284,0.08919276,0.26430097,0.024656713,0.2419395,0.14504026,0.03690185,0.09715467,0.5113896,0.14823462,0.4289613,0.14901829,0.13968557,0.2731624,0.07098943,0.11242,0.09869923,0.39370874,0.114924304,0.14589806,0.425255,0.022928134,0.27271655,0.11342269,0.03557348,0.06612014,0.40018967,0.07271532,0.54486513,0.013673828,0.06992854,0.09044676,0.06863549,0.13420007,0.040398687,0.2015639,0.025713079,0.07424069,0.14300437,0.0585193,0.1118508,0.12102632,0.20449336,0.12927665,0.22388837,0.048652574,0.011417488,0.15242273,0.10522115,0.022504842,0.18994536,0.023505663,0.3896308,0.13070992,0.18254216,0.008937895,0.13637415,0.052518137,0.48277447,0.15109275,0.01727616,0.06992603,0.075443454,0.06604839,0.081221916,0.05424245,0.4839146,0.049901817,0.273748,0.1350894,0.1438389,0.15230314,0.071182385,0.021332636,0.018158035,0.021942357,0.174423,0.049698703,0.21079706,0.083705306,0.18600547,0.2544107,0.47701353,0.10432046,0.09593075,0.04015732,0.1950145,0.14160582,0.015608382,0.28599736,0.04300983,0.017227644,0.32258436,0.4555496,0.14575596,0.268626,0.52415925,0.019542212,0.60298604,0.6543113,0.45976564,0.076722555,0.13064526,0.71202576,0.491818,0.07717355,0.2215825,0.2794946,0.030902797,0.09961175,0.043784678,0.052440993,0.015761605,0.1660845,0.43467996,0.0715079,0.11267021,0.012145918,0.33300236,0.009761966,0.022882897,0.0733015,0.38535795
BC2026_Train_0014_S13_20220228_214500_5,0.0023908245,0.005559011,0.0036217587,0.4035747,2.1872831e-06,0.03367236,0.005409501,0.00869573,0.7139392,0.00030369236,0.035410877,0.016370405,0.0043416303,2.0162923e-07,2.7677893e-06,0.98453677,0.010125788,0.00031442603,0.32383376,0.012131367,0.22365077,0.0007393973,0.07310212,0.0012313192,0.23594134,8.321577e-05,0.45004958,0.020552635,0.010561471,0.122647,0.003208105,0.0012814978,0.010730755,0.0042764023,0.006095386,0.0021182932,0.010618424,0.0006846364,0.0013768374,0.0051879524,0.009843954,0.0012290266,0.013181939,0.003051044,0.0005036155,0.0005036155,0.0057127797,0.00089201,0.0005870603,0.0007265168,0.0017456136,0.001976502,0.001976502,0.004935886,0.0044489754,6.284265e-07,0.01283019,0.0038432204,0.000106430125,0.02834601,0.0961357,0.0007012508,0.8086726,0.9958751,0.011544799,0.00070988055,0.0082664555,0.0004992003,0.0005579144,0.032236632,0.00658892,0.0006131365,0.019789182,0.27937376,0.035604175,0.081631675,0.078526415,0.19662334,0.06299759,0.102639146,0.104693174,0.024425032,0.102180175,0.014434532,0.2155994,0.08495757,0.16727577,0.8407229,0.15486163,0.10433401,0.30696765,0.110422686,0.058363453,0.017352305,0.09353098,0.19196878,0.09790712,0.013595518,0.27110532,0.025246141,0.058625925,0.028425597,0.39996964,0.4412271,0.2609067,0.11044951,0.011367055,0.008695426,0.19299227,0.058918778,0.0847562,0.15415312,0.08724002,0.39745626,0.86311877,0.11240766,0.02647609,0.05430159,0.07706348,0.09791411,0.1116257,0.19663806,0.07820303,0.16468942,0.113892496,0.044185374,0.09893471,0.38206327,0.07089801,0.08432063,0.074056014,0.47903997,0.042594165,0.06367786,0.04029229,0.020984845,0.13241807,0.39023808,0.26884997,0.0735092,0.056260623,0.08441965,0.28409484,0.10303382,0.023258975,0.02425348,0.15624915,0.006317039,0.14779815,0.11759381,0.06347539,0.04420864,0.082649976,0.030580187,0.23987348,0.032631937,0.06336127,0.027301079,0.2221744,0.10843653,0.016709581,0.24341123,0.31795722,0.06006447,0.046986796,0.13926335,0.0175736,0.041344393,0.25954598,0.30836752,0.0870194,0.004391223,0.018144693,0.11508872,0.050090205,0.02864765,0.050591316,0.7966947,0.13105853,0.13659853,0.0784587,0.008277957,0.06888517,0.03290093,0.030918324,0.2411054,0.0093061775,0.13521157,0.04880311,0.34703743,0.2616522,0.12001982,0.04263567,0.3657525,0.05542852,0.048359558,0.0851619,0.046580087,0.0825816,0.018189864,0.15342288,0.031103365,0.059540447,0.39353842,0.09184369,0.07918765,0.09590419,0.4511176,0.05909183,0.22796099,0.03502237,0.35878977,0.08765491,0.49595985,0.6126435,0.06662478,0.19660334,0.20240842,0.36185125,0.029242469,0.018398825,0.037761826,0.132721,0.018406859,0.10434899,0.27639583,0.015827384,0.07647388,0.011713366,0.0618701,0.042352803,0.05922754,0.29458094,0.20814908
BC2026_Train_0014_S13_20220228_214500_10,0.0016750747,0.006794907,0.0032622628,0.20174679,1.8532756e-06,0.043445382,0.0044025104,0.0092689805,0.73548466,0.00026957673,0.026001163,0.008700694,0.004787228,1.893719e-07,2.8802956e-06,0.98495364,0.017603274,0.0003059953,0.3882775,0.018287266,0.33061537,0.00081308465,0.09413126,0.0014283994,0.19627912,6.411166e-05,0.37677848,0.030324006,0.013226252,0.16489068,0.003669989,0.0014452741,0.012098905,0.0051936125,0.0061151516,0.0024765662,0.010753971,0.0008202317,0.0016758929,0.0066034645,0.011108649,0.0013499833,0.01447885,0.0033038387,0.0006324009,0.0006324009,0.006647096,0.0010248398,0.0006945629,0.00086724694,0.0019625826,0.0022053989,0.0022053989,0.005501594,0.004676321,7.4181577e-07,0.012882213,0.003648189,0.00012355676,0.02715053,0.10785803,0.0008056966,0.6598521,0.9972298,0.012245545,0.0007576307,0.0053483793,0.00040205542,0.0004622938,0.050403014,0.00661875,0.0005834542,0.018584192,0.1925637,0.03565897,0.068630904,0.071812354,0.11147352,0.06736119,0.10617437,0.09960248,0.021561073,0.07968621,0.013670581,0.19152236,0.11668558,0.08337745,0.80657387,0.16440062,0.0678458,0.4498354,0.16079834,0.049830906,0.014908144,0.09959636,0.1301346,0.09407612,0.016523203,0.13749237,0.029555187,0.07105612,0.016241817,0.32091126,0.37485722,0.2604919,0.077405624,0.01175104,0.0120449625,0.10858338,0.08731731,0.080109574,0.18101753,0.04934583,0.33780158,0.798711,0.07239159,0.02813208,0.04454447,0.11180815,0.056482773,0.07370621,0.13801557,0.066590615,0.13073657,0.1231081,0.051329944,0.11284171,0.34336516,0.05845212,0.06571395,0.1017483,0.5925628,0.034360476,0.03848314,0.039099175,0.023321383,0.17741002,0.32429436,0.3328703,0.078806,0.04434159,0.048866846,0.22454959,0.115724,0.021246955,0.02171143,0.0906057,0.0055544116,0.11141439,0.12866248,0.050521933,0.050032932,0.06598642,0.036396943,0.14477663,0.029614901,0.035337273,0.026540522,0.22869201,0.10749351,0.012885165,0.2917638,0.29502967,0.05709531,0.04132481,0.12693566,0.016732557,0.05072516,0.26774305,0.3397892,0.08168342,0.0042309086,0.017442016,0.10539074,0.039291378,0.04074014,0.044927105,0.7516945,0.09824445,0.1643046,0.055137586,0.0093939565,0.072783954,0.032631144,0.020419022,0.2527166,0.008426296,0.121745326,0.06019664,0.39707866,0.21973772,0.11371865,0.041549042,0.23535742,0.04583211,0.055346977,0.10088284,0.05710679,0.094474815,0.018302206,0.108649895,0.024002733,0.042999987,0.28734553,0.07318501,0.07257232,0.09413396,0.4876718,0.058731515,0.15564924,0.031484034,0.2078666,0.06582513,0.42166823,0.5737921,0.075649045,0.1270195,0.20750612,0.34045136,0.038622957,0.018674316,0.027577704,0.18520677,0.009430037,0.09893986,0.23404999,0.01864758,0.107569866,0.012433072,0.048706755,0.022813568,0.046995178,0.2818789,0.20809174
BC2026_Train_0014_S13_20220228_214500_15,0.002154089,0.005256892,0.0034958997,0.15609172,2.164353e-06,0.03380667,0.008374328,0.009560548,0.6929795,0.0003120219,0.030624477,0.0053734025,0.004112921,2.1954774e-07,2.4741933e-06,0.7875551,0.020145258,0.00031737352,0.36343786,0.014536887,0.29825446,0.000931498,0.11865093,0.0012190008,0.19470452,7.9823825e-05,0.0643246,0.025871765,0.007203544,0.08039372,0.0029192783,0.001005647,0.010027726,0.0036929373,0.0060576224,0.0017058239,0.0075332145,0.0006056144,0.0012624703,0.00454133,0.009230241,0.0010191168,0.00965954,0.0024342414,0.00039642415,0.00039642415,0.0050237956,0.00074993254,0.000553983,0.0006859116,0.0013986252,0.0015512728,0.0015512728,0.0042298315,0.003925587,7.330832e-07,0.012761391,0.00369674,0.00011909352,0.029317208,0.14467664,0.0008709777,0.7152034,0.99809134,0.017955253,0.0005944085,0.0080084335,0.00042036065,0.00043183108,0.028288187,0.006560243,0.0005962067,0.01732158,0.09638292,0.030088322,0.10544863,0.058482334,0.11073796,0.18528646,0.15033135,0.13094316,0.017203152,0.06705138,0.015117875,0.1602369,0.08166345,0.10223751,0.6524498,0.10010664,0.1985944,0.43315724,0.16310872,0.08263154,0.03068914,0.066654846,0.14058252,0.13049802,0.020135995,0.17255154,0.020941637,0.043813456,0.019149918,0.20137286,0.35660097,0.2666977,0.06316606,0.0104442565,0.012560902,0.12228076,0.07791022,0.075338304,0.095294565,0.059631288,0.23356868,0.9028097,0.08580109,0.027629917,0.071261585,0.12497374,0.067101106,0.07602948,0.12449368,0.055399317,0.25692648,0.06758469,0.028837359,0.11566809,0.11808315,0.06431219,0.065579124,0.030227965,0.585377,0.034951508,0.04735327,0.038709935,0.03235385,0.2737574,0.23455673,0.17358738,0.06509588,0.03819156,0.024668356,0.29077676,0.10011498,0.021032836,0.04688704,0.08722531,0.0061119148,0.06440326,0.08026097,0.037368495,0.044619773,0.077610895,0.036000717,0.07991885,0.031526282,0.0453891,0.01775766,0.17958997,0.17587116,0.008985815,0.27101278,0.4054587,0.058047704,0.04066592,0.12452452,0.009663,0.042772733,0.31139207,0.34754547,0.081758745,0.0041903844,0.014097418,0.18759157,0.053167332,0.026496595,0.06671025,0.760315,0.0940269,0.14627452,0.073526904,0.008665233,0.06553224,0.04202154,0.018191446,0.23714294,0.009612039,0.10100272,0.06515326,0.30215377,0.30160782,0.10028323,0.084415734,0.2379158,0.047384545,0.0601606,0.05962317,0.07366718,0.06999479,0.023454942,0.05505085,0.016401866,0.032778658,0.35069895,0.0672647,0.13851355,0.09260725,0.3582613,0.06251621,0.1384008,0.037037738,0.19754185,0.07784206,0.39005107,0.50620216,0.037903097,0.18936178,0.22171521,0.32579216,0.03449234,0.016086478,0.021874731,0.13612385,0.009836886,0.10524782,0.1237385,0.01213326,0.077478126,0.010308991,0.04630086,0.09282431,0.054084778,0.22665133,0.18539013
BC2026_Train_0014_S13_20220228_214500_20,0.0026307364,0.0074228975,0.003133711,0.2727296,1.9803397e-06,0.029211495,0.004844264,0.00902847,0.7261696,0.00028897665,0.028323786,0.0046821623,0.005258756,1.9919283e-07,2.3852674e-06,0.5474364,0.022324454,0.00030543766,0.53286606,0.018676825,0.26866478,0.0011783009,0.11256975,0.002053134,0.22336906,7.112124e-05,0.030532707,0.029896263,0.007617703,0.10248425,0.0043116007,0.0014939802,0.014358348,0.0057557644,0.006082166,0.0027969154,0.011229334,0.0008503251,0.0018695049,0.007754797,0.013104509,0.0014256539,0.015038257,0.0035851982,0.0006546479,0.0006546479,0.007279083,0.0011359291,0.0008137191,0.001000777,0.00212316,0.0023723557,0.0023723557,0.005919427,0.0062711956,7.259537e-07,0.012756061,0.004286499,0.000115576295,0.05225438,0.0895933,0.0009109809,0.9552988,0.9981719,0.018902043,0.0007888875,0.005439725,0.0003922602,0.0004656543,0.027682358,0.0065528764,0.00074927375,0.020265874,0.13386591,0.034285657,0.066355236,0.076322734,0.10100422,0.11165359,0.05005175,0.10676666,0.022305174,0.076701775,0.009527561,0.27110258,0.0733598,0.13218433,0.7255653,0.060493153,0.06473619,0.5735078,0.1370177,0.053975508,0.014118125,0.10261515,0.065204814,0.103949666,0.023650426,0.20318934,0.024866361,0.07196121,0.060652368,0.18227197,0.37619063,0.37189072,0.10551445,0.011239909,0.010097206,0.11734438,0.07924525,0.072975,0.13100801,0.083505586,0.21967956,0.86144143,0.11390042,0.02227815,0.08844006,0.1049969,0.06683551,0.14327405,0.13402954,0.04910347,0.1165305,0.09554574,0.03192335,0.1061662,0.099906065,0.06838012,0.08106456,0.03792263,0.54983926,0.024312895,0.043851107,0.029295702,0.03311752,0.13120967,0.40619203,0.19265339,0.093512975,0.050533205,0.042120967,0.2844486,0.117470205,0.021481885,0.033185415,0.08618474,0.0052033234,0.077449694,0.09957087,0.05585529,0.03896262,0.08790157,0.037645217,0.075565316,0.031214885,0.028830048,0.019874787,0.15029266,0.15645424,0.015873523,0.30634278,0.09017983,0.05988626,0.046174206,0.06988595,0.013618159,0.078252,0.28808162,0.21681985,0.10484711,0.0049471734,0.014392147,0.14496511,0.05138929,0.03600365,0.06849395,0.75914663,0.08379672,0.21034713,0.067749575,0.009350811,0.09046333,0.034806754,0.017937224,0.20759778,0.013059836,0.13740315,0.067378834,0.5740287,0.19943495,0.082862824,0.06103402,0.25731495,0.04345325,0.05757935,0.07808932,0.047587756,0.06604595,0.014131497,0.06999756,0.031658936,0.03910436,0.2103934,0.075205766,0.10084759,0.09640391,0.33662188,0.08344708,0.14753708,0.060799252,0.5069007,0.10224859,0.4043165,0.5385722,0.090087235,0.08752856,0.21567023,0.35261494,0.03719177,0.017272761,0.023080042,0.263269,0.021370437,0.25531003,0.12610488,0.01274572,0.08470583,0.011466524,0.06262992,0.021075469,0.046631992,0.11637566,0.17452942
BC2026_Train_0014_S13_20220228_214500_25,0.0027830529,0.006685737,0.0036524183,0.44238847,1.9306917e-06,0.043273486,0.004352581,0.011282217,0.7508484,0.000279067,0.029895276,0.011272905,0.0049668327,1.8735795e-07,3.0514773e-06,0.9797849,0.014081213,0.00028487854,0.5093449,0.0120533565,0.341168,0.00087366044,0.11956263,0.0016261081,0.27004457,7.459284e-05,0.39940113,0.02797096,0.010806038,0.1475927,0.0037119663,0.0014604514,0.012682896,0.005378571,0.006153069,0.002430044,0.010381175,0.000763997,0.0016202478,0.007167805,0.011087324,0.0013903043,0.01471145,0.0032474217,0.0005968104,0.0005968104,0.006526656,0.0010337775,0.0006799189,0.0008415524,0.0020215656,0.0022641632,0.0022641632,0.005484991,0.0046576406,7.1811985e-07,0.012898175,0.003597741,9.903662e-05,0.022461127,0.10123489,0.0010286433,0.9297136,0.9973176,0.012031897,0.00085063005,0.0058177467,0.000535582,0.0005258384,0.050074194,0.006632941,0.0008025782,0.023740575,0.31350073,0.037767146,0.07369921,0.057258602,0.14463024,0.08018021,0.069853015,0.13629287,0.025367625,0.1078547,0.011498668,0.29216966,0.085679024,0.13294798,0.77470404,0.13052562,0.04346856,0.58351564,0.14277557,0.046368886,0.019744936,0.09524854,0.12160375,0.24494934,0.01958236,0.23628786,0.028207337,0.056024216,0.027776822,0.39894474,0.40052488,0.26475984,0.098645225,0.01268638,0.010438734,0.2153469,0.06245591,0.080650315,0.14658171,0.058869056,0.22099297,0.8130957,0.112829335,0.026843524,0.053981725,0.087351725,0.115954794,0.088897586,0.17284778,0.08642864,0.12746766,0.13970715,0.050208166,0.09386112,0.40535754,0.069806516,0.06556306,0.072693855,0.57162076,0.030915517,0.033025768,0.028657932,0.021789733,0.12667362,0.37675172,0.22308905,0.078864284,0.22573674,0.03476697,0.30848083,0.12413754,0.024043627,0.02566381,0.08402187,0.005146877,0.11932462,0.14491244,0.04614588,0.11263473,0.08068276,0.040869717,0.14840803,0.022304308,0.046429638,0.024157695,0.27135876,0.10425615,0.018292356,0.28096154,0.29623368,0.04472351,0.038759563,0.14916612,0.014479187,0.06240601,0.31251356,0.30500504,0.09365014,0.005183116,0.016575562,0.13332497,0.073950544,0.031600043,0.044267137,0.6906744,0.11535892,0.18237543,0.08234042,0.008956398,0.065835886,0.0366268,0.025522698,0.21238735,0.009919694,0.13413616,0.09349491,0.4431856,0.28746742,0.11711589,0.0754793,0.3264457,0.047908355,0.05768726,0.11226183,0.05386295,0.069784455,0.017352782,0.12597032,0.024212364,0.032536183,0.45832717,0.07774426,0.07751746,0.2303449,0.5096424,0.0703399,0.1659248,0.04155931,0.4318454,0.06093362,0.28415525,0.61476654,0.08532169,0.14945929,0.13775718,0.3660402,0.03263055,0.018128322,0.031240588,0.13739389,0.01150918,0.21282014,0.2492813,0.016710348,0.07561676,0.010444999,0.049480043,0.034795243,0.26493794,0.2919172,0.14519572
BC2026_Train_0014_S13_20220228_214500_30,0.0031558124,0.008701924,0.0032275256,0.519976,1.842356e-06,0.03274435,0.00482234,0.018991223,0.72303855,0.00023668798,0.041273817,0.0041019833,0.0045487904,2.0853452e-07,2.686779e-06,0.6313971,0.011839501,0.00028616827,0.569928,0.025745904,0.42243487,0.001397194,0.0883881,0.0023225918,0.2213095,6.384212e-05,0.04775868,0.02615701,0.011390874,0.108721524,0.005307203,0.0017556145,0.01701218,0.006973406,0.0060491064,0.0031013913,0.012864763,0.0009973093,0.0022274186,0.0077989297,0.016138097,0.0018717827,0.01773503,0.004067679,0.0007447787,0.0007447787,0.008665944,0.0013946072,0.0009459436,0.0011815992,0.0024051864,0.0026550493,0.0026550493,0.007200082,0.0061722538,7.349139e-07,0.012708624,0.0044993563,0.00011165124,0.024243793,0.121261366,0.0011415905,0.9748148,0.996474,0.014111837,0.00090370135,0.008086235,0.0006261656,0.0004551473,0.025333602,0.006513994,0.00064184866,0.023384813,0.07165273,0.036139812,0.07043398,0.067146346,0.08706395,0.07401087,0.053040575,0.1850436,0.022110753,0.088674925,0.013865068,0.1906091,0.076455966,0.12657243,0.674402,0.08604223,0.049991105,0.5766817,0.15194416,0.07125819,0.0186503,0.096415386,0.070875846,0.1563635,0.03287098,0.28222832,0.025312215,0.06930091,0.019094942,0.191043,0.46983978,0.4324529,0.10010188,0.014074337,0.010249696,0.138207,0.07365934,0.063323975,0.13216865,0.09479964,0.46076733,0.8230558,0.12048532,0.018528325,0.07472243,0.07878396,0.08634146,0.092892304,0.1710247,0.04767342,0.13499758,0.1607146,0.03734642,0.10944363,0.18282427,0.061387576,0.091119334,0.037259795,0.5105754,0.04138845,0.05027121,0.02868609,0.03397101,0.09619478,0.2843269,0.11801372,0.14786683,0.06845502,0.03257715,0.25784853,0.1251872,0.02117432,0.05992301,0.0944856,0.0058638034,0.08516628,0.13250026,0.034137536,0.07019854,0.11974347,0.035942785,0.18632458,0.032327726,0.030222477,0.02079423,0.12206524,0.1255257,0.014664726,0.3392281,0.09488637,0.057290033,0.04278069,0.08049653,0.011476402,0.07151095,0.32651907,0.24644206,0.079012044,0.0054516806,0.017398847,0.10824214,0.07619739,0.029117025,0.07092295,0.78690416,0.10844835,0.15467873,0.08501401,0.0085649025,0.07334215,0.042143773,0.016973518,0.335994,0.007921077,0.14176509,0.07033904,0.50137895,0.30629325,0.11744117,0.05417995,0.24199197,0.037477672,0.04959615,0.10064715,0.06764553,0.089831315,0.018261073,0.10938834,0.018422814,0.05569492,0.271312,0.11014763,0.11025496,0.07786674,0.34846738,0.053131476,0.2385178,0.046825342,0.42919466,0.08728221,0.2642691,0.5713556,0.09044228,0.08522371,0.14162177,0.32224584,0.03004473,0.017192066,0.023326486,0.17551322,0.014404636,0.11441173,0.14020613,0.011699073,0.058853645,0.013500295,0.067667715,0.01857308,0.06621123,0.106267735,0.20862535
BC2026_Train_0014_S13_20220228_214500_35,0.0033176597,0.012569426,0.00336019,0.6624813,1.6868516e-06,0.053217415,0.004741032,0.013692264,0.7034618,0.00039367922,0.04696881,0.005403995,0.004210112,1.9648822e-07,2.256083e-06,0.5684487,0.007272517,0.00030132008,0.5247944,0.017835949,0.2831852,0.0017233962,0.05483791,0.002626204,0.21721086,7.3005314e-05,0.04595886,0.023309307,0.010894236,0.24075492,0.008194046,0.00258354,0.025064569,0.011186922,0.006072704,0.0049397,0.018489566,0.0016079055,0.003530762,0.014495994,0.024944363,0.0030056601,0.025881201,0.0060490626,0.0012436109,0.0012436109,0.013105245,0.0021313492,0.001594733,0.0018872939,0.0038202212,0.004264545,0.004264545,0.010467756,0.012329691,6.8731765e-07,0.012584316,0.004606117,0.00011793647,0.023150273,0.19740616,0.00082606124,0.9797957,0.99604636,0.015949115,0.0009658469,0.009725296,0.00040098227,0.00050495035,0.023464724,0.006494823,0.0005647719,0.025835248,0.104273796,0.05832493,0.06255425,0.059003357,0.107837185,0.07079217,0.033232063,0.19640298,0.03525115,0.08628468,0.006903068,0.21240576,0.09199489,0.07326193,0.5817011,0.096370816,0.062254574,0.5045436,0.082810946,0.04113393,0.023475599,0.09992366,0.09101113,0.18922856,0.04275651,0.18543378,0.023995977,0.06652064,0.0254708,0.17610753,0.5365889,0.3169219,0.081314355,0.019169658,0.011827453,0.16068327,0.061550476,0.055466566,0.119506806,0.06033678,0.5040256,0.91157,0.095687345,0.02655569,0.10644825,0.1124468,0.11883626,0.08314776,0.17521602,0.043104474,0.11633776,0.096360356,0.04947133,0.12131043,0.08282374,0.064359635,0.078531906,0.06318007,0.50697243,0.03988977,0.03283147,0.022623345,0.03293456,0.13506223,0.22254469,0.23363444,0.13612135,0.118339784,0.03960519,0.47717437,0.12531361,0.027032785,0.027815664,0.14130943,0.004446584,0.10162134,0.11413252,0.07205589,0.08981771,0.16245654,0.030219419,0.090568446,0.042206127,0.028659323,0.021019971,0.11119944,0.13008188,0.024847548,0.34679073,0.10759951,0.040398315,0.051952966,0.11912567,0.010260537,0.05175393,0.2153814,0.2864014,0.06926056,0.004521276,0.013453245,0.13965477,0.06516379,0.030276036,0.07340648,0.72289735,0.0861913,0.18436453,0.068562366,0.008244824,0.08252645,0.034365878,0.015337337,0.16828166,0.010115592,0.1000503,0.103170864,0.38607422,0.4479255,0.09524491,0.06891024,0.17579915,0.055505063,0.06259788,0.15084374,0.039647344,0.08417695,0.017459903,0.08817717,0.03022813,0.036583483,0.32400995,0.070782706,0.12610483,0.16094372,0.3134163,0.053894296,0.18274996,0.035387505,0.5383215,0.05069111,0.3143424,0.6810805,0.09987107,0.09389388,0.2609243,0.40014222,0.040663477,0.017851962,0.025692573,0.12590525,0.011348895,0.1371683,0.16151816,0.017674187,0.06263192,0.016119007,0.06433458,0.018666003,0.11154383,0.11912477,0.1671933
BC2026_Train_0014_S13_20220228_214500_40,0.0032986144,0.009265026,0.0027266927,0.33081606,1.6618569e-06,0.052503042,0.006204288,0.008301774,0.7303036,0.00024462704,0.030085064,0.004857546,0.004033543,1.9574266e-07,2.6447865e-06,0.9846295,0.014972824,0.00039806913,0.594383,0.035085496,0.35898826,0.0011445825,0.10382006,0.001626519,0.26932868,6.2488354e-05,0.37378448,0.021041092,0.015856175,0.3041095,0.00522423,0.0020391487,0.017675273,0.0074682576,0.0061283037,0.0033562342,0.014935945,0.0012569953,0.0023603095,0.009046643,0.017933892,0.0021442473,0.019984232,0.0045707817,0.0009083647,0.0009083647,0.010212021,0.001542038,0.0011002533,0.00136709,0.0027810065,0.003076205,0.003076205,0.007823422,0.0058497502,7.2383403e-07,0.012817906,0.004756127,0.00010658397,0.03522491,0.3310829,0.0009033382,0.64289725,0.9974744,0.013402924,0.0008740618,0.011897954,0.00054919586,0.00063235,0.04555188,0.006599787,0.0005908042,0.023585714,0.24746825,0.04453096,0.05887855,0.06309591,0.13700394,0.07880162,0.10737395,0.14763385,0.021282628,0.11597808,0.011128173,0.1809287,0.06889569,0.078599945,0.6669389,0.13875449,0.07360945,0.34694666,0.117604844,0.046962116,0.018843126,0.07775514,0.12252829,0.07901944,0.03675525,0.14919741,0.023341246,0.076975025,0.021087894,0.23664631,0.5008695,0.46741328,0.09090464,0.013803148,0.008653306,0.12180146,0.07543991,0.060351606,0.1446303,0.05813245,0.321529,0.84230435,0.11706417,0.022345873,0.07578222,0.0938424,0.09591288,0.13194989,0.16997282,0.07568128,0.12646343,0.12331082,0.034175795,0.12689671,0.34193254,0.053890403,0.09305199,0.06744829,0.4937605,0.04703612,0.03594807,0.039250635,0.029029531,0.19375634,0.3785815,0.37703368,0.11943012,0.030722974,0.040602963,0.22772272,0.11392232,0.025295828,0.032672007,0.070612624,0.004349932,0.12756708,0.16996707,0.04539959,0.04813754,0.08789208,0.034179445,0.18331057,0.02748119,0.060197808,0.01855733,0.18541798,0.14038393,0.028162958,0.17845465,0.26349482,0.04799816,0.042323686,0.11061534,0.01180873,0.047978543,0.21719395,0.37611192,0.10517729,0.0038093126,0.014025254,0.10495651,0.047505267,0.032875214,0.02520555,0.80112636,0.19112712,0.26848978,0.053194437,0.008319264,0.06748399,0.03367463,0.031662237,0.2654482,0.009534426,0.10092771,0.054602824,0.4820589,0.34565088,0.09508634,0.059053563,0.28033978,0.0365869,0.05179524,0.114128746,0.056315154,0.09473965,0.02231168,0.14718635,0.015121096,0.036106292,0.2620039,0.102786556,0.09731537,0.08035103,0.48446172,0.056691203,0.16899098,0.035574812,0.18089989,0.0779371,0.25485125,0.6619338,0.112384185,0.14274019,0.27332887,0.29138863,0.027108315,0.014128477,0.028660243,0.17031828,0.010188607,0.07560278,0.26513517,0.016427392,0.08285681,0.014819261,0.059194807,0.036631044,0.047578134,0.27659625,0.12444082
BC2026_Train_0014_S13_20220228_214500_45,0.002497324,0.0073897396,0.0031920767,0.33313957,1.97493e-06,0.042515658,0.0052847173,0.014746218,0.6847657,0.00029918394,0.035140026,0.007760253,0.0031263405,2.5684037e-07,2.9950404e-06,0.97967464,0.013263992,0.00028514082,0.53534055,0.013359802,0.3533549,0.00080866687,0.0763432,0.0017592206,0.22072628,5.4022847e-05,0.41661257,0.035729874,0.012670656,0.21273144,0.004448934,0.0017583446,0.013933156,0.005695466,0.0060780686,0.0027337582,0.013676814,0.0009814284,0.001971767,0.006437571,0.013320349,0.0018377398,0.017154083,0.003918454,0.00070343877,0.00070343877,0.008129847,0.0012463363,0.00085549086,0.0010258069,0.0024239488,0.0027015049,0.0027015049,0.006445343,0.0049691666,6.769511e-07,0.012783208,0.0070863483,0.00011458645,0.034917396,0.1361313,0.00080590916,0.9418393,0.99764204,0.015127043,0.00075176975,0.013293718,0.00047930062,0.0005421214,0.07065806,0.0065563456,0.0007197704,0.014817013,0.2487897,0.044232357,0.086595684,0.06314582,0.12411991,0.08695382,0.092951186,0.084802635,0.028377373,0.09886051,0.012658639,0.19517411,0.050758515,0.13837443,0.32358477,0.15535468,0.0459536,0.490405,0.09419125,0.035454996,0.016832162,0.08118463,0.14562538,0.10425508,0.017228814,0.22320081,0.019330908,0.07428034,0.02332636,0.3555994,0.41807485,0.27482677,0.07285515,0.013169154,0.010947487,0.17965455,0.07950365,0.048712857,0.14188035,0.07937706,0.44189635,0.8057602,0.12058607,0.027508756,0.059652425,0.074534036,0.0803645,0.1394366,0.15352802,0.1221794,0.12340276,0.19457375,0.044977333,0.07390596,0.38595042,0.053945627,0.06944659,0.06116949,0.47411746,0.034567013,0.030434601,0.029333767,0.027353968,0.17225347,0.25629953,0.20648265,0.12394209,0.054513585,0.12803683,0.29355186,0.093209006,0.030293953,0.035709504,0.07705621,0.0054692044,0.1729422,0.12453451,0.05075886,0.049861167,0.096824355,0.04086852,0.3142884,0.02329584,0.038055953,0.018717282,0.27019724,0.1339691,0.014333531,0.3001782,0.31034088,0.051220313,0.047316667,0.13593587,0.03835347,0.05458547,0.26834255,0.33364925,0.07237336,0.0048908843,0.028247932,0.09762933,0.06807772,0.034204647,0.044562086,0.763763,0.17756762,0.32662678,0.0796951,0.009102274,0.05952835,0.028408626,0.034819078,0.26819035,0.010199313,0.07591755,0.073123485,0.2699409,0.36322618,0.16022666,0.050171938,0.4042918,0.04040014,0.06319858,0.13100351,0.07443622,0.095012955,0.021280026,0.1516528,0.021435844,0.036281925,0.44831127,0.08423126,0.09769902,0.12081284,0.53893054,0.07668829,0.36704665,0.04663515,0.5106374,0.0987296,0.30045933,0.64588165,0.11406822,0.15745413,0.21374634,0.23784126,0.025413984,0.018380236,0.025919218,0.11784988,0.010501815,0.12822442,0.2947629,0.013651758,0.07241089,0.010869302,0.057348393,0.02432015,0.053738847,0.22657828,0.18748018
BC2026_Train_0014_S13_20220228_214500_50,0.0025232318,0.008315884,0.003305485,0.1644754,1.6987356e-06,0.03149124,0.004929848,0.015562156,0.6994942,0.00022652392,0.025016146,0.0051648966,0.0035799374,2.113852e-07,2.5743577e-06,0.5377915,0.014137816,0.00027889226,0.54611665,0.01805388,0.3002508,0.0012011584,0.07214661,0.0013620812,0.19365637,5.8346675e-05,0.036694065,0.023661794,0.009379693,0.096393414,0.004920653,0.001513232,0.016437368,0.0067555234,0.0060831863,0.002827555,0.010962585,0.0009752998,0.00211886,0.008136996,0.015902592,0.0016625909,0.0156312,0.0036172164,0.0005981796,0.0005981796,0.008172791,0.0011860057,0.0008758246,0.001108147,0.0022158553,0.00241432,0.00241432,0.0067177885,0.005638752,6.7753194e-07,0.012699067,0.004010625,0.00013284964,0.03206189,0.1281306,0.0008959295,0.5470935,0.9970217,0.013343781,0.0006610439,0.009188801,0.00045747936,0.0004352848,0.019923083,0.006506744,0.00049986574,0.018431522,0.15239495,0.030214692,0.0681853,0.07243583,0.08497711,0.077681996,0.046400663,0.13987172,0.019086031,0.07320372,0.013134772,0.07902055,0.08949879,0.08121571,0.79809195,0.06789715,0.06590983,0.5135166,0.13431652,0.06089025,0.019622672,0.09506988,0.06821911,0.11926838,0.03911586,0.15863156,0.030632898,0.066981144,0.02500947,0.1865003,0.50139487,0.42343232,0.08944254,0.017917862,0.009152176,0.14474803,0.06343065,0.08079642,0.13385335,0.054544557,0.27827606,0.80363345,0.14556323,0.02176216,0.08272953,0.07700253,0.07073223,0.07419684,0.1780622,0.047739457,0.10233378,0.099939056,0.03771141,0.12726487,0.115843214,0.08459232,0.063852526,0.029873392,0.49390918,0.031175956,0.037950896,0.028727101,0.036848422,0.08405282,0.3137676,0.12683524,0.14323942,0.031140015,0.027564665,0.27820486,0.10820988,0.028898997,0.055794924,0.07712447,0.005197641,0.10890983,0.14041631,0.036376067,0.112216406,0.061925415,0.04561377,0.07401789,0.028803065,0.029729461,0.01695394,0.11188764,0.1269574,0.01548827,0.18367971,0.08040359,0.066118814,0.056512862,0.06899056,0.010818046,0.05003554,0.30795377,0.37432897,0.09697242,0.005627965,0.02035895,0.11007629,0.109482095,0.03677394,0.03243547,0.7260278,0.101736754,0.12809177,0.052576922,0.009249367,0.06447152,0.049603015,0.022876257,0.35360605,0.012503359,0.11184365,0.041375175,0.5069486,0.25730643,0.099821135,0.047554966,0.2813308,0.04535911,0.03643762,0.113087006,0.06320808,0.07347086,0.018186165,0.08105575,0.01795365,0.041422646,0.16130199,0.058522474,0.11543601,0.07542437,0.34604564,0.057013717,0.1549771,0.060385063,0.17792244,0.0992497,0.24222241,0.5589282,0.073855326,0.07940212,0.1812416,0.3444112,0.04671843,0.015681885,0.022638923,0.20881586,0.0097998865,0.119924515,0.14505059,0.0121682305,0.07794487,0.010739178,0.08732701,0.017627569,0.04465284,0.09034876,0.10256204
BC2026_Train_0014_S13_20220228_214500_55,0.0027425957,0.009249039,0.0034803487,0.51040095,1.5438305e-06,0.048488446,0.0049655708,0.0264395,0.7171602,0.00028540636,0.04148655,0.008947454,0.0038220256,2.175839e-07,2.6244365e-06,0.9867302,0.013414344,0.0002974447,0.5224027,0.01784903,0.23378819,0.0010650336,0.16697209,0.0023267325,0.31762433,6.7868175e-05,0.38344827,0.026102135,0.013763285,0.30992022,0.005045462,0.0021755574,0.016894348,0.007581912,0.006092526,0.0035302094,0.015616236,0.0012767075,0.0023786342,0.009073666,0.016966004,0.0021595657,0.020347355,0.004726235,0.0009017913,0.0009017913,0.010230543,0.0015570502,0.0011171979,0.0013707208,0.0028773758,0.003197248,0.003197248,0.0076045045,0.006247716,7.182008e-07,0.012755364,0.005999117,8.646045e-05,0.030859252,0.24087325,0.00078739104,0.96627015,0.9962835,0.022155011,0.0011202443,0.017396405,0.00046562316,0.0006971056,0.047480013,0.0065687336,0.0006867592,0.019822193,0.29957026,0.04440807,0.082690075,0.057930224,0.118698806,0.06277906,0.073507436,0.098769344,0.022865064,0.07210508,0.0124650495,0.30547798,0.07742971,0.16554093,0.6681909,0.12088842,0.059178706,0.46714532,0.12512887,0.04852154,0.020307107,0.10394429,0.103401184,0.103950165,0.026362458,0.13719569,0.038385786,0.081941806,0.030590754,0.3451405,0.49239254,0.41940147,0.07850349,0.018469755,0.012656091,0.18927501,0.05674028,0.060353704,0.14599407,0.05308037,0.3624879,0.82784414,0.17206657,0.024534106,0.06734528,0.06761896,0.09676457,0.110154115,0.22485593,0.05448348,0.14760913,0.16490062,0.06177214,0.11816471,0.39950824,0.058096807,0.08809731,0.06156318,0.4833147,0.041035336,0.037771206,0.035386965,0.04087446,0.16479176,0.37271515,0.30519983,0.18068579,0.079203546,0.07610965,0.30855465,0.084066465,0.022619927,0.06991563,0.09121946,0.0042215055,0.14454685,0.19524314,0.059953388,0.11098033,0.07546463,0.038305268,0.18604271,0.029516755,0.053421255,0.025565472,0.21200405,0.12175811,0.025214486,0.20586668,0.25263068,0.039666288,0.037368715,0.14233702,0.014062554,0.064634286,0.28227535,0.37051612,0.08858451,0.0074657616,0.015875326,0.12181734,0.09406923,0.025866013,0.047567505,0.6048329,0.121097095,0.23164561,0.07758332,0.008508881,0.06259912,0.028623361,0.030898932,0.29394418,0.010961824,0.11688204,0.056313496,0.44887048,0.38585308,0.106161214,0.051670965,0.3812705,0.03914855,0.041599423,0.15113278,0.066766895,0.077856004,0.018098878,0.14108348,0.026313802,0.041046932,0.36830825,0.12864661,0.09712232,0.104818255,0.48371252,0.13713813,0.18977955,0.049465142,0.44308892,0.07880815,0.2632361,0.62660336,0.11541531,0.150327,0.18079567,0.3094193,0.02765692,0.014984319,0.027170114,0.18841204,0.012769295,0.13578092,0.287466,0.0139443185,0.064694405,0.013721253,0.06973912,0.029752802,0.07153243,0.28231362,0.14547145
BC2026_Train_0014_S13_20220228_214500_60,0.0030359104,0.010626238,0.0028543584,0.5204908,1.6795489e-06,0.031103494,0.005243569,0.007415705,0.7060569,0.0002889662,0.0390327,0.004691379,0.0040953364,1.7289975e-07,2.289379e-06,0.5386691,0.014673543,0.00030124452,0.32986966,0.0133208,0.2992535,0.001109079,0.053448673,0.002706256,0.25101817,7.282897e-05,0.043014552,0.02461853,0.010403128,0.13671203,0.007027365,0.002280133,0.021812337,0.009157098,0.0060260105,0.004052222,0.017072594,0.0013188198,0.0029480082,0.009938274,0.021095695,0.0027199832,0.023233918,0.0056661707,0.00093480933,0.00093480933,0.011384258,0.0019771361,0.0013084539,0.001630919,0.0034072164,0.003857981,0.003857981,0.009304498,0.0065276944,6.643238e-07,0.012588504,0.006815029,0.00010353837,0.022132764,0.098524,0.0009206439,0.96867204,0.9942229,0.011529494,0.0008478245,0.0065528755,0.0003787633,0.00048734547,0.02495052,0.006456141,0.0006395256,0.028023453,0.110709906,0.04024516,0.054172363,0.07334824,0.10153604,0.07096439,0.044480722,0.16509041,0.027576141,0.073531084,0.011035381,0.12111825,0.072408035,0.088049375,0.68428195,0.07378997,0.10930315,0.5648816,0.10534275,0.04147569,0.017398398,0.091490574,0.056172855,0.10157322,0.027234502,0.18716931,0.017474085,0.08070588,0.025726022,0.23485628,0.55189824,0.3201266,0.09091978,0.016769439,0.0129765915,0.14689572,0.0678986,0.060961552,0.12830181,0.053117428,0.36811483,0.84838396,0.15252285,0.033947237,0.09494787,0.13293718,0.07561848,0.084730625,0.15496348,0.0572817,0.11517988,0.08410159,0.056353375,0.13582937,0.1115639,0.067657396,0.06206853,0.045909435,0.5772107,0.03653352,0.07185128,0.02545115,0.035510156,0.11274073,0.21830355,0.1667738,0.11594092,0.060667057,0.05743262,0.23510027,0.09541561,0.02373752,0.037636455,0.06963203,0.0043318253,0.098959215,0.15136352,0.06278053,0.05473022,0.08783914,0.042709555,0.072386764,0.029678583,0.029105166,0.023415348,0.12354076,0.12268337,0.018325156,0.41290835,0.092361845,0.050102938,0.047990467,0.08260925,0.013553568,0.05151786,0.36510026,0.32029328,0.09444353,0.005573271,0.01801769,0.13001107,0.060165823,0.034686275,0.07748442,0.78645027,0.073532246,0.15708572,0.08065973,0.008597097,0.1250345,0.033698417,0.017423354,0.24255882,0.009530555,0.15571432,0.049826782,0.39362502,0.43430954,0.075928785,0.04304334,0.22831374,0.054197945,0.040331796,0.08149296,0.08350723,0.081230976,0.018038029,0.07339003,0.026613012,0.04236954,0.20952538,0.07183142,0.16435249,0.07712646,0.3076725,0.090204455,0.17995842,0.050093755,0.26187354,0.07831897,0.44772428,0.634144,0.13306291,0.07609993,0.19380641,0.36985058,0.03819852,0.017510716,0.021173235,0.1845703,0.017044552,0.10113608,0.1583179,0.017872008,0.081577934,0.015127104,0.08343926,0.028900381,0.058160417,0.115800396,0.12790045
BC2026_Train_0015_S18_20211016_011500_5,0.0015925629,0.02149416,0.0013423626,0.6518052,6.5786946e-07,0.02873566,0.0021870863,0.0027351251,0.0064534484,0.0033070429,0.15081374,0.001894259,0.0015977427,1.3660812e-07,1.98822e-06,0.0117607005,0.00051166426,0.0002131536,0.049008556,0.006010141,0.03557007,0.00020328893,0.016742159,0.0017072082,0.30194077,2.7916078e-05,0.0042240224,0.07821665,0.0077893734,0.09804919,0.011854227,0.0038886846,0.031244004,0.020169156,0.006729825,0.0070817433,0.037441526,0.0029693793,0.0018480647,0.03645038,0.018876366,0.0021669548,0.034308963,0.008335466,0.0012975505,0.0012975505,0.021609003,0.0020565512,0.001186222,0.0019532694,0.010794492,0.011212227,0.011212227,0.0066482965,0.07281112,4.6894502e-07,0.038848206,0.010023179,9.984838e-05,0.009620449,0.044509035,0.00040652833,0.020213354,0.053095844,0.004474369,0.0015670499,0.010813229,0.0008194185,0.00029638124,0.014217391,0.0058511705,0.00073826103,0.03061684,0.037722837,0.05151484,0.06566188,0.13908316,0.22131597,0.028354393,0.027086958,0.033852827,0.12821461,0.11494799,0.0069741625,0.06309719,0.1605766,0.117067285,0.29080212,0.10648444,0.0211016,0.28466558,0.27692744,0.013945151,0.013975798,0.078384,0.11866744,0.024373079,0.15831171,0.12585732,0.06963278,0.378014,0.008392528,0.25712597,0.6655572,0.74263906,0.089917466,0.19233125,0.07930935,0.117349595,0.1378746,0.0696867,0.28975758,0.029872399,0.2990817,0.017018568,0.16169235,0.15942483,0.029227294,0.15780854,0.18024677,0.05821079,0.13753295,0.31759027,0.2584919,0.22781803,0.029196825,0.05565804,0.1457509,0.31453627,0.06944189,0.024923481,0.3783888,0.014378817,0.05716895,0.1053356,0.03193348,0.10340153,0.18819033,0.09194426,0.20969832,0.012326168,0.06591638,0.057064887,0.099460974,0.07139318,0.029345304,0.2416528,0.023436438,0.083807886,0.06580724,0.05790362,0.07270268,0.15727815,0.22945674,0.086684085,0.08924582,0.02925019,0.1013093,0.05063329,0.080066256,0.009816747,0.17861895,0.01998629,0.19155645,0.07773743,0.1118072,0.020721858,0.086120784,0.16036229,0.46043572,0.20363669,0.0059809843,0.19246519,0.16342694,0.08833151,0.43999198,0.030334014,0.274926,0.19831452,0.14665797,0.13576043,0.12082631,0.11147001,0.05796189,0.013651575,0.032188825,0.0158249,0.086432196,0.12600072,0.23834482,0.073887765,0.13937876,0.11913244,0.12053038,0.123397954,0.15575714,0.025279066,0.51235414,0.05740746,0.013732424,0.32356557,0.05508743,0.0133789135,0.26487333,0.10736996,0.1448483,0.2311783,0.36705038,0.0644434,0.09695189,0.38929197,0.34100303,0.049572058,0.1828306,0.6649495,0.4083869,0.07234524,0.11161741,0.1043551,0.040875066,0.040250003,0.28592905,0.02535395,0.011038001,0.03684019,0.5540291,0.16313155,0.15509082,0.009256369,0.0853331,0.0050319703,0.008873868,0.11226555,0.6936066
BC2026_Train_0015_S18_20211016_011500_10,0.0018324398,0.026064295,0.0014544479,0.70919424,6.241197e-07,0.023523575,0.0017830045,0.0020217595,0.00702217,0.0035897773,0.16304284,0.002989658,0.0022494902,1.3574575e-07,1.8387324e-06,0.012128117,0.0003529374,0.00026732442,0.061778612,0.0054481574,0.03584281,0.00020226763,0.016647607,0.0034568533,0.36582524,2.9862358e-05,0.0054617743,0.10092347,0.008939474,0.10747132,0.014075567,0.0046765623,0.038293328,0.023863036,0.006763827,0.008704416,0.04439167,0.0038848266,0.0021344724,0.044922814,0.024377812,0.002596824,0.041131638,0.010194823,0.0015978544,0.0015978544,0.0270144,0.0024924949,0.0015299913,0.0026130634,0.013092154,0.013484211,0.013484211,0.00806113,0.06825625,5.149753e-07,0.038767055,0.008469332,0.00011014976,0.01025007,0.046302915,0.00035474994,0.025188845,0.06457296,0.0037999135,0.0017341527,0.009617634,0.0008691245,0.00028292855,0.0130315935,0.005859893,0.0004553634,0.028381547,0.033929072,0.079015076,0.05575662,0.18243049,0.2433601,0.024326198,0.030210612,0.05077044,0.048141614,0.17478718,0.005428593,0.06563087,0.17559281,0.11593679,0.19947504,0.096045814,0.017816508,0.31977922,0.4215265,0.014278071,0.015050519,0.07410133,0.11534146,0.024974177,0.20163101,0.08258063,0.06341434,0.18529558,0.00915036,0.23202336,0.7475208,0.7836798,0.10335572,0.15577297,0.048667327,0.10796866,0.11467347,0.073389664,0.2949473,0.032722127,0.29981518,0.02140597,0.13742028,0.18206708,0.025707118,0.19838947,0.14509837,0.069956005,0.16040836,0.24747807,0.30809933,0.30113223,0.03128748,0.059779722,0.14220655,0.26600927,0.0468341,0.03852166,0.30710435,0.016724518,0.060529742,0.09070012,0.020655591,0.096852764,0.20460068,0.079660855,0.24907081,0.01710874,0.06486143,0.0766978,0.067781754,0.07837896,0.029910628,0.31857482,0.023698678,0.09338404,0.08461826,0.0709232,0.037677273,0.11779045,0.26983643,0.0828612,0.10303791,0.025804289,0.23635033,0.043190647,0.059924588,0.008311085,0.1083151,0.017647456,0.15596864,0.05648868,0.16537884,0.022093585,0.11072104,0.12566791,0.4524667,0.23674773,0.011285387,0.14770877,0.16114457,0.09238586,0.45493072,0.05032489,0.14026013,0.14271545,0.13931464,0.092528835,0.050187975,0.08102683,0.07554312,0.012130766,0.031347916,0.017234527,0.08010255,0.09177004,0.24555372,0.095288835,0.15961628,0.14061503,0.11828729,0.14610703,0.14399546,0.0361838,0.47655645,0.054152418,0.012344956,0.30933183,0.06450612,0.02046936,0.29256803,0.13641298,0.17334501,0.14907785,0.38962722,0.050139964,0.07165682,0.24062634,0.30185246,0.027716998,0.26409855,0.68386626,0.4815535,0.062430784,0.111085676,0.08074452,0.033050194,0.029055776,0.23131868,0.02316298,0.010131089,0.037620198,0.5530498,0.22502492,0.13887139,0.008094789,0.11626281,0.004948965,0.010210367,0.087402895,0.65519226
BC2026_Train_0015_S18_20211016_011500_15,0.0019205301,0.027156882,0.0016435961,0.61443317,8.238888e-07,0.024825078,0.0021444191,0.0031719047,0.006820233,0.0032305452,0.18730989,0.003267937,0.002084429,1.4600292e-07,1.8567918e-06,0.011091213,0.00036449573,0.00023911074,0.046663623,0.0032580611,0.03343395,0.00021097326,0.021181766,0.0029237159,0.3637172,2.9874633e-05,0.005414768,0.07235024,0.0075554918,0.10242179,0.013406977,0.0048755864,0.038110375,0.025820032,0.006752808,0.009163861,0.041139573,0.003626176,0.002156903,0.048806697,0.02426581,0.002581466,0.04283877,0.0105483495,0.0016718534,0.0016718534,0.028031798,0.0025956812,0.0015848154,0.0026309877,0.013333959,0.01380263,0.01380263,0.008249134,0.07663403,5.5489807e-07,0.038961917,0.009040439,0.00013835379,0.009485503,0.052739885,0.00043928673,0.038814917,0.04664451,0.0039687357,0.002141948,0.0102235805,0.0009005884,0.00029367598,0.013434395,0.005836512,0.00042922547,0.025132341,0.029403217,0.05886805,0.05364513,0.12368589,0.18414395,0.024464965,0.031568274,0.048930608,0.03652481,0.13524516,0.012863739,0.056688085,0.23083165,0.09990685,0.18265404,0.09031638,0.014710026,0.28185824,0.30434707,0.024086464,0.013138492,0.06358986,0.07798549,0.019497104,0.14807048,0.097224,0.0463485,0.16632426,0.011026993,0.25397474,0.68843764,0.69720954,0.08854919,0.2538034,0.07827639,0.08737317,0.14571111,0.059053887,0.347861,0.026657648,0.30075756,0.016053036,0.16490683,0.21829772,0.02305762,0.16673566,0.12017285,0.09698994,0.13971606,0.4482359,0.23838657,0.2342065,0.03186078,0.07199059,0.16520505,0.22013925,0.052378114,0.034576755,0.28547493,0.015723905,0.037771787,0.08596908,0.014967189,0.08648081,0.26130083,0.08850852,0.22968777,0.010971435,0.057631698,0.050084572,0.084629565,0.14786488,0.021413878,0.21856514,0.027717344,0.08926615,0.07711015,0.058609143,0.045642864,0.12616019,0.26743835,0.095490806,0.1118225,0.026087545,0.19595963,0.05998364,0.06722572,0.008555657,0.103892855,0.017753828,0.22865215,0.044401538,0.16205935,0.029975452,0.103027456,0.0850841,0.49592784,0.19228919,0.0064045014,0.16907756,0.17229183,0.054591287,0.42675537,0.025851246,0.16752604,0.11891178,0.1273393,0.108564235,0.05784611,0.09457261,0.081837825,0.01614215,0.025796898,0.018153992,0.10321689,0.12581459,0.23541152,0.060590092,0.12588951,0.11583657,0.11765332,0.082803585,0.15343125,0.022505933,0.26087102,0.09544907,0.014788267,0.34044152,0.051002678,0.017188953,0.22672817,0.10341303,0.13636343,0.12745622,0.36358485,0.047694042,0.076200075,0.28055087,0.29575798,0.034532078,0.40893474,0.6679727,0.45750841,0.07392092,0.124468714,0.065573566,0.05832965,0.028719518,0.16827652,0.024078354,0.011373094,0.029299416,0.5421297,0.17740445,0.12560302,0.007968596,0.07590393,0.0067734793,0.00967564,0.10477102,0.8345888
BC2026_Train_0015_S18_20211016_011500_20,0.002250436,0.023706762,0.0015049647,0.64425874,7.256006e-07,0.022691086,0.0021209281,0.0033500309,0.00579295,0.0031185567,0.124878645,0.0024077625,0.0017494544,1.3872591e-07,1.7360986e-06,0.011475797,0.00035912296,0.00023061212,0.042272765,0.005018454,0.031288482,0.00017102559,0.022737188,0.0030159603,0.3719822,3.3163466e-05,0.004955426,0.080231436,0.0077650975,0.10536004,0.0131306,0.0040788692,0.035081267,0.019428253,0.0067960094,0.007393965,0.036431957,0.0032706948,0.0019492502,0.037924584,0.021885445,0.0023879467,0.036437444,0.008815433,0.001458359,0.001458359,0.024467979,0.002198075,0.0013475958,0.0022679921,0.011523698,0.0120806685,0.0120806685,0.007246169,0.06633839,5.208225e-07,0.039017987,0.010602236,0.00011621616,0.008193173,0.03750229,0.0003205634,0.020817583,0.043405484,0.0049616536,0.0014599905,0.010175129,0.00082898844,0.00031461555,0.0145224035,0.005867102,0.000429463,0.026311543,0.022134049,0.102568984,0.0876282,0.15511471,0.19611046,0.023695625,0.044359695,0.033918194,0.037605256,0.17682396,0.005624256,0.073513776,0.2025969,0.10236947,0.15558594,0.08233903,0.017135015,0.17153932,0.28548542,0.013405978,0.013997428,0.071880534,0.071223915,0.026615137,0.13079332,0.06312318,0.06839326,0.20237824,0.010007989,0.24727605,0.738917,0.7056085,0.06224644,0.18320747,0.058451846,0.08056256,0.15064673,0.09716833,0.35020253,0.031317096,0.29270664,0.021622045,0.13324574,0.2752835,0.022725128,0.24578835,0.14255847,0.064996265,0.14402702,0.26238307,0.20776439,0.24607795,0.02506224,0.04407701,0.178008,0.18894763,0.06329448,0.041524637,0.28080133,0.017606914,0.04492611,0.11356376,0.016870098,0.09623632,0.18654194,0.09792252,0.19782677,0.010449698,0.08133543,0.0490068,0.08510657,0.076109186,0.022306526,0.23040481,0.023993444,0.106299974,0.08118774,0.0452599,0.04951227,0.09678177,0.272809,0.07539222,0.092228025,0.028433472,0.27165982,0.09820841,0.06435635,0.011152686,0.18586439,0.024826555,0.20078254,0.06646505,0.1579057,0.02427432,0.2223874,0.11089221,0.4125755,0.21903825,0.007350948,0.14887476,0.18568507,0.09812714,0.4195989,0.028149758,0.2871368,0.14070013,0.11514099,0.10552792,0.11278415,0.100255966,0.08077003,0.014142307,0.047348067,0.017987236,0.090444945,0.0978613,0.24073546,0.058754932,0.14559168,0.11066463,0.09727907,0.092027426,0.20458479,0.029616076,0.38688436,0.06746949,0.015952919,0.29293814,0.034899347,0.018546883,0.3064606,0.15658079,0.16433352,0.16701835,0.37027982,0.06375998,0.09274359,0.22663347,0.43471235,0.03893477,0.44879764,0.6367159,0.4255105,0.06894869,0.08962552,0.07432084,0.029665936,0.023181595,0.24590155,0.018996917,0.01491477,0.02906565,0.5284495,0.20766784,0.14922918,0.008533021,0.080517896,0.004393493,0.0110869035,0.11354552,0.60011184
BC2026_Train_0015_S18_20211016_011500_25,0.0018223459,0.023664031,0.0014398302,0.6185619,7.8343277e-07,0.029652707,0.0024243405,0.0025471637,0.0068539786,0.003364907,0.17290306,0.002371888,0.0019082665,1.3787249e-07,1.5691597e-06,0.010645229,0.0003293703,0.00028989717,0.0464409,0.006333598,0.026597017,0.00018485429,0.012685044,0.0029610312,0.2654196,2.8137565e-05,0.0047574122,0.071115576,0.007863788,0.11529065,0.014956161,0.0042874664,0.038134716,0.021333732,0.0067638094,0.007664931,0.03743526,0.0028980342,0.0022359975,0.04026574,0.022314224,0.0026737242,0.03845386,0.009312819,0.0015247352,0.0015247352,0.023952562,0.0024126167,0.0013842705,0.002199306,0.012214386,0.012663758,0.012663758,0.008101783,0.07902374,4.9192016e-07,0.03903862,0.010225062,0.00012633971,0.010502198,0.046167362,0.00031865388,0.020160034,0.036795326,0.004542575,0.001991242,0.0119054075,0.0008331531,0.0003003978,0.01428734,0.005851931,0.00051611714,0.032197274,0.03516574,0.06863812,0.079405144,0.111043796,0.19042844,0.021500267,0.030880352,0.04125762,0.034026593,0.17401782,0.010726582,0.07227913,0.17540692,0.1310736,0.1936925,0.096365035,0.018058771,0.24755085,0.31205353,0.014039808,0.022696914,0.097804695,0.10771001,0.033947263,0.20729586,0.07672459,0.07331731,0.16992421,0.012976206,0.2773879,0.73902225,0.7364236,0.14056112,0.20708627,0.05947583,0.08727355,0.13238068,0.06821686,0.2567861,0.027584856,0.3237737,0.01714212,0.12051107,0.16929017,0.03697896,0.20630746,0.14180043,0.07227184,0.163961,0.2809779,0.2580514,0.23885828,0.031923592,0.04816983,0.1427458,0.30637398,0.07146495,0.02836334,0.2794255,0.016877647,0.06926369,0.0830862,0.017823536,0.10949565,0.22384813,0.09942132,0.2503025,0.012423404,0.057974286,0.056991372,0.06396599,0.07903203,0.025832305,0.3082272,0.022378586,0.09374942,0.07432744,0.043120764,0.050018784,0.11083992,0.26993078,0.116417244,0.12307226,0.031745758,0.13317545,0.07465756,0.10774081,0.008840865,0.13097236,0.024130197,0.19171627,0.049644243,0.15729311,0.030953953,0.1380816,0.11146703,0.44135505,0.23921445,0.00898156,0.1697167,0.19756791,0.09171634,0.50275874,0.039230745,0.26949704,0.3159508,0.11913186,0.15555781,0.07511947,0.08800509,0.09859657,0.010920991,0.023330819,0.022177806,0.09816368,0.13027756,0.20420916,0.06021822,0.13401616,0.14469837,0.10112863,0.116240874,0.21452025,0.026455067,0.39769763,0.053961363,0.015223184,0.27538946,0.04952871,0.020512067,0.2844504,0.12265873,0.17235231,0.2038104,0.37553015,0.062260717,0.08086629,0.21832566,0.38079914,0.028881762,0.19565773,0.68285197,0.43105498,0.08382461,0.09017405,0.09383001,0.032516852,0.03206273,0.27426636,0.015717767,0.012482714,0.022992767,0.5316535,0.18902038,0.15858357,0.008567895,0.100356214,0.0043338807,0.0070803664,0.14139958,0.648045
BC2026_Train_0015_S18_20211016_011500_30,0.0019109169,0.019953245,0.0013055154,0.58816165,7.951158e-07,0.043439355,0.0039645038,0.0032357792,0.005709803,0.004338396,0.5836969,0.0032183835,0.0019743384,1.4115923e-07,1.5125796e-06,0.0091755185,0.0003820458,0.0003709668,0.09215925,0.0050163157,0.028829433,0.00019926262,0.017216528,0.0024155485,0.26541573,3.301598e-05,0.005707008,0.08707334,0.010689044,0.13190027,0.012265324,0.0032526806,0.03035188,0.01848657,0.0068735015,0.0062065437,0.031338412,0.0025527081,0.0017338434,0.032417968,0.02078611,0.0020768149,0.031935308,0.0075476286,0.0010388527,0.0010388527,0.019555012,0.0016767969,0.0010396776,0.0017139646,0.009579321,0.010064272,0.010064272,0.0069896514,0.095426634,4.9564045e-07,0.038998183,0.012206704,0.00018679428,0.006917205,0.06358045,0.00035605574,0.017680513,0.036028475,0.004090059,0.0018955505,0.011461295,0.0008701388,0.00036487146,0.012046864,0.0058465055,0.0003943684,0.02767013,0.05997779,0.07350482,0.07312641,0.08414082,0.23352456,0.018605754,0.024488373,0.03961816,0.035664234,0.23851657,0.011422254,0.10270409,0.18336901,0.091976434,0.38261032,0.100201026,0.023922192,0.17867972,0.51970917,0.01623694,0.011977788,0.115083896,0.06742885,0.028397888,0.2440514,0.08071883,0.062979616,0.1784326,0.0069947597,0.26906553,0.7619504,0.79474235,0.1334154,0.19261414,0.06527619,0.14931126,0.09614824,0.100348815,0.35831526,0.024432166,0.25738135,0.027112873,0.12435364,0.21176684,0.04424335,0.16017444,0.16825785,0.08369016,0.14695571,0.24959338,0.35959935,0.24709392,0.03305839,0.044375755,0.12886065,0.24736202,0.12356739,0.038530357,0.28255063,0.014033469,0.15868264,0.1606456,0.022523515,0.07211637,0.20874202,0.08163915,0.1875476,0.01771133,0.06188374,0.0439497,0.085755035,0.16667606,0.027767831,0.23872635,0.036615986,0.077580184,0.06503396,0.065502755,0.043920062,0.16992405,0.23774359,0.11779208,0.1046155,0.031024884,0.15531233,0.057529964,0.07467536,0.007892493,0.14889912,0.014597031,0.18013245,0.06802805,0.15974334,0.028872786,0.09898033,0.0773808,0.5294128,0.26212892,0.008321452,0.14739743,0.18498817,0.119259164,0.4248188,0.029513855,0.3261014,0.15462445,0.15437615,0.16659297,0.06082082,0.14082968,0.07609263,0.016385365,0.020609848,0.016087815,0.114325516,0.086955585,0.21242101,0.074043766,0.29871514,0.119807035,0.124643035,0.13762967,0.16019502,0.038428828,0.30140382,0.055520155,0.015830172,0.188776,0.04845554,0.020915706,0.25801313,0.07828379,0.201032,0.30651462,0.3816745,0.060140748,0.098456785,0.22245665,0.3286604,0.07097264,0.34251118,0.6361911,0.3802938,0.09555296,0.092362,0.10865187,0.029500762,0.045323893,0.2802977,0.020592365,0.01176377,0.025286026,0.5756967,0.15955468,0.2364349,0.010850306,0.08590584,0.0046347044,0.013793835,0.10676196,0.5587294
BC2026_Train_0015_S18_20211016_011500_35,0.0025338246,0.023810107,0.0011928587,0.6384934,7.337479e-07,0.028819637,0.0027533525,0.0035295798,0.00617513,0.0031577158,0.22318545,0.0032552127,0.0021210185,1.3673359e-07,1.5170443e-06,0.009047849,0.0002844064,0.00023486491,0.06412416,0.0044952743,0.021292225,0.00017630169,0.025085649,0.0024013063,0.30857614,2.9129807e-05,0.0050991187,0.07882226,0.0075727445,0.09961522,0.015793389,0.0042905924,0.039722767,0.023321707,0.0068236706,0.007849182,0.038342547,0.0030643034,0.0021674829,0.042890806,0.024617413,0.0026870614,0.04063012,0.009736263,0.0013631165,0.0013631165,0.024781084,0.002299187,0.001367768,0.002220026,0.012610721,0.013212313,0.013212313,0.0086610215,0.093671866,4.6760147e-07,0.03883389,0.010689635,0.000115700386,0.007299489,0.045336213,0.00032007994,0.020735083,0.037945155,0.003855088,0.0037416571,0.011638132,0.00080127094,0.00031399712,0.013898322,0.0058330675,0.00035624555,0.021498503,0.029515086,0.059760425,0.043097004,0.16340356,0.18330559,0.020979743,0.027400889,0.050063655,0.027975224,0.17772618,0.010424741,0.06954503,0.15643485,0.10024139,0.22504868,0.09855958,0.017910615,0.20935047,0.34290043,0.01410611,0.01623109,0.065757595,0.085373096,0.02566225,0.18485276,0.09403781,0.06526391,0.21774964,0.009501029,0.25987846,0.70616657,0.8024871,0.11382095,0.25911963,0.05540788,0.10350383,0.115076095,0.052561965,0.30277276,0.028759342,0.2839027,0.018727504,0.14573054,0.24139939,0.03903946,0.14462464,0.22428222,0.07448698,0.191864,0.32484305,0.2764944,0.25973725,0.032230444,0.04297479,0.118974194,0.2618336,0.06502622,0.031403426,0.29483238,0.017119726,0.048605982,0.084559955,0.02519749,0.10064309,0.19980805,0.086251326,0.2842337,0.016359568,0.05788756,0.05935639,0.09441516,0.08286084,0.01770674,0.2120045,0.021905376,0.076795995,0.097507864,0.05457105,0.04260159,0.14566024,0.28000146,0.08775617,0.11284466,0.021365508,0.1422411,0.06107091,0.0768769,0.0075896136,0.10246197,0.015036175,0.1940707,0.044997606,0.15216956,0.024099546,0.14086424,0.08574757,0.44402722,0.20089279,0.008608044,0.18813992,0.14601985,0.08777033,0.48617345,0.04305439,0.18495886,0.2163287,0.11490254,0.10390576,0.063046806,0.12689018,0.08336039,0.011016204,0.021901205,0.0128468145,0.11542084,0.10500074,0.2965396,0.07223655,0.15179646,0.12735261,0.12969099,0.10923365,0.1494474,0.021389449,0.32090855,0.06041664,0.014732533,0.28587973,0.07729062,0.021896832,0.27549365,0.11757687,0.16030392,0.17030336,0.43484202,0.047852907,0.09208702,0.23260324,0.3526729,0.032859836,0.24858896,0.6586084,0.43620393,0.07534641,0.14680028,0.110448025,0.02781435,0.034504272,0.27042058,0.015462217,0.015272606,0.031489704,0.5293975,0.15452674,0.15926893,0.009062189,0.07317624,0.0045511494,0.012183195,0.10184617,0.6643822
BC2026_Train_0015_S18_20211016_011500_40,0.002513839,0.024308167,0.0012478188,0.62675047,6.48076e-07,0.023352506,0.0021066107,0.0024734642,0.005653235,0.00334515,0.14520715,0.0016344201,0.0016492775,1.4110816e-07,1.9109166e-06,0.008288698,0.0004906897,0.00023654797,0.051129192,0.0031721955,0.050799858,0.00017717955,0.017505554,0.0029097258,0.35325307,2.8115284e-05,0.004584208,0.06712307,0.006935256,0.088376224,0.014186599,0.004051704,0.03770147,0.02234296,0.006823087,0.0076141707,0.038717423,0.0032922956,0.0020471485,0.04248086,0.023354478,0.0025868826,0.037499398,0.009108055,0.0013323287,0.0013323287,0.024443312,0.0022138245,0.0013635898,0.0022553084,0.011887483,0.012385216,0.012385216,0.007763593,0.079466715,4.5067733e-07,0.03908783,0.007952907,0.00010919619,0.007265425,0.03677368,0.0003455854,0.02097153,0.03732793,0.0030405244,0.0020045612,0.009938583,0.0010481727,0.0003223513,0.016641429,0.0058437074,0.00044623585,0.034772705,0.0292706,0.060211666,0.049338017,0.14834084,0.20210013,0.02702198,0.0347101,0.044771474,0.029228225,0.17387454,0.010593326,0.0670223,0.15686926,0.11475238,0.2959057,0.1186964,0.020102926,0.17730777,0.30069634,0.016331535,0.012334966,0.07403547,0.07318468,0.02343034,0.17193495,0.08744939,0.059208803,0.16393846,0.01118321,0.23164377,0.7123078,0.7476192,0.11086937,0.32977545,0.09775288,0.09238672,0.12412741,0.06763738,0.3181416,0.029464522,0.24941643,0.019026669,0.13658895,0.1865415,0.03866706,0.16626751,0.15754348,0.053285867,0.14046016,0.28429216,0.20501904,0.23614834,0.028851163,0.06302954,0.119544834,0.2723564,0.07040675,0.033327352,0.2572808,0.01729344,0.08575561,0.087437585,0.020548811,0.09508505,0.19246556,0.078293085,0.17954154,0.011575805,0.054137807,0.061561767,0.09026441,0.07106473,0.026356492,0.27757788,0.025406374,0.069506206,0.061523236,0.06346293,0.039326232,0.14696561,0.26256993,0.08392767,0.15352744,0.028508306,0.29204553,0.08841831,0.07499093,0.0071711047,0.11501974,0.015371341,0.21454035,0.04789399,0.12470715,0.039960187,0.09628682,0.12028119,0.42022768,0.22758618,0.006335004,0.18731931,0.16654328,0.077573374,0.53475666,0.041031435,0.14863972,0.26146224,0.11041533,0.13363782,0.05342907,0.076718435,0.07870546,0.014789168,0.02287563,0.033983584,0.11555692,0.14124778,0.20741375,0.10106379,0.17059383,0.12156497,0.08473505,0.15678252,0.21746996,0.02638914,0.4502515,0.05455751,0.015088285,0.28202605,0.050972685,0.01647702,0.3562936,0.11221729,0.15863869,0.14102735,0.35022786,0.06482077,0.085638754,0.2591891,0.30060312,0.022978978,0.31659642,0.64650035,0.40696123,0.08314533,0.08261647,0.096157655,0.041587014,0.043002795,0.3221208,0.020471714,0.010371617,0.025970282,0.539749,0.1975746,0.1430795,0.0076815537,0.08692609,0.007457527,0.011990879,0.13419661,0.71444494
BC2026_Train_0015_S18_20211016_011500_45,0.0014045133,0.019906927,0.0013905156,0.62206054,6.935991e-07,0.0299061,0.0017161897,0.002742532,0.006119976,0.003550048,0.15956363,0.0022077572,0.0017424474,1.3704339e-07,1.8446373e-06,0.009295535,0.0005899415,0.00023056715,0.07284842,0.0042979214,0.03187187,0.00018908014,0.0138074765,0.0031323724,0.29915482,2.7915588e-05,0.0040958645,0.123258784,0.0065717124,0.103572704,0.011342683,0.0034932243,0.031127863,0.016771032,0.006814825,0.0064486144,0.031970132,0.002576438,0.0016665931,0.032926816,0.018780496,0.002036196,0.032268457,0.007950271,0.0011810227,0.0011810227,0.020276302,0.0018638856,0.0010569697,0.0017381113,0.009896511,0.01033586,0.01033586,0.006594381,0.0671193,4.3585112e-07,0.039074626,0.009304574,0.000107686785,0.012025377,0.047924254,0.00032351812,0.021885073,0.041106466,0.0049878764,0.0020362898,0.014265308,0.0008302695,0.00028875336,0.012026012,0.005897024,0.00045670333,0.023777347,0.02256726,0.05631237,0.060874324,0.18146935,0.19844265,0.02247916,0.03689254,0.031298146,0.033822376,0.11810316,0.009628281,0.051427696,0.15937257,0.16323909,0.17407691,0.09985425,0.017402675,0.25963104,0.31455386,0.013603486,0.011456853,0.07277601,0.071359985,0.027379412,0.14918444,0.08060816,0.06080046,0.15725581,0.008546755,0.2739321,0.7346263,0.7832289,0.0737398,0.3613289,0.047035392,0.08047265,0.13295121,0.07336617,0.3408252,0.02982778,0.27269843,0.029071573,0.12880522,0.14845811,0.02809471,0.17862846,0.15133578,0.06838892,0.17284115,0.3831924,0.19999844,0.2809068,0.04219226,0.041547015,0.16383086,0.3279296,0.059231944,0.033092797,0.2698686,0.016500887,0.060128253,0.06111818,0.017258182,0.07434103,0.20967613,0.10589574,0.19680871,0.0119622275,0.039640058,0.05874734,0.08413969,0.07806134,0.019244784,0.30529177,0.02898973,0.07502289,0.0681317,0.05916995,0.046118796,0.124247566,0.3248994,0.084181234,0.14561208,0.024478585,0.18049563,0.06445929,0.07573948,0.007459395,0.12241195,0.017444614,0.2746623,0.051020738,0.13345867,0.023466643,0.198309,0.12805997,0.4339234,0.22201164,0.01623714,0.15841475,0.13608904,0.10533849,0.43260637,0.030456726,0.25441095,0.15996042,0.10409957,0.14556488,0.08280358,0.07913556,0.08463398,0.011773221,0.02580422,0.01646619,0.12033203,0.11335335,0.24300873,0.063044265,0.13353159,0.08968475,0.12052755,0.15718302,0.19575293,0.027193505,0.40801516,0.05915728,0.013649958,0.36902624,0.058257956,0.022944473,0.31117588,0.124766774,0.14807907,0.14764501,0.37676322,0.08829819,0.08742479,0.19431159,0.39334208,0.027909271,0.32760027,0.7050088,0.45595154,0.060727,0.057530444,0.08336553,0.031026885,0.03068342,0.38315758,0.014256783,0.011750143,0.02770238,0.55085236,0.15038826,0.17263253,0.007984674,0.08751855,0.0044375574,0.007695038,0.13449106,0.7444085
BC2026_Train_0015_S18_20211016_011500_50,0.0019994294,0.020629054,0.0013807471,0.6446767,5.870857e-07,0.027215222,0.0028789698,0.0032850804,0.006552953,0.0027334972,0.114457466,0.0021295142,0.0019123034,1.5103521e-07,1.4243648e-06,0.014139113,0.00041251042,0.0002546349,0.054195344,0.0037067325,0.038910694,0.0001872165,0.019468358,0.0020187222,0.36736304,3.5366444e-05,0.004619174,0.09636564,0.006592962,0.09435223,0.011691424,0.0035608797,0.02958815,0.017501108,0.006750104,0.006705357,0.034296777,0.0027011803,0.0016882975,0.03305505,0.018061005,0.0020760444,0.03331301,0.007903774,0.0012316674,0.0012316674,0.020472514,0.001909531,0.0011028147,0.0017990365,0.010537317,0.011050191,0.011050191,0.0064708283,0.070141666,4.5358348e-07,0.038964827,0.007969124,0.00013963571,0.00976298,0.053808622,0.00029625927,0.022987103,0.04289969,0.0042167613,0.0015907729,0.013924485,0.0008793656,0.00030623347,0.01440001,0.0058580837,0.00039407847,0.033116885,0.02793256,0.05982608,0.047421884,0.13942239,0.20263724,0.024619348,0.03538724,0.03369292,0.02761703,0.15756693,0.011733166,0.0520684,0.1386508,0.15595745,0.21164995,0.099097215,0.015614267,0.20297036,0.36625808,0.012705768,0.014541958,0.07478695,0.09243374,0.02793993,0.14280245,0.10976724,0.07965279,0.14542514,0.010486735,0.27108395,0.73434854,0.7494292,0.10770412,0.36811036,0.05521103,0.09013948,0.13060063,0.10783151,0.298233,0.03664459,0.27146906,0.020243611,0.14536448,0.28572485,0.038958367,0.22334662,0.19388081,0.06793521,0.18858321,0.32020876,0.2322315,0.36059043,0.028093565,0.050667398,0.16363515,0.30262348,0.058754824,0.026708236,0.30910167,0.014295909,0.070851,0.066197895,0.024921715,0.06566078,0.21334128,0.09505177,0.19454432,0.011723913,0.06002676,0.07341186,0.068319954,0.07790963,0.028233934,0.24506877,0.03846331,0.07870699,0.07904996,0.031205766,0.049380556,0.2819154,0.23161188,0.094594054,0.15607771,0.027644224,0.14840682,0.07768088,0.05291397,0.008252858,0.10554735,0.018303262,0.24617907,0.048956938,0.1116852,0.035817243,0.15203542,0.1119771,0.44910166,0.26814297,0.006076973,0.1070242,0.17227061,0.066964,0.4441329,0.025721641,0.1922107,0.18211573,0.11857438,0.1302924,0.10870372,0.101703905,0.20568027,0.0138933305,0.02008855,0.028369939,0.107895955,0.18257068,0.25014806,0.08928806,0.1446316,0.097177185,0.11106368,0.11109452,0.2474405,0.018235764,0.40444574,0.08595508,0.013958896,0.26017502,0.040148437,0.020793464,0.36361098,0.10851958,0.13950127,0.16620664,0.33625335,0.059115272,0.084410004,0.21769664,0.4224737,0.032005023,0.28192902,0.66709346,0.43141866,0.08037143,0.09457735,0.099496156,0.032391805,0.04191159,0.2991528,0.02463455,0.014171883,0.025715185,0.55201966,0.1363244,0.137955,0.0074293646,0.09005053,0.0052524884,0.012089335,0.15054104,0.8476887
BC2026_Train_0015_S18_20211016_011500_55,0.0021641538,0.02491315,0.001258932,0.63527024,6.967195e-07,0.022915097,0.0019956594,0.0022870477,0.008863584,0.004771221,0.14532247,0.0018361502,0.0033376873,1.4464257e-07,1.8631496e-06,0.011419484,0.00035951272,0.00023029496,0.046492796,0.0035656444,0.024478998,0.0002286245,0.025909342,0.0026688399,0.37007743,2.9732882e-05,0.005197273,0.06836399,0.0106446985,0.10531213,0.013887631,0.005053492,0.035715446,0.021977365,0.0066305827,0.009436187,0.047670864,0.0036531263,0.0020302853,0.04304834,0.021395974,0.0025781512,0.045040395,0.011970646,0.0016072112,0.0016072112,0.028341131,0.002580353,0.0014574239,0.0025473894,0.014413595,0.015388927,0.015388927,0.007870745,0.0596407,4.961087e-07,0.038878325,0.02860967,0.000110110974,0.0073413975,0.04227151,0.00035382572,0.03810137,0.04355451,0.0035671794,0.0013762042,0.009906509,0.0007735268,0.00030732513,0.012733112,0.005857605,0.0004942555,0.037882484,0.04541207,0.06367503,0.05556422,0.14463577,0.2318437,0.031827755,0.039321214,0.03484055,0.030983144,0.15472342,0.008426392,0.09139757,0.1975524,0.117292345,0.5512424,0.14213228,0.01600088,0.212564,0.3415255,0.02254506,0.016223462,0.36228815,0.083837874,0.043774094,0.23196559,0.12589419,0.17492734,0.19397108,0.0077248747,0.27083895,0.69274807,0.6978182,0.0919417,0.23446664,0.051491644,0.09260898,0.16392477,0.06812002,0.32764602,0.04621931,0.25433165,0.018349867,0.15488929,0.16079001,0.029502269,0.15424019,0.16238947,0.071379185,0.1357482,0.3833803,0.19110493,0.20985301,0.03164918,0.04266814,0.15676364,0.19923232,0.05592857,0.030164085,0.3070462,0.01376173,0.11423537,0.06519269,0.018009491,0.073381156,0.17359202,0.08425138,0.18247871,0.012063959,0.106228545,0.0659752,0.11135066,0.09284253,0.027563374,0.19778958,0.020484626,0.075318344,0.11695983,0.042413555,0.06014768,0.1540793,0.21537676,0.09365945,0.12090891,0.04516532,0.15941814,0.07587345,0.08215541,0.007106778,0.14865479,0.020622836,0.17028672,0.045897543,0.14111646,0.029563019,0.09189674,0.11605391,0.46588543,0.20069048,0.0075562033,0.12016538,0.15656781,0.048966154,0.4653669,0.027771542,0.3842464,0.16853198,0.11973319,0.14314862,0.04840018,0.08626318,0.08134256,0.014825127,0.02336473,0.020223483,0.0859374,0.11670462,0.25352874,0.06947362,0.1533328,0.42053613,0.11591809,0.12675925,0.16565612,0.026673192,0.34065396,0.053288933,0.011594487,0.27575195,0.03900253,0.014412209,0.3233475,0.13721997,0.16393134,0.6159298,0.39682567,0.08572334,0.1086103,0.24327894,0.3380197,0.026892109,0.25589615,0.66648245,0.45743167,0.08846595,0.09240122,0.07126354,0.033730373,0.026670586,0.15243112,0.016151527,0.009553472,0.054008257,0.5167848,0.1752664,0.15692852,0.008008561,0.09088945,0.004695262,0.008186731,0.12769207,0.8002773
BC2026_Train_0015_S18_20211016_011500_60,0.0022716885,0.026636722,0.0014814197,0.7204679,6.52895e-07,0.030792292,0.0023162821,0.0034488044,0.008001921,0.0044674617,0.38636252,0.0037206528,0.0025669928,1.3526133e-07,1.9050126e-06,0.010753044,0.0004164841,0.00026102125,0.053117275,0.0035219872,0.031551626,0.00019710294,0.020629708,0.0037411242,0.37524086,3.269494e-05,0.004764407,0.076545745,0.010447884,0.1349741,0.015187439,0.0051171584,0.038065486,0.021637345,0.0066237086,0.009195375,0.044290137,0.0035823437,0.0022685812,0.04262702,0.023686515,0.002784599,0.04613038,0.011715994,0.001818842,0.001818842,0.029347047,0.002763141,0.0015067948,0.0025936926,0.014454896,0.0155391,0.0155391,0.008644266,0.0641493,4.661972e-07,0.03892062,0.02703757,0.00011653319,0.0074811126,0.044366855,0.0003344074,0.03699388,0.04623868,0.005525748,0.0017112744,0.011133356,0.0008822837,0.0003011495,0.013746741,0.005855394,0.00048366695,0.031522203,0.028362082,0.07124829,0.046803836,0.10944504,0.16030669,0.027671983,0.03929381,0.044072963,0.033804405,0.14820303,0.007992191,0.06583292,0.177637,0.19572236,0.44905916,0.104915805,0.017052595,0.2550208,0.44186118,0.024532037,0.016230302,0.27389216,0.07613441,0.027721126,0.1431254,0.13687924,0.09187745,0.20848466,0.011257858,0.31789622,0.7173916,0.7361521,0.08104358,0.3554077,0.04381238,0.11480577,0.16089204,0.07638346,0.279524,0.041708194,0.2709118,0.023453575,0.17774501,0.1761483,0.032102857,0.2487786,0.14487636,0.08087757,0.13581869,0.26660126,0.19924468,0.21301387,0.025332639,0.050876003,0.15540189,0.3075722,0.068379864,0.039935052,0.33680612,0.016617812,0.07699228,0.05752481,0.0181617,0.10124655,0.19339158,0.08603669,0.20921327,0.013072605,0.156361,0.056204915,0.08846656,0.09169702,0.036383707,0.27877787,0.020326143,0.08384636,0.060623996,0.041834522,0.058211144,0.12871194,0.27486727,0.074434206,0.09457317,0.03467782,0.13448769,0.06902867,0.06402611,0.008129125,0.16731218,0.015732542,0.19675004,0.038270433,0.13395917,0.036844656,0.09633654,0.13134065,0.39608717,0.1981396,0.00857684,0.19494918,0.16323277,0.06375814,0.4768734,0.031823143,0.48256,0.25039786,0.0984565,0.109873794,0.08150126,0.094399996,0.099709325,0.010918735,0.02748031,0.051465325,0.1062176,0.12341895,0.21268621,0.07417321,0.16751955,0.276912,0.10769149,0.12070819,0.20898987,0.02656473,0.4133685,0.042852946,0.013300238,0.2761034,0.048488677,0.017132057,0.3871584,0.15893963,0.11145567,0.5553599,0.3697801,0.0684229,0.12041275,0.2504551,0.42254257,0.02175063,0.28214976,0.636659,0.42196414,0.06425059,0.079804,0.08542283,0.052150834,0.04134726,0.21466868,0.015981779,0.008733558,0.04044875,0.51742244,0.14905801,0.12997067,0.008966914,0.0838335,0.0049819006,0.009641009,0.11176439,0.4957468
BC2026_Train_0016_S18_20220204_221500_5,0.0039740494,0.011806523,0.0019537439,0.09198474,6.94272e-07,0.040462025,0.05817005,0.031433217,0.011482254,0.37346438,0.625096,0.008390975,0.002489755,1.6615658e-07,1.6447578e-06,0.031707965,0.0033452031,0.00036236795,0.69596887,0.01184255,0.07905252,0.0002100331,0.23519696,0.008891825,0.08297286,4.335286e-05,0.008982295,0.087583706,0.007795167,0.104964815,0.009297945,0.0023827846,0.033679016,0.017084328,0.004279539,0.004886468,0.01959322,0.0013842245,0.0046009147,0.023891607,0.02862488,0.0040482515,0.022362323,0.0064474046,0.00085736223,0.00085736223,0.017338255,0.0018625133,0.0013328749,0.0015011786,0.0049526207,0.0049259905,0.0049259905,0.012830698,0.010476891,4.559902e-07,0.023204168,0.0040680515,7.699785e-05,0.033891,0.07471302,0.00036950407,0.12304057,0.18174821,0.0028525654,0.0017491045,0.022292567,0.0008434625,0.00061423593,0.023650466,0.0060786256,0.00025612995,0.03970907,0.045327168,0.063470244,0.06314589,0.117182024,0.30928075,0.069374785,0.095573716,0.07813085,0.018493488,0.7352624,0.031021636,0.119878784,0.16883013,0.39521548,0.19344324,0.071484216,0.086902164,0.28394642,0.20983945,0.023067372,0.06212102,0.36561882,0.19764976,0.18117842,0.19574505,0.16683322,0.0395322,0.08441959,0.04599986,0.26655635,0.80588126,0.8298324,0.1191794,0.030565819,0.016139816,0.08377372,0.0549058,0.06231737,0.78254503,0.052121688,0.12415591,0.08809509,0.22703765,0.08707237,0.30596158,0.09074101,0.16658758,0.3713438,0.3094965,0.096188076,0.1474396,0.35862136,0.04507411,0.05710071,0.06675414,0.16734038,0.51230943,0.1289944,0.25764343,0.038594533,0.08420234,0.07234684,0.027172936,0.2054269,0.6142422,0.16984093,0.27996507,0.031174364,0.05608551,0.13145217,0.10172401,0.06164711,0.046378132,0.15870665,0.036919337,0.109419346,0.08559971,0.07658893,0.062157355,0.028694138,0.07488177,0.08290174,0.11307262,0.0878792,0.021054985,0.03526013,0.13044432,0.010093005,0.11431053,0.03605312,0.1579038,0.06461141,0.24767451,0.43425,0.09604396,0.025544023,0.44975528,0.18027982,0.006965395,0.03773741,0.06151452,0.042309973,0.28739566,0.025572782,0.23837115,0.05988446,0.2646123,0.11862866,0.06741836,0.06933522,0.047165055,0.02186871,0.04147618,0.009223969,0.08034591,0.068904184,0.63187724,0.12139044,0.26150152,0.07625514,0.2691909,0.10131581,0.11456389,0.034522116,0.046473794,0.11725223,0.12135582,0.12787057,0.09522334,0.0386792,0.16607024,0.1534254,0.16233759,0.28651792,0.4256674,0.031626485,0.08295413,0.24613786,0.37127775,0.09090339,0.2938032,0.7979116,0.51749855,0.122511454,0.20760055,0.08740951,0.04773173,0.030374113,0.08513868,0.1065599,0.02423739,0.022316761,0.16365032,0.052574243,0.2697259,0.00839369,0.15960015,0.0051204744,0.025806213,0.101705894,0.31453353
BC2026_Train_0016_S18_20220204_221500_10,0.008159692,0.014229015,0.0018195485,0.13332182,6.3301815e-07,0.042849444,0.044915468,0.03776502,0.01568738,0.38056853,0.6658517,0.008212894,0.002759788,1.3266089e-07,1.805479e-06,0.03198255,0.0018948413,0.00030634238,0.7454297,0.02604053,0.11252792,0.00017786938,0.095911354,0.011729822,0.1354256,3.412366e-05,0.012602624,0.071394846,0.008645932,0.108720906,0.01180697,0.0031259872,0.044390358,0.017715013,0.0042839567,0.0057459613,0.027205963,0.001548683,0.005242025,0.029629374,0.032102846,0.005238109,0.029716408,0.008784573,0.0011035606,0.0011035606,0.020256009,0.0025544048,0.0015718414,0.0017801523,0.0065515833,0.006701278,0.006701278,0.015295388,0.009652371,3.6931925e-07,0.023235036,0.010807122,8.3865205e-05,0.018630834,0.13645554,0.00032584032,0.0899428,0.21839514,0.0048242034,0.002630743,0.019677022,0.0008283403,0.00067936076,0.024080686,0.006113075,0.00028527467,0.044855006,0.04481111,0.08404401,0.07350592,0.09863033,0.32696477,0.0895425,0.05955944,0.059517097,0.022422425,0.73696554,0.01731631,0.23258911,0.2322979,0.31746796,0.41379306,0.087264724,0.04144616,0.21141526,0.19472525,0.022058543,0.04525731,0.3076694,0.16071856,0.11073341,0.16145486,0.105248734,0.04178339,0.08845928,0.06864815,0.19881138,0.807507,0.7276164,0.08006359,0.04188668,0.012391467,0.090289965,0.061222814,0.05390415,0.7385282,0.058617115,0.14914672,0.050954513,0.19409218,0.089112885,0.32515463,0.06646539,0.14608929,0.29155615,0.2602867,0.08540325,0.13477285,0.31537786,0.055391394,0.060880017,0.068199165,0.075985715,0.5001581,0.15137133,0.34651703,0.060626104,0.11265116,0.043391794,0.041917063,0.1947988,0.35474652,0.15314373,0.34666964,0.024562579,0.0664464,0.106642805,0.08654094,0.059913408,0.04304748,0.1300525,0.04028264,0.12378405,0.120629266,0.04970488,0.051463597,0.046855487,0.09604069,0.08920488,0.05753596,0.07902623,0.026875943,0.057144545,0.11059019,0.0204335,0.21730277,0.03006395,0.106092624,0.06369551,0.16564746,0.23798667,0.086954586,0.039373346,0.3879572,0.18989985,0.006664404,0.064565726,0.08115145,0.06066566,0.2752725,0.025411429,0.74605966,0.05533109,0.2290926,0.111829855,0.028320933,0.0717142,0.07343064,0.023770578,0.03287471,0.010668119,0.07697991,0.06499647,0.68361604,0.09089948,0.39730763,0.1692539,0.24220164,0.08469064,0.12864363,0.037243355,0.050362766,0.099271744,0.06370968,0.16431007,0.20291305,0.033045806,0.17464624,0.164038,0.1326734,0.5678928,0.29066253,0.039321188,0.20367606,0.1427807,0.3760656,0.13909256,0.21310695,0.74766695,0.5371635,0.060791627,0.23394069,0.11660547,0.061788928,0.022553522,0.052882828,0.07326732,0.021422325,0.04429094,0.25442338,0.038010355,0.4106854,0.009914993,0.14160493,0.004394774,0.021349275,0.09074917,0.33143133
BC2026_Train_0016_S18_20220204_221500_15,0.006821861,0.016682338,0.0018336254,0.18352902,6.52508e-07,0.034692653,0.033332627,0.020641102,0.019826356,0.2879369,0.5394673,0.006929457,0.0023440018,1.4145063e-07,1.5706114e-06,0.025183521,0.0022872349,0.00023715408,0.5133629,0.011530849,0.14683208,0.00013288106,0.04725833,0.014752865,0.10082883,3.4357923e-05,0.013472783,0.09522818,0.009654501,0.12724188,0.012343673,0.0036391441,0.04812525,0.024483453,0.004273971,0.0077411714,0.028398892,0.0016308922,0.0054417793,0.041558255,0.0356018,0.0054709483,0.0351491,0.010144632,0.0011441713,0.0011441713,0.02295387,0.0026813755,0.0017301219,0.0019496601,0.0072981957,0.0076349233,0.0076349233,0.016887438,0.011207972,3.383557e-07,0.023167046,0.0076868907,7.6256e-05,0.019117564,0.052845653,0.00033222965,0.07723504,0.17388903,0.0028323743,0.00268785,0.010296466,0.0009706675,0.00072516815,0.026267234,0.0061250133,0.00032045002,0.047938846,0.04584383,0.08149084,0.08344517,0.060888473,0.29326117,0.17254084,0.1035152,0.060833223,0.014953499,0.69446343,0.028560417,0.113089606,0.20357403,0.19364719,0.56860447,0.1031497,0.044056997,0.1888291,0.2160671,0.03809775,0.04532818,0.28212297,0.1820757,0.117609106,0.1239977,0.11098639,0.07514596,0.12408463,0.05278457,0.23921789,0.7754015,0.8175162,0.1026858,0.04972218,0.016296824,0.082508855,0.07271827,0.05536081,0.8870652,0.05052573,0.15462811,0.060739692,0.1803361,0.11800387,0.2651415,0.12164495,0.1311239,0.2632545,0.24948473,0.06433415,0.15412982,0.4782854,0.041586135,0.09268318,0.092799835,0.10466705,0.40105304,0.12411765,0.32492658,0.06564049,0.06624213,0.034704532,0.017859163,0.18428032,0.3973664,0.14262007,0.37352222,0.033541974,0.058366753,0.12685984,0.094057046,0.06381282,0.046772882,0.12803864,0.043268725,0.114327684,0.13564916,0.0988281,0.048946723,0.044776876,0.104231164,0.06727889,0.10603162,0.09160493,0.019459583,0.05531056,0.10669457,0.014492507,0.2766636,0.04151083,0.122539714,0.05627922,0.11132467,0.37301213,0.11429673,0.038374964,0.46821994,0.2081856,0.006672752,0.040100157,0.05831009,0.068754256,0.41265526,0.033080496,0.7535961,0.059535313,0.21035331,0.10023089,0.029042248,0.07411707,0.04950381,0.020390548,0.04054885,0.00915891,0.08330542,0.0455481,0.8292155,0.06572448,0.24104863,0.15062502,0.27074897,0.13654041,0.14723349,0.030983835,0.049330473,0.15697432,0.053109128,0.21803087,0.07436365,0.02820833,0.31678528,0.32578546,0.16331652,0.5809851,0.38141578,0.029379433,0.17290813,0.2101002,0.47121373,0.046562575,0.20022541,0.78834105,0.5633258,0.073761344,0.27960265,0.13351923,0.08469873,0.022634385,0.038233154,0.05767736,0.021425262,0.035048895,0.1650694,0.0387288,0.12975836,0.010916107,0.14723083,0.004142422,0.019922782,0.08923157,0.26230985
BC2026_Train_0016_S18_20220204_221500_20,0.009029666,0.015414558,0.0020220396,0.117070146,6.716496e-07,0.042893514,0.036911212,0.04470908,0.018430816,0.44391277,0.6495578,0.008311024,0.0028481742,1.4881653e-07,1.9690829e-06,0.07723652,0.002311931,0.00026835038,0.35747874,0.010941964,0.15464513,0.00012978533,0.061771575,0.012641856,0.12946762,3.491679e-05,0.017468072,0.100710675,0.012545755,0.15561964,0.011256159,0.0032103753,0.04594694,0.0185387,0.004288442,0.0059413565,0.028080016,0.0016457973,0.0053811637,0.03608682,0.03163188,0.005309959,0.03150539,0.008893431,0.0013049353,0.0013049353,0.023374537,0.0027325095,0.0016472953,0.0018312611,0.0070099444,0.007123979,0.007123979,0.015432481,0.008124467,3.6083705e-07,0.023308532,0.008581862,9.105022e-05,0.017726569,0.04789557,0.0003327933,0.10876273,0.19570896,0.0035211688,0.0024718966,0.01414893,0.0010972244,0.00060932495,0.041439097,0.006152532,0.00024432133,0.043170877,0.03580953,0.081718415,0.051766623,0.0965919,0.32796335,0.14107464,0.124861896,0.049801476,0.022460707,0.682321,0.017144075,0.21967503,0.14204188,0.30574057,0.29312068,0.088278584,0.028671697,0.18290925,0.14541271,0.015456534,0.07517661,0.28136554,0.26158372,0.19011311,0.16356348,0.11812922,0.052898977,0.14481528,0.07335033,0.28908452,0.7132993,0.8218281,0.11470213,0.03754256,0.012957537,0.08056229,0.06973298,0.053131796,0.67748296,0.08178378,0.17733894,0.051665854,0.17523462,0.132542,0.39782965,0.12572473,0.17239308,0.29589793,0.27892745,0.07372054,0.14610182,0.5254282,0.062542856,0.052155208,0.21619028,0.081030466,0.62387514,0.10387286,0.29037443,0.07182331,0.09679,0.03513416,0.019348953,0.24245045,0.53823024,0.1503022,0.34896818,0.032615274,0.050212145,0.119442165,0.102435276,0.059699155,0.059405807,0.16296986,0.026085898,0.11301698,0.12342804,0.062417477,0.053817183,0.0419918,0.09129179,0.20657183,0.100707285,0.11204465,0.024415284,0.03893887,0.09739712,0.010943766,0.23248002,0.05061904,0.12699166,0.060122617,0.10998024,0.3528084,0.06209352,0.026095347,0.44483283,0.20935714,0.006238804,0.03907085,0.08569266,0.06523055,0.24747036,0.034395676,0.734612,0.07610518,0.40783018,0.12477727,0.034978,0.13047533,0.06470062,0.021189867,0.0310665,0.0113640735,0.053313002,0.0642357,0.6823649,0.07605231,0.28492802,0.18784139,0.21743985,0.088910505,0.1524456,0.030569905,0.046396382,0.098618455,0.076717556,0.15028024,0.14301407,0.031965308,0.22884,0.1639881,0.12278057,0.48169687,0.3853016,0.03651251,0.13272707,0.16949119,0.38359964,0.08317358,0.19789682,0.7616606,0.5124019,0.092317164,0.21943355,0.099097334,0.045291804,0.022884032,0.03987058,0.08907206,0.03737571,0.0301658,0.19914278,0.04474653,0.19551836,0.009806355,0.16687533,0.0033317774,0.0223035,0.10140059,0.2146845
BC2026_Train_0016_S18_20220204_221500_25,0.0068739834,0.017987596,0.0015539286,0.124644004,6.6050035e-07,0.03170177,0.059273385,0.03740053,0.016888328,0.37205073,0.6024588,0.013603348,0.0029627944,1.5530311e-07,1.95076e-06,0.04522175,0.0017306396,0.0002759716,0.50059754,0.014396997,0.07673434,0.0001326363,0.0498766,0.018548971,0.17240107,3.7116366e-05,0.019831223,0.09519245,0.010512083,0.12423985,0.013121636,0.0036264053,0.05429055,0.02301118,0.0043409034,0.007237627,0.030328216,0.001656808,0.005850031,0.04661784,0.03715043,0.00591033,0.037681766,0.010365839,0.0014050959,0.0014050959,0.027407924,0.0028222194,0.0018133427,0.0019332496,0.007982253,0.008013836,0.008013836,0.01807814,0.018737614,3.5933255e-07,0.023413036,0.0028521123,9.023943e-05,0.017731892,0.054151993,0.00038438186,0.10951735,0.13286887,0.0031936986,0.0027758193,0.010166876,0.0009422874,0.0005913449,0.031778798,0.006162505,0.0002694504,0.042754438,0.055894397,0.08141249,0.0772509,0.10345939,0.27088973,0.099593416,0.052172035,0.07099207,0.022071047,0.42309052,0.017413268,0.21515884,0.17840616,0.09573132,0.23548672,0.0891504,0.04077807,0.28800043,0.17498282,0.017004762,0.043418825,0.106617264,0.1501901,0.15135244,0.1733542,0.07354961,0.04404876,0.108038485,0.07705209,0.23761973,0.7869009,0.8690749,0.09878521,0.03971077,0.010795142,0.07057447,0.058966856,0.049291063,0.5881798,0.04780749,0.13517536,0.03965517,0.18349811,0.07155609,0.34437996,0.07014115,0.15874891,0.31258413,0.20417763,0.0694973,0.20370483,0.51132315,0.0626504,0.0808923,0.09697227,0.077295,0.6136704,0.11467389,0.31575584,0.05467715,0.06532059,0.054722227,0.021524306,0.12918997,0.4064604,0.13312368,0.29447454,0.043066494,0.03917827,0.07937766,0.09050269,0.06703364,0.032172307,0.13173886,0.039941076,0.22456744,0.12663911,0.08943214,0.043812823,0.047815282,0.07515224,0.09277043,0.14313573,0.12772182,0.024175545,0.039628666,0.084328264,0.01278642,0.14147034,0.030884966,0.124603435,0.052935496,0.14623205,0.22184832,0.09481109,0.028972978,0.4247188,0.21007812,0.00445295,0.043485627,0.06381098,0.054633107,0.5257298,0.027444463,0.29272643,0.08582433,0.19410245,0.14911146,0.038281303,0.10340955,0.05721018,0.023218255,0.039112773,0.007576857,0.06536183,0.062398773,0.87931424,0.08250072,0.25471607,0.06678503,0.15048999,0.090765186,0.1385113,0.04317629,0.048548535,0.10827873,0.0731199,0.14891021,0.1314337,0.035371058,0.15685914,0.16504481,0.1475484,0.32825708,0.42579138,0.022579504,0.07454759,0.1011861,0.33000422,0.08166019,0.25550172,0.8117016,0.43807158,0.092648394,0.17367336,0.07917863,0.049694855,0.019362211,0.0612437,0.102341704,0.03913889,0.02138797,0.20924836,0.054849993,0.21139486,0.009793591,0.11865944,0.0046494077,0.043349102,0.115675986,0.21606629
BC2026_Train_0016_S18_20220204_221500_30,0.0065269796,0.015283862,0.0015568259,0.0912623,6.454484e-07,0.046462838,0.10767877,0.021748101,0.014203679,0.3892965,0.5516629,0.00979269,0.0020718405,1.3804905e-07,2.0123505e-06,0.027062355,0.0026298964,0.00025080438,0.3494774,0.010889502,0.13399848,0.00014447808,0.032615665,0.01524664,0.12179919,3.683178e-05,0.015411497,0.11661148,0.008453665,0.117888,0.011375448,0.002887963,0.04695848,0.020445118,0.0043301475,0.0062757335,0.02588127,0.0016195463,0.005139125,0.04018304,0.03549545,0.004816408,0.03057861,0.008724117,0.0010729607,0.0010729607,0.024110345,0.0022857455,0.0016303272,0.0017866279,0.0063271397,0.0063582817,0.0063582817,0.016022602,0.016114293,3.7006416e-07,0.02329005,0.0031609738,9.134817e-05,0.014607032,0.04291338,0.00036878078,0.07202144,0.11295458,0.0028378214,0.0032910379,0.00900078,0.001214743,0.0005548585,0.02608332,0.006118563,0.00024017647,0.05271514,0.047328502,0.09067974,0.07288568,0.09637234,0.31531328,0.10716095,0.07423715,0.05037243,0.02089455,0.58036226,0.017069533,0.14909981,0.16666031,0.16238165,0.22298165,0.11218664,0.053189564,0.21343389,0.17556247,0.016425097,0.041932065,0.09834849,0.14747345,0.25014764,0.15345463,0.07099153,0.052639868,0.09539631,0.056925014,0.2720532,0.80258465,0.8734658,0.1462771,0.03378794,0.017865943,0.07955043,0.07093157,0.050634664,0.74329823,0.04538218,0.1699176,0.043114353,0.14185098,0.059290264,0.336975,0.11890029,0.14564046,0.33792105,0.2813025,0.11768345,0.2106528,0.5230694,0.06859255,0.054724485,0.07205577,0.07580475,0.4604018,0.12825818,0.28457266,0.05265464,0.06775604,0.041913632,0.019161925,0.21783684,0.45095,0.1704683,0.1673268,0.029374326,0.033159766,0.1707478,0.081057675,0.04880357,0.038410835,0.13603747,0.022610944,0.1039725,0.12825443,0.09565466,0.047835413,0.05102312,0.07075309,0.08733944,0.108382635,0.08217562,0.0212168,0.038306125,0.05580195,0.009544288,0.14947769,0.052799262,0.11680862,0.05157212,0.104291745,0.309641,0.08532745,0.030431459,0.4295768,0.17218561,0.0057015736,0.054822486,0.07107023,0.048601095,0.42960057,0.024984267,0.26202425,0.09104308,0.21804942,0.15660666,0.023062674,0.087779626,0.049921434,0.019463353,0.03871298,0.011821688,0.070019566,0.06540354,0.75674903,0.1348555,0.29740536,0.07577698,0.15654309,0.090071656,0.16174728,0.06718018,0.06876506,0.09174083,0.16503945,0.16818708,0.16127777,0.044669993,0.19344701,0.19048007,0.14081663,0.28761837,0.37912738,0.042334158,0.08393986,0.08663169,0.35942268,0.059917945,0.19902179,0.7715653,0.5406564,0.0920724,0.19038129,0.05953327,0.04500119,0.020878484,0.04456374,0.065734126,0.032010827,0.019920642,0.17537235,0.04962406,0.18280153,0.013477463,0.14238271,0.0040230583,0.027633611,0.11537222,0.35510308
BC2026_Train_0016_S18_20220204_221500_35,0.0044929544,0.012257699,0.001993106,0.10150745,6.3324387e-07,0.040152546,0.061017886,0.029949699,0.012289012,0.37256455,0.67930436,0.011245406,0.0026114578,1.4359199e-07,1.9643958e-06,0.038504303,0.0021661238,0.00024987437,0.55854577,0.014020955,0.123926446,0.00015389691,0.037152056,0.009779017,0.104231715,3.8458962e-05,0.015832543,0.1001111,0.008069195,0.11114525,0.008359636,0.0023031696,0.036448892,0.015104069,0.0043799966,0.004556495,0.020624211,0.0011128638,0.003696598,0.034027774,0.027278086,0.003559276,0.025721295,0.0068396167,0.0007936209,0.0007936209,0.018158374,0.0016715652,0.0011552012,0.001251353,0.0051871645,0.0052175703,0.0052175703,0.012671255,0.017539294,4.195902e-07,0.023374794,0.0031613843,8.9657675e-05,0.01738903,0.061838076,0.00036199274,0.112239555,0.15949164,0.0033625248,0.0023968883,0.008496126,0.0009358721,0.0006053257,0.025978643,0.0061824573,0.0002367774,0.028005416,0.05914275,0.075237,0.06269021,0.06439834,0.24061169,0.07846811,0.063045226,0.051992234,0.024084006,0.62638,0.021150468,0.17904212,0.19975257,0.0688219,0.2119065,0.064556904,0.03851542,0.1686529,0.19771884,0.0185156,0.03645808,0.11164485,0.15592447,0.11586028,0.1747769,0.07644512,0.037370645,0.09483043,0.098661706,0.2274549,0.78546727,0.8364385,0.10416671,0.050486658,0.01401433,0.06498339,0.052425403,0.047004923,0.5750436,0.041698486,0.12262312,0.04035698,0.15976429,0.06166924,0.39336744,0.03671702,0.14773566,0.3134128,0.19601503,0.06367004,0.15190426,0.507278,0.08168242,0.0782854,0.07718866,0.06160173,0.57931316,0.13264851,0.2706538,0.042317234,0.059200034,0.04586663,0.021432314,0.19705297,0.36456734,0.15781194,0.2310897,0.023187837,0.030622102,0.083040364,0.073584855,0.065136194,0.049305554,0.15460628,0.03454944,0.09456378,0.097373545,0.08683612,0.042726655,0.03536309,0.06045055,0.13056608,0.09351498,0.09592343,0.02453404,0.03479727,0.09509881,0.0068939994,0.21568386,0.037816048,0.12334541,0.06649065,0.11917013,0.29841495,0.06381826,0.024958149,0.4434514,0.22968107,0.004698696,0.04678632,0.06532645,0.062437553,0.40713015,0.025254628,0.22591262,0.07313146,0.23807727,0.11571743,0.033138413,0.054034963,0.06007642,0.02572921,0.026426189,0.012605637,0.060738605,0.05615429,0.83199286,0.06931319,0.25777265,0.06615336,0.15648249,0.10133154,0.12789851,0.04412011,0.051565655,0.11913677,0.08008668,0.159043,0.2687722,0.039317857,0.16950846,0.17549841,0.13192935,0.2914629,0.4585092,0.02386823,0.053406075,0.089027025,0.25957432,0.038800284,0.20546977,0.7536373,0.39146653,0.080086835,0.26464322,0.07157217,0.05227813,0.01606001,0.05807145,0.09642597,0.031530138,0.022644375,0.18188179,0.048732407,0.1581524,0.010231309,0.12998697,0.0034580273,0.027921338,0.09845099,0.23447496
BC2026_Train_0016_S18_20220204_221500_40,0.008372486,0.015491831,0.0015906675,0.10484,5.981932e-07,0.042474985,0.036168702,0.03770201,0.013368162,0.52162176,0.63084424,0.008543154,0.0021306162,1.4850448e-07,1.5364894e-06,0.030237868,0.0021947105,0.00023856822,0.33570895,0.013595124,0.09820385,0.00013448486,0.03701481,0.016061906,0.1236198,3.6489117e-05,0.015933633,0.09481827,0.008838789,0.13097478,0.011792219,0.0030958094,0.04773427,0.020779258,0.0043645995,0.0062701628,0.026677622,0.0016091942,0.0054154256,0.037551526,0.03449019,0.0052457927,0.03160793,0.009050239,0.0011242335,0.0011242335,0.022909045,0.0024240664,0.0015714348,0.0017285261,0.006603535,0.006603623,0.006603623,0.016379237,0.01409237,3.6160202e-07,0.02336218,0.002554163,8.5778105e-05,0.017563509,0.076583505,0.0003152394,0.0823631,0.12731178,0.0022332112,0.0022589553,0.0074307597,0.00076739636,0.00077823235,0.024832033,0.006162208,0.00027174936,0.046474136,0.06356668,0.084034726,0.050983667,0.08019068,0.28451648,0.0675055,0.07555488,0.057868857,0.025112055,0.73486745,0.026470978,0.15080926,0.19813912,0.10828598,0.28700334,0.08522585,0.05491334,0.20305727,0.1833783,0.01771993,0.089509495,0.113244385,0.13811122,0.14748394,0.15485936,0.06110749,0.034775656,0.10422159,0.11244311,0.2718814,0.7945596,0.86188185,0.08726103,0.038940385,0.009999653,0.06355052,0.053884435,0.04866437,0.59250486,0.050548673,0.12631656,0.041555807,0.16330802,0.1063804,0.3024573,0.062393934,0.16024531,0.2743022,0.34475335,0.051980395,0.17093633,0.5242947,0.05606473,0.047711186,0.08640198,0.08850676,0.5665274,0.10866916,0.29613385,0.058811653,0.05847162,0.038488325,0.021032061,0.17041421,0.51427495,0.16572663,0.24393244,0.031070152,0.03446301,0.09869869,0.071754985,0.069453835,0.038690392,0.15738076,0.029757584,0.22427006,0.12193775,0.07557613,0.03836016,0.033570852,0.0700704,0.08886191,0.097659595,0.20265998,0.032054972,0.033197727,0.086416155,0.015507282,0.13745748,0.03603531,0.13995188,0.048184678,0.14664367,0.28624573,0.08069402,0.03134133,0.3799209,0.14854836,0.005058074,0.03947813,0.073983975,0.063032724,0.48047218,0.02194313,0.3290404,0.065094754,0.20575926,0.12954177,0.028053215,0.06183419,0.06222294,0.03552818,0.0250118,0.007906158,0.07248783,0.068048716,0.77038515,0.07931051,0.22817001,0.08212293,0.19859272,0.07726458,0.1348977,0.04391218,0.04170128,0.08780247,0.071290836,0.16677427,0.12676357,0.030830596,0.2137957,0.197854,0.16003367,0.25762415,0.31936762,0.020722076,0.06406013,0.13790885,0.33117744,0.10946301,0.15850961,0.7524752,0.52727044,0.11835963,0.23886316,0.064203694,0.04885693,0.037504718,0.039793532,0.1004554,0.025927767,0.024944011,0.18484049,0.05130676,0.21951358,0.0094114,0.11786965,0.004445145,0.028113302,0.10050114,0.25960708
BC2026_Train_0016_S18_20220204_221500_45,0.005555395,0.015680665,0.0018466072,0.15887025,5.857193e-07,0.04644931,0.047505762,0.026890328,0.011887421,0.44725078,0.43758127,0.0070819166,0.0030225865,1.6003355e-07,1.6817133e-06,0.038540274,0.0014433189,0.0002481504,0.45774412,0.01157247,0.13004288,0.00014174449,0.039493002,0.012737193,0.13577996,3.7077807e-05,0.02231013,0.11974772,0.0096082315,0.13349131,0.011322726,0.0028658824,0.04654773,0.019750528,0.0043689576,0.005850233,0.026606489,0.0016802575,0.0051471926,0.036668442,0.035502527,0.0052017556,0.030564098,0.00855895,0.0010628153,0.0010628153,0.023524627,0.002358155,0.001716441,0.0018410177,0.006357324,0.006384976,0.006384976,0.015884237,0.015347219,3.9833154e-07,0.023242222,0.0029851154,7.846762e-05,0.018973958,0.053709522,0.00035207957,0.11182932,0.13083242,0.0033177515,0.002644409,0.013253742,0.0010262154,0.0006967602,0.028471692,0.0061598676,0.00031809913,0.04188607,0.047991194,0.07428441,0.06591536,0.09498778,0.3095122,0.12513211,0.080381185,0.060297582,0.022102837,0.6164135,0.0162991,0.19653688,0.20745741,0.119821385,0.18779904,0.05449029,0.04516557,0.30956018,0.18070085,0.022336686,0.044274315,0.089555845,0.22893359,0.092132024,0.23439544,0.06825954,0.029325664,0.07866769,0.0764381,0.3005105,0.83156204,0.87907773,0.09629447,0.03971665,0.020108957,0.068051204,0.06531533,0.049919687,0.795117,0.052124143,0.12454917,0.055060457,0.18465558,0.07073163,0.45335585,0.057454117,0.13724181,0.28861406,0.22747155,0.082191154,0.1638209,0.5520055,0.07566749,0.06647873,0.10768939,0.080895215,0.6300058,0.13571586,0.3344211,0.050565094,0.05824608,0.042907283,0.022391494,0.22459075,0.41962257,0.15433912,0.18808638,0.03502733,0.03716578,0.103036545,0.088001005,0.06968371,0.04583118,0.16874743,0.024967676,0.10815836,0.10945994,0.08715612,0.07431381,0.051043242,0.07334135,0.12831147,0.08066866,0.0740644,0.02327735,0.04230243,0.061541326,0.012270709,0.15031569,0.033630107,0.14318769,0.055189893,0.10963723,0.38212967,0.069616675,0.036880564,0.44487745,0.18799685,0.0059889522,0.053952064,0.065189205,0.051233236,0.5384097,0.026668467,0.3124622,0.08306428,0.2234133,0.13382824,0.028886832,0.09291887,0.071204014,0.019388216,0.040221713,0.013700244,0.07793002,0.062704526,0.7959783,0.083523765,0.21631432,0.073475644,0.1890926,0.11946233,0.19441068,0.05422504,0.048523508,0.09126045,0.09741998,0.13999403,0.12956807,0.02861361,0.21278606,0.267158,0.12711142,0.25401133,0.4456141,0.0233586,0.061934084,0.10516072,0.37724397,0.0560135,0.19781342,0.79245675,0.5350213,0.059348416,0.22303168,0.080967754,0.05342773,0.02560175,0.02748077,0.075143814,0.02931393,0.017916728,0.23224622,0.04655973,0.17005195,0.011830769,0.16941652,0.004457253,0.034791972,0.10983729,0.32070076
BC2026_Train_0016_S18_20220204_221500_50,0.0036924963,0.016528016,0.0018657014,0.19201761,6.34825e-07,0.0440411,0.101078354,0.04034184,0.015455792,0.32227695,0.5769964,0.009683977,0.0037100292,1.5458853e-07,1.8624985e-06,0.035388336,0.0026531303,0.00031194373,0.2660674,0.03433934,0.08477836,0.00016239374,0.07115477,0.018144635,0.105150834,3.2971042e-05,0.01706967,0.085561395,0.008928051,0.12577078,0.012069339,0.002909365,0.050274152,0.02206373,0.004367782,0.0065281373,0.026549745,0.001600984,0.005364476,0.042877454,0.037573,0.004804005,0.032357104,0.00867799,0.0011272356,0.0011272356,0.024081914,0.002290601,0.0016481964,0.0018313183,0.0064816154,0.0064357575,0.0064357575,0.017368613,0.017395854,3.8406696e-07,0.023173941,0.0030821054,8.162395e-05,0.023241995,0.14448549,0.00032549378,0.16948465,0.18805814,0.003882586,0.0029864307,0.012090533,0.000945033,0.00053835195,0.024944246,0.0061506056,0.00025783168,0.03550386,0.039389253,0.085250326,0.057707496,0.08401357,0.2358633,0.14134458,0.06788157,0.066138096,0.023397705,0.52618605,0.015349124,0.19030556,0.20942032,0.14754948,0.20923795,0.094114766,0.06924262,0.22129084,0.21839425,0.030667486,0.05143602,0.27201065,0.15954821,0.14254281,0.15688986,0.08277975,0.078061946,0.08894677,0.105262555,0.23707905,0.824388,0.8683711,0.13959362,0.026500957,0.014562513,0.06452678,0.08476064,0.059269067,0.6879722,0.049538244,0.15289956,0.07349709,0.18786372,0.07620105,0.3225206,0.041895512,0.1686193,0.24416186,0.3131573,0.06898612,0.1274914,0.45946148,0.059412085,0.10014077,0.08339375,0.10964652,0.5537197,0.13762705,0.31874987,0.048960663,0.093998194,0.051267758,0.024753261,0.19743845,0.49400148,0.17793016,0.27599803,0.022373263,0.040238563,0.13689896,0.07585499,0.056195967,0.042789202,0.13818817,0.024954733,0.22413488,0.22238494,0.10653609,0.049926665,0.04111639,0.070567146,0.103891715,0.0790151,0.15073755,0.022285122,0.033655472,0.07334755,0.019990414,0.16146785,0.031922746,0.18167244,0.05609794,0.134606,0.43505695,0.10263426,0.036209077,0.44479066,0.19191411,0.0064534564,0.04604476,0.05380749,0.06279989,0.5089646,0.036467634,0.31291452,0.077510275,0.21367496,0.09545618,0.0532995,0.05632368,0.041920424,0.020030841,0.04161426,0.009432465,0.07892407,0.05828872,0.74571353,0.15282755,0.23685913,0.26112968,0.23665774,0.10758583,0.20095958,0.043670923,0.046591233,0.09873022,0.055697538,0.14675221,0.14166805,0.037291747,0.1809191,0.1936909,0.20016941,0.29605213,0.4483422,0.034832697,0.06705352,0.09062104,0.2682192,0.10006407,0.18745847,0.77559245,0.46375817,0.060047325,0.16489045,0.06559306,0.08238824,0.030805737,0.045730893,0.07872741,0.025142973,0.02576108,0.19774263,0.04455284,0.16130182,0.012784291,0.14027128,0.0059707398,0.022548834,0.097288094,0.3150527
BC2026_Train_0016_S18_20220204_221500_55,0.00639994,0.015543006,0.0015400071,0.117128946,6.5770234e-07,0.04307083,0.06827447,0.022342023,0.017514382,0.3693281,0.4008649,0.00764924,0.0030428213,1.622961e-07,2.1276112e-06,0.030794993,0.0016925666,0.00024946252,0.2715537,0.030665219,0.10814447,0.00016460028,0.051949944,0.021037932,0.13838819,3.5918827e-05,0.017323375,0.11130949,0.009416401,0.12022088,0.011600145,0.003075232,0.048580896,0.019091336,0.004357521,0.0061618453,0.028587718,0.0017498123,0.0051567256,0.03660566,0.037127003,0.0051371455,0.032396954,0.009239025,0.0011302134,0.0011302134,0.023810323,0.00229149,0.001708424,0.0018735144,0.0064779934,0.0064384337,0.0064384337,0.017237006,0.016333029,3.7666825e-07,0.023222355,0.0029203838,7.999449e-05,0.017894251,0.06149534,0.00033594354,0.10695387,0.21612729,0.0035532848,0.003214753,0.009390154,0.0010725735,0.00073554006,0.029785438,0.0061613834,0.0002721112,0.04182325,0.042279,0.060850453,0.079297915,0.08351595,0.20320633,0.1485822,0.07625316,0.051556706,0.021168645,0.48328358,0.031066624,0.1561914,0.15546523,0.09580135,0.20719203,0.08290645,0.058940474,0.23038632,0.21654242,0.038991187,0.044620268,0.19034815,0.17376024,0.10488925,0.16584277,0.0957712,0.04316366,0.09845131,0.06385688,0.27061874,0.79780686,0.87598133,0.11496402,0.028335633,0.013995383,0.09608335,0.07444885,0.051214352,0.61594075,0.056557257,0.1302418,0.065084256,0.25497538,0.117568575,0.2534365,0.07162126,0.12334792,0.2993723,0.30522785,0.06486627,0.2472755,0.5447605,0.07388163,0.06540108,0.08395919,0.13622105,0.52969605,0.12565443,0.3449755,0.056271926,0.10319187,0.04614556,0.017965427,0.3117663,0.30164242,0.09821725,0.19624211,0.033562683,0.047545973,0.10252507,0.09356004,0.07313778,0.060597762,0.11803068,0.020539505,0.14365716,0.117358916,0.06464363,0.054365583,0.042062625,0.08360217,0.10896595,0.06006654,0.08970906,0.019901467,0.039302308,0.06858558,0.011841174,0.18293545,0.04741098,0.13513528,0.059599683,0.13652307,0.2547433,0.08176793,0.03155958,0.43060005,0.14664729,0.0072333883,0.046398666,0.08087794,0.04341531,0.54631215,0.029542891,0.31222653,0.06584246,0.14013933,0.15238084,0.062532336,0.072812095,0.09688678,0.01923618,0.041711118,0.007219087,0.060673892,0.06486419,0.74072355,0.08529223,0.23942472,0.08314622,0.17835842,0.08415262,0.14261256,0.03198029,0.04432509,0.09262193,0.05949208,0.14100517,0.16337915,0.035288747,0.1651352,0.18963009,0.18871555,0.3332022,0.43487185,0.022365484,0.08312592,0.11839772,0.32300204,0.052823544,0.2546875,0.78968143,0.47026053,0.07240864,0.18352526,0.058259215,0.073641114,0.02068132,0.044910293,0.10485715,0.023178201,0.034330785,0.20693368,0.0713945,0.20913309,0.009027129,0.14872721,0.004971683,0.024882039,0.09283586,0.21794173
BC2026_Train_0016_S18_20220204_221500_60,0.00610688,0.015724976,0.0016325087,0.116378106,5.772537e-07,0.0517461,0.12179456,0.016302533,0.010483555,0.3292838,0.35619763,0.012824096,0.0020887982,1.5666335e-07,1.8552988e-06,0.040282883,0.001961082,0.00027341594,0.38680255,0.03586647,0.082205266,0.00017039878,0.046375275,0.0090900315,0.08402675,3.327051e-05,0.015454623,0.071852915,0.008544558,0.11010801,0.01030998,0.0026807194,0.040827386,0.018118147,0.0042745266,0.0054221395,0.024262846,0.001520962,0.0046953415,0.038254514,0.028982498,0.0044625686,0.0277414,0.0073849596,0.0010295741,0.0010295741,0.021009983,0.0021264842,0.0015336411,0.0015792792,0.0061210915,0.0061883135,0.0061883135,0.013213092,0.023603441,3.8353082e-07,0.022997743,0.0037042657,0.00011193663,0.017294567,0.18225452,0.00031642962,0.09552731,0.13917121,0.0034250938,0.0016970644,0.008894391,0.0007857719,0.0007092981,0.02534074,0.006065343,0.00025981228,0.042367823,0.060444683,0.07456539,0.067024015,0.09438314,0.22833313,0.26892945,0.13811359,0.05511761,0.01912383,0.48440114,0.031837005,0.13554434,0.14767152,0.13156258,0.295815,0.075236894,0.03491831,0.17915656,0.1360374,0.022103371,0.098836266,0.11441555,0.19754824,0.10563771,0.18177295,0.09432695,0.0392916,0.14778826,0.060135033,0.29074693,0.7979928,0.78643376,0.11579826,0.09281987,0.025611768,0.061500452,0.058530077,0.051921654,0.7699431,0.042394653,0.10874697,0.04865782,0.15113892,0.114641696,0.400829,0.10911555,0.1505599,0.30971062,0.1855917,0.10726863,0.16015808,0.4201553,0.041186005,0.047970068,0.06375614,0.08578046,0.5927891,0.14601544,0.29170573,0.056868248,0.06722958,0.05124259,0.015370029,0.30094886,0.4427537,0.13028346,0.18000601,0.027797494,0.099283256,0.080123484,0.07093536,0.05945184,0.03427463,0.14499994,0.054058533,0.25476313,0.11722748,0.07874746,0.03592626,0.045824673,0.14928745,0.075295605,0.06700258,0.081066646,0.023469947,0.045987424,0.08483294,0.027056377,0.10420768,0.052239273,0.12106137,0.07141757,0.13641897,0.44793585,0.07076159,0.032199193,0.40372613,0.18713352,0.006786019,0.0454061,0.06686488,0.04205608,0.26037115,0.02187329,0.27897716,0.09711565,0.17733349,0.113968216,0.04139844,0.12183084,0.09702457,0.044080008,0.05268377,0.017315991,0.0666787,0.05905359,0.72672254,0.071613625,0.21125136,0.088922285,0.23693953,0.09729539,0.14951098,0.040018857,0.045315176,0.10922576,0.0571857,0.1471877,0.09656269,0.0309031,0.2131177,0.17573047,0.1746149,0.2999113,0.34465405,0.021727832,0.089392126,0.16802408,0.3142677,0.13410988,0.18524624,0.72388,0.56172425,0.0696387,0.18472126,0.059099823,0.07433562,0.029658409,0.069515556,0.07011601,0.029074905,0.022259863,0.24025252,0.0546598,0.109818324,0.010118457,0.16005334,0.003649354,0.028829712,0.09850402,0.21493751
BC2026_Train_0017_S22_20211026_233000_5,0.010498799,0.020046638,0.0068711764,0.30847722,1.3203829e-06,0.085672066,0.010668132,0.07360108,0.017167237,0.30445802,0.9857064,0.02292454,0.0025185258,1.6630462e-07,2.13913e-06,0.06602165,0.0013796713,0.00023758394,0.12744583,0.027265618,0.027416097,0.00032484945,0.014531755,0.0070781284,0.10983536,3.6630983e-05,0.012982152,0.1514153,0.048329826,0.76728725,0.008687355,0.004157847,0.03249078,0.008577922,0.003499643,0.0046481485,0.024445817,0.0036912223,0.0057863113,0.010358316,0.027696028,0.0053438134,0.018675594,0.008710091,0.002126509,0.002126509,0.015483918,0.0038854275,0.0025388605,0.0037161657,0.005251066,0.0056904983,0.0056904983,0.0113284765,0.010043292,6.739047e-07,0.007235405,0.0170961,0.00011662646,0.07151487,0.4299303,0.0003755203,0.047117706,0.30360675,0.03513104,0.0028387958,0.03465354,0.0008293427,0.0009041565,0.12258468,0.007219243,0.0003670853,0.033511728,0.16889782,0.16220017,0.104364716,0.06394476,0.30188715,0.032205425,0.32426932,0.12368709,0.017382981,0.7966706,0.02665017,0.08591155,0.30962318,0.15888311,0.6828952,0.17114685,0.03275733,0.13405581,0.2542078,0.04462917,0.19481032,0.18115401,0.254922,0.33231702,0.6582217,0.3338742,0.115941,0.103040256,0.05867359,0.28844422,0.9707991,0.7020819,0.19755967,0.04993374,0.02049931,0.19725865,0.07165681,0.063467376,0.66220343,0.047965605,0.09459471,0.043040138,0.20496133,0.0923103,0.15299065,0.077321425,0.51936287,0.34234723,0.22463883,0.13056812,0.17972896,0.4322741,0.07297584,0.076404296,0.20703511,0.041922856,0.2764079,0.33741447,0.38030264,0.28141174,0.6606264,0.110638686,0.019226143,0.2545544,0.67400503,0.31521648,0.93163955,0.040483862,0.15589757,0.073347524,0.066065915,0.59645975,0.050853748,0.11357475,0.06207316,0.46243197,0.1271806,0.052843507,0.050809618,0.16994688,0.055766683,0.40738925,0.09077884,0.14124331,0.049272776,0.042844377,0.08895431,0.010604446,0.5209248,0.21835579,0.16915113,0.06611291,0.29768074,0.17127153,0.1103828,0.054514606,0.46919125,0.306753,0.008297454,0.0565253,0.14411509,0.07574697,0.55726236,0.034637395,0.79965925,0.15972015,0.4399232,0.12783867,0.011722087,0.0759817,0.10103559,0.062376138,0.037443727,0.012892795,0.06492301,0.04763592,0.39244187,0.062137682,0.68228006,0.35564148,0.5397591,0.13206242,0.1886084,0.043726392,0.043063838,0.1414095,0.17812786,0.07450692,0.03970327,0.03161208,0.30357566,0.17985713,0.24798705,0.73377705,0.3277973,0.028431244,0.42236117,0.14326812,0.3428085,0.17241023,0.14584675,0.87945735,0.5677975,0.10278256,0.43250808,0.06317595,0.074463814,0.021543311,0.04032822,0.08912974,0.03134361,0.03769687,0.5292084,0.11756853,0.31854033,0.047603697,0.23409879,0.029226735,0.04767927,0.09382828,0.21185774
BC2026_Train_0017_S22_20211026_233000_10,0.012799457,0.023743931,0.004895561,0.27153587,1.4421792e-06,0.10311168,0.0052777794,0.10953509,0.013550208,0.36003357,0.98728585,0.011344677,0.0029425102,1.6902811e-07,2.3412838e-06,0.07795355,0.000940826,0.00029980188,0.18468222,0.0471866,0.030451499,0.0003388175,0.016539972,0.0076539805,0.12753876,3.7135305e-05,0.025998501,0.13768734,0.0304451,0.7842739,0.010141425,0.005090366,0.036539476,0.010972625,0.00349258,0.0058002635,0.02606129,0.0045592515,0.0070129586,0.0129265515,0.03551875,0.0066048903,0.023416495,0.010351094,0.0031631722,0.0031631722,0.02016188,0.004860973,0.0034231339,0.0048134057,0.006461037,0.007000081,0.007000081,0.013501538,0.0076740244,6.796881e-07,0.0072398977,0.017066073,9.316488e-05,0.34441882,0.4531472,0.00042678174,0.07484873,0.2943194,0.07550133,0.003345049,0.04964211,0.0009058378,0.0013623671,0.14648186,0.007218892,0.0003226415,0.043441065,0.14488369,0.23721994,0.13406128,0.06493559,0.3058717,0.050438426,0.29973125,0.12472552,0.021325303,0.6435949,0.029579101,0.09542433,0.3737629,0.18241978,0.6153307,0.16493623,0.034024704,0.08175451,0.186281,0.019306665,0.113255285,0.23346557,0.32773733,0.3181602,0.5402867,0.3007736,0.12598655,0.093611434,0.052857287,0.33035183,0.99422264,0.74686205,0.15345007,0.067906395,0.02278369,0.18537638,0.04171037,0.06548432,0.6486754,0.06546325,0.105668955,0.045887228,0.19600596,0.054729663,0.123469345,0.06786179,0.57367635,0.28248537,0.35461217,0.0984139,0.26305473,0.31086648,0.110944845,0.0617876,0.12831219,0.038139783,0.17154305,0.29614,0.36203873,0.39551374,0.59056383,0.16474,0.022158036,0.4789266,0.8194751,0.3978976,0.859139,0.0368394,0.20082207,0.05420135,0.056666307,0.47121793,0.03688432,0.08960589,0.10281748,0.3600602,0.12531248,0.04745026,0.1253145,0.106657386,0.056762572,0.2162991,0.109842226,0.10894103,0.026357288,0.044066675,0.10923425,0.011037153,0.25225872,0.08860784,0.28981525,0.04184368,0.36247963,0.15089273,0.103060484,0.04957529,0.3850788,0.38427147,0.011897559,0.038897656,0.20913976,0.13473204,0.33761248,0.03612891,0.7229421,0.11383032,0.34231582,0.06723874,0.015872324,0.061262436,0.073383056,0.05891268,0.018855987,0.012210608,0.054310568,0.0794295,0.4276333,0.046230283,0.6914857,0.3099271,0.51725584,0.15180562,0.15467213,0.04474296,0.036948018,0.14093976,0.16527891,0.0537395,0.07744721,0.059661888,0.19499359,0.16981877,0.2455806,0.6775098,0.28134772,0.039701346,0.40742227,0.09809521,0.28389677,0.23297976,0.18147373,0.89034545,0.5923342,0.085144304,0.46628347,0.048074808,0.064410806,0.01996951,0.03726264,0.055138767,0.03328488,0.05295813,0.45856598,0.07553289,0.5954162,0.021864912,0.17347746,0.02069716,0.045878366,0.08431127,0.15741329
BC2026_Train_0017_S22_20211026_233000_15,0.015639912,0.01328642,0.0104445685,0.29129928,2.041081e-06,0.078916214,0.007092908,0.17802227,0.0077296053,0.30835673,0.98062855,0.020585792,0.0027247772,1.7309117e-07,2.1719106e-06,0.071706526,0.001830754,0.00024546025,0.16004458,0.013273271,0.032245632,0.00021943937,0.011544108,0.004626679,0.10977414,4.0077273e-05,0.013257049,0.13163207,0.02867453,0.6810743,0.005642336,0.0024170273,0.020603435,0.0048682233,0.0035903214,0.0027051547,0.014183532,0.0023243264,0.0035181406,0.005939966,0.022043988,0.0033558812,0.0111689465,0.0052106534,0.001371601,0.001371601,0.010543349,0.0023388178,0.0016123253,0.0023132786,0.0031867204,0.003263931,0.003263931,0.0077520725,0.012013873,7.4420655e-07,0.007249752,0.004124077,0.00012951535,0.051317804,0.34530354,0.0004553783,0.025576832,0.2558346,0.025228905,0.001938914,0.043634325,0.0008398265,0.0014326598,0.14231916,0.0073142406,0.00029667185,0.028772384,0.1578553,0.0928252,0.14836092,0.053184338,0.37622458,0.037959255,0.21959555,0.12523226,0.021319961,0.71559715,0.032655757,0.08864603,0.32027024,0.076556906,0.43073863,0.1914383,0.03713508,0.15783729,0.2909969,0.022701716,0.15549475,0.09247802,0.31497192,0.37027347,0.5464734,0.115555994,0.07563971,0.06788293,0.07282362,0.41792065,0.9304656,0.6337578,0.15030155,0.038058292,0.015569413,0.16143036,0.040540982,0.057825938,0.5829653,0.0481355,0.11372528,0.098715514,0.11290332,0.10233864,0.24041194,0.10207996,0.6494241,0.33485436,0.28440145,0.09623837,0.20912357,0.35724297,0.11102833,0.06230429,0.22816451,0.034992024,0.3847318,0.4315104,0.2911481,0.22193784,0.21130995,0.108863905,0.025965301,0.4166066,0.7722721,0.2932632,0.9687289,0.046933874,0.048173346,0.051584676,0.048661284,0.59520894,0.07148171,0.12111342,0.13159949,0.25786084,0.13263513,0.05978728,0.06474233,0.14604172,0.05993107,0.24885869,0.11523973,0.09968686,0.03674149,0.062669255,0.085965954,0.00802423,0.18481958,0.098041095,0.4825733,0.06469242,0.29382274,0.17688844,0.12967709,0.08063816,0.4477763,0.33386356,0.008312491,0.058809698,0.14505063,0.07980764,0.27486238,0.045285538,0.32428685,0.13176195,0.35326916,0.09011261,0.011433634,0.05944653,0.08007785,0.124509685,0.019944817,0.0082228985,0.07356281,0.05301155,0.34387398,0.072113566,0.7069406,0.22573082,0.4753401,0.1788627,0.17072967,0.052524813,0.056725923,0.15462424,0.23134798,0.051731233,0.06711983,0.04043262,0.26906335,0.13740352,0.26890796,0.54409677,0.35877857,0.027384724,0.07391452,0.16052137,0.25568607,0.13093495,0.20047517,0.9234886,0.64613533,0.1496132,0.37479615,0.04940761,0.08018983,0.022126079,0.03792059,0.110849775,0.02531751,0.03584242,0.50230324,0.07837337,0.29024658,0.025956556,0.19689043,0.034077957,0.041829336,0.09749027,0.22931074
BC2026_Train_0017_S22_20211026_233000_20,0.021040749,0.018214418,0.009834612,0.27682936,1.5961723e-06,0.056743212,0.008129349,0.16405341,0.010734827,0.50115603,0.9830647,0.032240443,0.002271857,1.569164e-07,2.1126418e-06,0.06346747,0.0014397897,0.00026882236,0.26784417,0.020424664,0.030048365,0.00017348965,0.012735859,0.004511262,0.16737105,3.8447175e-05,0.014375779,0.17252363,0.03375581,0.6671628,0.008069502,0.0030785734,0.028677927,0.008141521,0.0036305124,0.0035522005,0.017340854,0.0029402515,0.0057734465,0.0073510734,0.03126014,0.00456587,0.015292309,0.0067625246,0.0016796039,0.0016796039,0.014455948,0.0032165411,0.0023563404,0.0031243009,0.004223189,0.0043810066,0.0043810066,0.011406793,0.01269548,8.5472186e-07,0.0072720437,0.0038080916,0.00010313756,0.053006075,0.30623743,0.0005114072,0.02987896,0.34074962,0.022728078,0.004176753,0.031746026,0.0007311575,0.0007960793,0.16307521,0.00731665,0.00029486106,0.025217293,0.099250086,0.17333558,0.16601676,0.05900208,0.3663687,0.035571933,0.10476361,0.13674763,0.01858141,0.6693925,0.03096784,0.10902892,0.7075654,0.102308966,0.43123215,0.24241923,0.042545263,0.1382278,0.5016011,0.0332184,0.08669129,0.09721332,0.24581914,0.3005319,0.5690396,0.20173196,0.055285785,0.0688722,0.055846628,0.36546528,0.9946367,0.6340244,0.22770077,0.047079004,0.016674858,0.13580796,0.053601887,0.053314343,0.6108625,0.054374024,0.10183679,0.055553734,0.130503,0.09569911,0.15738565,0.084988184,0.5449546,0.30685183,0.34093475,0.18618055,0.17749593,0.3812256,0.07806113,0.04702987,0.18737116,0.040285017,0.26141134,0.35883066,0.3411861,0.08473167,0.8639917,0.2252009,0.024755698,0.26916617,0.6245167,0.328543,0.94820374,0.07240223,0.039575797,0.07028388,0.046800375,0.656187,0.051687445,0.099820234,0.1078282,0.37488773,0.099970125,0.08199757,0.05941329,0.07658999,0.059002496,0.52381647,0.19834079,0.08113988,0.03655739,0.09415835,0.08664341,0.011775814,0.16950953,0.078237735,0.2943263,0.07118424,0.26842603,0.21275012,0.08593546,0.04136637,0.3995243,0.31829423,0.005703323,0.054342598,0.13364677,0.073407724,0.45929447,0.039815452,0.20608605,0.13255139,0.4895902,0.093600124,0.010585436,0.059674527,0.05707962,0.049958922,0.030736193,0.013138464,0.06162859,0.060529962,0.49299616,0.06139679,0.7378375,0.1390603,0.45866397,0.10649636,0.20883954,0.12620367,0.04253433,0.14188719,0.09446189,0.055142727,0.063839,0.056145053,0.3323373,0.12107887,0.27459317,0.6718737,0.4478446,0.032690253,0.08927187,0.080239676,0.17496595,0.0711808,0.17971954,0.90244013,0.6357978,0.1066575,0.36934286,0.03767248,0.08623554,0.020068547,0.036556795,0.20200254,0.05764685,0.07662876,0.52546775,0.10270437,0.21165808,0.024370737,0.3284773,0.040280323,0.03400103,0.10518589,0.25315127
BC2026_Train_0017_S22_20211026_233000_25,0.010030186,0.018492179,0.0087226825,0.36295557,1.2539688e-06,0.09750344,0.008174718,0.0990171,0.01211733,0.2971774,0.9683214,0.019499661,0.0029879867,1.7956955e-07,2.4916624e-06,0.18065459,0.0009870454,0.00025574522,0.1711843,0.023912959,0.03638555,0.00025387513,0.02100628,0.006083354,0.13895167,3.846768e-05,0.025911529,0.1705709,0.034419455,0.71263206,0.0062826895,0.003182825,0.024238441,0.007157089,0.003625186,0.0038179036,0.01902038,0.0029227568,0.0043376274,0.008661339,0.024806783,0.0039135343,0.015313589,0.0066552493,0.002180542,0.002180542,0.013820874,0.003218742,0.0020785294,0.0028840522,0.004111503,0.0042664087,0.0042664087,0.009149951,0.0143596865,6.589538e-07,0.0072581167,0.0030611337,0.000113454764,0.06342457,0.23488328,0.00051843224,0.04395517,0.2784241,0.02481914,0.0025390214,0.04040391,0.0008874687,0.0011933569,0.35205713,0.007326125,0.00037823385,0.03883549,0.086426206,0.3043858,0.07503232,0.08824464,0.32725868,0.033977695,0.11108717,0.086040534,0.017520463,0.59289646,0.040204145,0.10997601,0.67287254,0.10887908,0.3650322,0.15483874,0.03625079,0.1200363,0.2498869,0.029672744,0.10152081,0.07722942,0.2094051,0.319977,0.5448127,0.24215513,0.08264602,0.07285394,0.11728712,0.35165423,0.9964486,0.69623715,0.24184069,0.056986127,0.02329834,0.17189369,0.05984018,0.04355602,0.5462187,0.044814285,0.08942737,0.041738153,0.21340199,0.07275457,0.14334686,0.05688435,0.42417607,0.32057068,0.25032514,0.17827788,0.22817214,0.5159968,0.13901316,0.05255091,0.55391586,0.042967238,0.29162133,0.34650567,0.3176232,0.11312276,0.7913944,0.3315424,0.021555306,0.3825107,0.67463034,0.34913933,0.90777594,0.052507576,0.055570696,0.042364232,0.04302301,0.43677235,0.063746236,0.07964952,0.088081114,0.2817515,0.10631684,0.06816909,0.06881137,0.077757426,0.061066348,0.62924904,0.10128108,0.08157621,0.027589224,0.058784906,0.080658056,0.009506136,0.20144601,0.08825971,0.29252994,0.047149017,0.24020377,0.15291388,0.12879805,0.043066345,0.3707148,0.44331914,0.008305155,0.04402279,0.162946,0.09820513,0.49556184,0.052701242,0.2574339,0.266181,0.7418521,0.08469436,0.014609953,0.05651684,0.05138027,0.06908705,0.029167566,0.008729529,0.06841663,0.05866271,0.5143648,0.044867497,0.7121425,0.1467345,0.49012688,0.14585972,0.18044601,0.051578198,0.055872038,0.17009231,0.17274678,0.068840146,0.047776245,0.072166376,0.27297184,0.2530487,0.19954956,0.54717654,0.5572226,0.028906278,0.17529729,0.096636325,0.2214508,0.10628058,0.14235325,0.86557436,0.6870174,0.13374789,0.48560727,0.045162868,0.061941717,0.017429728,0.05515156,0.08247362,0.037358526,0.06401082,0.6739447,0.08142101,0.24131405,0.024454575,0.2018686,0.024063049,0.03566102,0.08814198,0.17517515
BC2026_Train_0017_S22_20211026_233000_30,0.011153497,0.016095549,0.010670056,0.33289906,1.1681634e-06,0.05591487,0.010734787,0.12522388,0.010375429,0.4687636,0.9768225,0.038179882,0.0036957082,1.7042434e-07,1.9611439e-06,0.061171155,0.0013927487,0.00025718714,0.17570828,0.023749882,0.016919145,0.00019950661,0.014165901,0.002371973,0.16526228,3.844296e-05,0.011580189,0.17834304,0.031585436,0.51825,0.0071536773,0.002539582,0.02525798,0.008670877,0.0036413649,0.003179822,0.013028487,0.0022024084,0.00529173,0.007692795,0.025300449,0.0041242894,0.012466124,0.0052713333,0.0015903494,0.0015903494,0.011077608,0.0028481393,0.0019119894,0.002489159,0.0034482619,0.0036037562,0.0036037562,0.0095038945,0.014340532,7.200782e-07,0.0073171235,0.0048846714,0.000104303916,0.07810922,0.36430508,0.00044275646,0.032376494,0.27224258,0.0260716,0.0018317673,0.050187457,0.00077877863,0.00092316186,0.17011242,0.0073706093,0.00032013262,0.03395616,0.1358251,0.17188582,0.06044918,0.065764874,0.36409903,0.038572814,0.11161466,0.12151216,0.017393688,0.8163814,0.034359396,0.09865399,0.65951866,0.09161717,0.4926367,0.18015395,0.032874893,0.11378195,0.22080977,0.023229986,0.08750117,0.09904077,0.27688965,0.30106863,0.6117768,0.15625921,0.05521587,0.060867596,0.09416732,0.48309782,0.99571574,0.73462087,0.15414366,0.047058236,0.019843437,0.12471202,0.03986865,0.057895016,0.7867619,0.0514805,0.11427323,0.032042727,0.15729181,0.07703179,0.18465246,0.07179093,0.51887006,0.30435327,0.29017013,0.260163,0.21965846,0.3087152,0.09587169,0.06717446,0.14055367,0.04498895,0.54440624,0.50132823,0.25645968,0.11097529,0.78141236,0.23023789,0.018750135,0.28573415,0.8339462,0.3307515,0.97740775,0.05373065,0.056168992,0.074415796,0.06265205,0.6438186,0.035457104,0.13927433,0.17462827,0.3275909,0.12180879,0.07267183,0.058158107,0.11394173,0.061813805,0.19477202,0.1685948,0.0775898,0.04205305,0.0682584,0.07457945,0.009591237,0.20199038,0.064677395,0.24609093,0.048621558,0.25553527,0.35451648,0.105957516,0.06884667,0.4124123,0.37868848,0.009164371,0.054748625,0.15420504,0.087101705,0.39573333,0.048470367,0.19656344,0.12509154,0.4296508,0.084871665,0.01380901,0.056908384,0.04180074,0.0947535,0.016889203,0.009276155,0.07173161,0.051216908,0.4922441,0.06987719,0.44399425,0.24764216,0.43689385,0.1365973,0.18790397,0.058663983,0.049575035,0.20689766,0.1131839,0.05579938,0.047751725,0.053240478,0.29405695,0.12757184,0.32697165,0.4433818,0.3175214,0.034239065,0.08285145,0.14239506,0.2411429,0.10429805,0.1570078,0.8726505,0.7828921,0.0875037,0.45374936,0.0403738,0.08437453,0.018391367,0.032322522,0.16047902,0.041059475,0.052500788,0.5185299,0.14202166,0.26553658,0.026776178,0.42411324,0.04955832,0.03735659,0.12770143,0.16949214
BC2026_Train_0017_S22_20211026_233000_35,0.016911903,0.018138278,0.008526699,0.23947552,1.1006565e-06,0.04262419,0.009008001,0.10274905,0.010468372,0.4275226,0.98473835,0.022063527,0.0017345662,1.6324277e-07,2.183128e-06,0.06339685,0.0012175998,0.0002238927,0.22767659,0.015401325,0.020489125,0.00035856364,0.01454799,0.0025481405,0.13081309,3.6002377e-05,0.015290625,0.13631576,0.027025178,0.54129654,0.007572764,0.0031271747,0.027938852,0.0091592055,0.0036589757,0.003925421,0.016807282,0.0028393033,0.005324608,0.009098674,0.029740477,0.004404367,0.01581811,0.006594218,0.0019067405,0.0019067405,0.014080159,0.0032826217,0.0023240668,0.0030770006,0.0042583677,0.0044122706,0.0044122706,0.010672216,0.016536117,6.921588e-07,0.0073344354,0.003022041,9.9845056e-05,0.04867933,0.26230454,0.00042568502,0.02891652,0.21661104,0.024893206,0.0022996685,0.04196009,0.0007121134,0.0009111055,0.11668324,0.0074174716,0.0003175046,0.03139651,0.16881454,0.33133292,0.108860955,0.04825004,0.30128706,0.037631664,0.18538018,0.10146822,0.021425383,0.5774844,0.038447656,0.07951439,0.6970383,0.08024029,0.35074595,0.17060779,0.036876466,0.17586692,0.18047844,0.028038936,0.12974492,0.076359704,0.26211974,0.2955602,0.5709498,0.18507774,0.05600543,0.08028135,0.08628263,0.5492354,0.9971056,0.7085002,0.1993476,0.05167328,0.017508099,0.15860939,0.04411435,0.045538727,0.66677266,0.024488172,0.13396537,0.06561022,0.19097497,0.0958678,0.22360627,0.14190261,0.4992646,0.33926487,0.2273506,0.223975,0.267116,0.26299638,0.14061695,0.06305938,0.122252025,0.030068066,0.48795113,0.49692532,0.31593597,0.20578761,0.854466,0.2934438,0.027921379,0.39298996,0.8024406,0.43827885,0.9493053,0.09493227,0.065303445,0.053435493,0.042803798,0.5541489,0.054441057,0.087670356,0.07081845,0.4436904,0.10137298,0.101737946,0.11269619,0.08498054,0.05855481,0.20969027,0.12653303,0.1433355,0.042924847,0.08403968,0.095762484,0.011138735,0.16160153,0.106738515,0.33579692,0.06485051,0.34582436,0.18812813,0.10670785,0.062465157,0.33512676,0.5112992,0.011364385,0.05393088,0.21748619,0.1903748,0.38869604,0.037606902,0.17298749,0.14474675,0.4269176,0.07516551,0.0131953005,0.075805925,0.062167175,0.055449132,0.03198758,0.007275516,0.04709411,0.060913008,0.47879246,0.05184727,0.59236,0.073637195,0.5702035,0.14582539,0.17728227,0.057482474,0.057955615,0.15443738,0.20067157,0.06154703,0.0707706,0.07569795,0.29071993,0.14118907,0.32292154,0.4856926,0.3331743,0.033709005,0.27304333,0.119591914,0.19330594,0.0752608,0.15344623,0.82284904,0.63270444,0.1485054,0.4247605,0.042711332,0.07434645,0.020669978,0.04772814,0.14609441,0.028474994,0.06348975,0.5023412,0.12627056,0.3376866,0.02676039,0.27275774,0.045076925,0.044082265,0.1072841,0.14710627
BC2026_Train_0017_S22_20211026_233000_40,0.014532492,0.016096866,0.015113614,0.35016686,1.2693037e-06,0.048710536,0.007881751,0.11437914,0.011106254,0.43787923,0.9688152,0.0515888,0.0031457252,1.7585268e-07,2.1514534e-06,0.048936024,0.0012952146,0.00023143539,0.11105736,0.01715473,0.025531279,0.00022743252,0.008947026,0.003020173,0.123174086,3.4033364e-05,0.013354816,0.23412836,0.038404606,0.5097762,0.007342407,0.0026736502,0.024094433,0.008356143,0.0036663562,0.0033210889,0.014710395,0.002376164,0.005073586,0.007497101,0.026228277,0.0041721724,0.013410062,0.005500402,0.0015971061,0.0015971061,0.011441424,0.0028006153,0.0018898053,0.0025022079,0.0036264497,0.0038107876,0.0038107876,0.009847145,0.011137554,6.967867e-07,0.0073389667,0.0037436378,0.00011275104,0.070130885,0.25182,0.00048562232,0.03948663,0.2478274,0.026577607,0.0017194966,0.0325455,0.0011718788,0.0010927592,0.13631462,0.0074174725,0.00040733203,0.036887098,0.1188734,0.2829445,0.118327215,0.04775554,0.24379425,0.02807812,0.10362499,0.10290679,0.0212177,0.641387,0.03073254,0.062373053,0.5405139,0.090520844,0.46100906,0.16780709,0.036418375,0.12437578,0.3004249,0.017001733,0.07997518,0.08055887,0.3503508,0.2947728,0.44849288,0.17906247,0.085178494,0.069362275,0.07002913,0.4770859,0.99651533,0.8257541,0.15295352,0.044381373,0.020348066,0.16043912,0.050078195,0.038651507,0.7470966,0.038010657,0.083847746,0.035537485,0.12601759,0.075756356,0.14262739,0.07300103,0.43260604,0.27254573,0.20863965,0.1833678,0.15276948,0.44589525,0.121724695,0.05124693,0.13582703,0.051433276,0.29239705,0.57953167,0.2917479,0.08379655,0.7518588,0.24660002,0.016560022,0.33176127,0.647088,0.32164225,0.94460344,0.059726678,0.05060365,0.051253684,0.058742017,0.632817,0.036987796,0.09456168,0.12816647,0.29205856,0.08176616,0.09516962,0.06810542,0.09802135,0.06396659,0.16955136,0.07271945,0.06890094,0.026641287,0.087092035,0.08737125,0.01557393,0.18982452,0.05125573,0.21540892,0.060497858,0.27423885,0.15804164,0.15294078,0.04464291,0.299433,0.47764778,0.00914152,0.054126672,0.14172812,0.12362409,0.5549259,0.050045468,0.266266,0.11568565,0.3110877,0.06733257,0.012038982,0.065666266,0.07531772,0.062993884,0.029005384,0.0071801892,0.055290308,0.07109679,0.504423,0.059627555,0.52895594,0.22093272,0.53144413,0.12128019,0.12565373,0.06379872,0.06043702,0.17166625,0.15948088,0.060407262,0.050411683,0.0574969,0.24187723,0.1290849,0.2647903,0.53138226,0.36538014,0.025644038,0.17836477,0.12841529,0.25306454,0.07991076,0.11665438,0.86333406,0.68114424,0.077770576,0.37445813,0.030952316,0.08744409,0.019771887,0.03671143,0.12596256,0.022647334,0.084429644,0.51841706,0.122476526,0.352022,0.03342087,0.26494688,0.019236643,0.039076462,0.10883023,0.13477737
BC2026_Train_0017_S22_20211026_233000_45,0.008792894,0.018866284,0.012511917,0.25721133,1.328715e-06,0.10813433,0.006119202,0.138846,0.01003992,0.3765678,0.9750887,0.055197246,0.0035079718,1.7326327e-07,2.2825645e-06,0.06340202,0.0016426842,0.00031037466,0.22484499,0.04284461,0.029445799,0.00033436212,0.012035242,0.004882029,0.16756134,3.4374596e-05,0.013940619,0.14602636,0.04227852,0.55568767,0.006562961,0.0034091535,0.027302578,0.008638281,0.0035905563,0.0039797667,0.017351422,0.0030416693,0.0048559275,0.009430928,0.02551777,0.0042029363,0.014413897,0.0065421844,0.0018988672,0.0018988672,0.014139879,0.0033906773,0.0025006228,0.0032942842,0.0042345203,0.0043829987,0.0043829987,0.008826446,0.012373696,6.9361585e-07,0.0072957813,0.0031119671,0.00012262508,0.3430986,0.39824316,0.00042583584,0.032061774,0.3769191,0.094098866,0.003152679,0.054621216,0.0011745078,0.0011937674,0.14656419,0.00733959,0.0003595461,0.035312988,0.21237352,0.3791542,0.0895566,0.0774304,0.3580535,0.046288583,0.43562233,0.12141134,0.01831113,0.75599194,0.024941562,0.10743299,0.5493811,0.1207157,0.26263568,0.1642412,0.04047073,0.13186614,0.25165692,0.017593281,0.13167816,0.08611678,0.3376243,0.25392616,0.5723511,0.15971138,0.051476873,0.08300926,0.06893627,0.39846206,0.995161,0.7275135,0.2066387,0.046468884,0.030694708,0.15266244,0.05332021,0.05608026,0.5984195,0.041334767,0.09419747,0.052061215,0.14203165,0.05628931,0.22162436,0.06561016,0.42577186,0.31139925,0.31659657,0.08972095,0.26956433,0.33734098,0.11541867,0.04927652,0.1789219,0.03465669,0.4410233,0.6391351,0.25081092,0.5286821,0.7991991,0.21457773,0.020001525,0.56515396,0.5449886,0.33875474,0.9557095,0.054816544,0.047958832,0.0549249,0.04517027,0.619124,0.05805444,0.07355674,0.14235263,0.25192657,0.15597636,0.08263737,0.06840054,0.10639506,0.058842674,0.17911476,0.111303225,0.10171554,0.030676866,0.073752634,0.08832227,0.011824722,0.19022378,0.13321373,0.20061561,0.053230993,0.29757658,0.21103747,0.07455614,0.052837268,0.43191195,0.29507828,0.0083519835,0.04055627,0.16751146,0.09613521,0.61698526,0.07084886,0.254316,0.09991883,0.3902403,0.06877979,0.011916431,0.07432256,0.056507815,0.072133034,0.02498761,0.011160572,0.043730117,0.047440324,0.42062655,0.061156623,0.5718262,0.27997786,0.5380116,0.13071254,0.15130919,0.054661747,0.045619305,0.18297723,0.26330322,0.0706911,0.059986617,0.048489887,0.32483646,0.15407637,0.2808995,0.47676829,0.41437915,0.024161102,0.1640662,0.061071277,0.23157053,0.21333252,0.13279995,0.8147048,0.6490543,0.08591099,0.40053207,0.03987095,0.094780125,0.027293673,0.033448827,0.1159725,0.02592185,0.07623144,0.49917808,0.10800591,0.72629046,0.020617548,0.19816957,0.032799184,0.038691256,0.10456745,0.14275804
BC2026_Train_0017_S22_20211026_233000_50,0.023463458,0.014510697,0.007405144,0.23877393,1.2951164e-06,0.07097649,0.0056715533,0.09367323,0.008319891,0.5146087,0.98173046,0.013754286,0.0022414692,1.688241e-07,2.423348e-06,0.0828823,0.0011098323,0.0002561973,0.17946123,0.016523454,0.03843452,0.00019649594,0.01725284,0.0023622578,0.11974176,3.7876373e-05,0.0148772225,0.14302158,0.025226103,0.52299047,0.0069541503,0.0023921751,0.027216583,0.0071139154,0.0036481437,0.0027661729,0.014343776,0.0024530203,0.005153932,0.006523263,0.028603729,0.00388741,0.01135685,0.0053311004,0.0011276843,0.0011276843,0.011292851,0.0026232433,0.0018704744,0.002499057,0.0031917004,0.0032666873,0.0032666873,0.009758356,0.009554078,7.211754e-07,0.0073007145,0.003661475,0.00010320764,0.06888567,0.3066043,0.0003829116,0.022422332,0.23448393,0.020099884,0.0021203693,0.045505438,0.0010511748,0.0011187393,0.10828693,0.007350356,0.00032754702,0.05309919,0.12274795,0.14220372,0.10092297,0.0683027,0.35024536,0.06125267,0.34131193,0.13319181,0.016775837,0.8103753,0.058226533,0.09625816,0.25736874,0.11067063,0.32394665,0.23411244,0.04556451,0.13026516,0.24027386,0.04554076,0.22305655,0.12681729,0.39197373,0.28691077,0.59401524,0.123738855,0.06354757,0.050897446,0.080665745,0.5652082,0.9615438,0.705593,0.18709266,0.058575317,0.013809297,0.13310683,0.044250257,0.051406972,0.71916276,0.032710053,0.086021684,0.041881606,0.16080624,0.10139925,0.21975462,0.06893949,0.5565086,0.35163736,0.23113659,0.10996461,0.25984752,0.50871474,0.1346313,0.066539474,0.19244379,0.049557615,0.45792037,0.3654832,0.25161314,0.12514812,0.19639498,0.100939736,0.026876008,0.30135533,0.670604,0.24423422,0.8598125,0.043952223,0.03709453,0.047325492,0.04904722,0.512299,0.08029456,0.100171864,0.104786806,0.56350154,0.14164904,0.11417561,0.060235787,0.13488406,0.055861257,0.22316992,0.096688926,0.09439441,0.036159996,0.08741392,0.118396714,0.012930352,0.23483834,0.13294904,0.37245455,0.048435643,0.3259756,0.28069696,0.19765848,0.051955603,0.31607965,0.386133,0.008281977,0.058310095,0.14500476,0.08540125,0.40264007,0.05206161,0.267542,0.094609715,0.31820378,0.08870345,0.009622045,0.08024082,0.074052036,0.04338799,0.031526778,0.00680293,0.04865133,0.06351379,0.643098,0.056586422,0.749185,0.09259958,0.65748113,0.15056579,0.1424983,0.050341275,0.04584769,0.17852631,0.119208045,0.08163776,0.09331044,0.081591554,0.26752436,0.21655484,0.24551089,0.58923846,0.3963202,0.023383085,0.081615224,0.088876575,0.30106884,0.24311937,0.14173253,0.84407294,0.677113,0.09614552,0.39004412,0.04398406,0.07103509,0.016536212,0.035044666,0.20110421,0.032634273,0.052458785,0.523607,0.0721357,0.4367766,0.027021298,0.18950664,0.06747776,0.03337424,0.16896106,0.13951652
BC2026_Train_0017_S22_20211026_233000_55,0.010812307,0.014105618,0.0073815747,0.3185957,1.1878903e-06,0.08429529,0.009450877,0.12300709,0.008706642,0.46707332,0.979782,0.018539978,0.0022775067,1.6650355e-07,2.1722742e-06,0.08514457,0.002214246,0.00025531236,0.31498072,0.012095839,0.028239815,0.00023758452,0.042152658,0.0025088147,0.10063592,3.182798e-05,0.01649108,0.1524222,0.026896674,0.51184905,0.006002919,0.0025859652,0.022405,0.0069995974,0.0036441146,0.0031071075,0.013900165,0.0023826447,0.0045710285,0.0059435563,0.027203968,0.0036220665,0.012035946,0.0053241006,0.0014006754,0.0014006754,0.011218533,0.0026196244,0.0017999177,0.0024288883,0.0031242315,0.0032457304,0.0032457304,0.009298631,0.0100169545,9.4629996e-07,0.0072636483,0.0032279578,0.00011523311,0.04791375,0.25575006,0.0004935399,0.023175271,0.28389156,0.022053672,0.005843358,0.08952214,0.0008014376,0.0010096577,0.27311102,0.007346631,0.00032994675,0.05373748,0.11023825,0.27186915,0.09713068,0.048692424,0.37038967,0.04078465,0.19024037,0.22690734,0.023284473,0.76071393,0.060802054,0.07983539,0.28686908,0.11179691,0.36295554,0.26865864,0.048561014,0.08802319,0.16060136,0.036032535,0.08477839,0.08099186,0.2160922,0.3442355,0.60908604,0.23282926,0.052981682,0.053435173,0.10910593,0.4668991,0.99294865,0.70284027,0.17988832,0.048538145,0.013070093,0.14681819,0.05063007,0.058575865,0.65120095,0.042804267,0.09314037,0.059623577,0.11977904,0.09311975,0.19386025,0.07602574,0.53321856,0.3553389,0.30158386,0.12095536,0.31685865,0.48471868,0.12467307,0.07109712,0.16261227,0.042948868,0.50917655,0.41182935,0.2948706,0.11238043,0.23113528,0.16332284,0.027561633,0.29472962,0.69443697,0.4117324,0.9871566,0.104401484,0.055667356,0.07060847,0.06586483,0.5037743,0.046979684,0.09683945,0.12586689,0.322268,0.17389219,0.059939716,0.061032444,0.16958068,0.059848182,0.29416743,0.11691017,0.0489356,0.03845208,0.06607788,0.12205557,0.0073912544,0.2528837,0.11682431,0.25645474,0.068738624,0.25785625,0.19054505,0.09557711,0.048967827,0.51495874,0.47519982,0.007337582,0.05151755,0.14005084,0.1472949,0.6059096,0.04279855,0.27938104,0.10672106,0.64386684,0.1280047,0.0115715545,0.05345226,0.057453386,0.03314031,0.016741414,0.007848417,0.08004206,0.06621022,0.6209609,0.068409465,0.7997733,0.185997,0.546384,0.14889956,0.16665615,0.07250904,0.050321497,0.20912053,0.13024321,0.08580879,0.05656931,0.076179065,0.24886225,0.15527844,0.2590982,0.49469453,0.3205609,0.040843766,0.18587823,0.1861991,0.3433563,0.1147993,0.14151916,0.8757243,0.7311307,0.089707784,0.5485299,0.05375743,0.084102556,0.021006789,0.036244303,0.16176908,0.029048156,0.0504054,0.54968655,0.07705919,0.19258353,0.03730149,0.15769258,0.043079898,0.04555404,0.1030803,0.16996315
BC2026_Train_0017_S22_20211026_233000_60,0.009913642,0.018814225,0.0050589354,0.19675584,1.259139e-06,0.056905255,0.0039847507,0.03447109,0.01006355,0.21917091,0.9570844,0.010554846,0.0028344234,1.6325488e-07,2.3465223e-06,0.20818555,0.00088492944,0.00029623418,0.15913385,0.018848443,0.017197043,0.00023078313,0.02925643,0.004278075,0.13184191,4.1659532e-05,0.030464653,0.1058545,0.034961574,0.6557961,0.008226235,0.003460641,0.034627765,0.0074262586,0.0034507462,0.003956647,0.02537498,0.0031365813,0.0055305385,0.008695354,0.024129262,0.0053667277,0.016299186,0.0076042684,0.0022444832,0.0022444832,0.015678966,0.00425794,0.0023612808,0.0030080576,0.0049655875,0.0051311166,0.0051311166,0.010147434,0.0057937745,6.0949543e-07,0.007150244,0.015097765,9.90102e-05,0.07265812,0.32402942,0.00039245683,0.04289273,0.20519711,0.031882152,0.002202416,0.057886828,0.0005873093,0.0008420961,0.32471094,0.007164609,0.0003614134,0.047046784,0.18982156,0.16975407,0.05671837,0.05504116,0.36682823,0.062526315,0.10772934,0.11653053,0.020485127,0.66278243,0.023962185,0.1315613,0.53835034,0.14888656,0.53766364,0.15055168,0.03876075,0.15473162,0.18138759,0.035205465,0.13272037,0.22592849,0.16233787,0.15962267,0.5361185,0.17826894,0.10791504,0.0829591,0.030770952,0.3736074,0.9192618,0.74637663,0.18404973,0.050490636,0.015721593,0.17736207,0.07605262,0.04858272,0.5357352,0.07210922,0.11201452,0.05085708,0.23026098,0.080236815,0.090067655,0.071810775,0.46063808,0.31377622,0.3306971,0.17807275,0.22117524,0.4393174,0.108034566,0.07858513,0.63767475,0.03376432,0.45338878,0.23476842,0.3980272,0.09178595,0.8620911,0.15770327,0.01574229,0.46721652,0.457289,0.27186054,0.88659203,0.068055525,0.113884136,0.056312498,0.059725847,0.40759152,0.041901156,0.1054015,0.11664203,0.26191592,0.12571774,0.053088028,0.09298742,0.19332759,0.08483045,0.59881747,0.115157045,0.07047839,0.034709077,0.05083989,0.099437736,0.017836696,0.4309425,0.08982831,0.22701088,0.048829954,0.25353035,0.35158694,0.14139302,0.07114548,0.45725837,0.39440882,0.0077016936,0.0692138,0.14607018,0.08453124,0.18538344,0.046739433,0.8358323,0.26607805,0.71876,0.073450394,0.016152158,0.069406085,0.081395276,0.06572697,0.022856342,0.008671342,0.07907247,0.04565131,0.3783478,0.07258765,0.684777,0.3620028,0.45429423,0.13673428,0.16296157,0.044791035,0.045929015,0.12457446,0.07022393,0.077684976,0.037529938,0.03630055,0.3145238,0.27250457,0.2860373,0.70767933,0.38852447,0.032601718,0.11434189,0.16311897,0.29676494,0.10430615,0.13834323,0.8465534,0.7709315,0.16758206,0.42220163,0.054496426,0.08831765,0.031249298,0.038171172,0.1156653,0.032239523,0.08179433,0.6549014,0.087304816,0.31091928,0.023574667,0.32662886,0.033421513,0.03520395,0.098785505,0.1711084
BC2026_Train_0018_S22_20211028_234500_5,0.004210638,0.017308105,0.0030036655,0.56093866,5.696808e-07,0.10991193,0.014394702,0.062479295,0.029647699,0.7090094,0.99482894,0.017848985,0.0022649588,1.6177155e-07,1.9940603e-06,0.012354239,0.001001648,0.00032598665,0.1702735,0.013322831,0.032640845,0.000106851614,0.02233971,0.0069256285,0.19782071,3.3934066e-05,0.00587752,0.22602448,0.027983667,0.37499368,0.0069100107,0.0054704123,0.026246345,0.011326768,0.0033435542,0.005988845,0.027178627,0.0036173514,0.0059732203,0.012533157,0.024221882,0.0057074497,0.020477409,0.0111999195,0.0022336275,0.0022336275,0.021582102,0.004451887,0.00312372,0.0044191056,0.0061373943,0.0067013754,0.0067013754,0.0110633485,0.0039294455,4.6399273e-07,0.007168864,0.012498786,7.7869925e-05,0.01086067,0.065466814,0.0002823305,0.114117384,0.21223503,0.0042821276,0.0022493128,0.017943913,0.00063906313,0.0012220861,0.18001862,0.0070215743,0.00036097702,0.031130975,0.07318225,0.08627154,0.048320137,0.06265859,0.32970637,0.06376235,0.10852472,0.26784074,0.03585258,0.9056358,0.0749596,0.2384656,0.083965205,0.17132317,0.5858169,0.1576825,0.065378085,0.33649957,0.11007318,0.03669269,0.050958596,0.47314614,0.20107755,0.31560072,0.7398802,0.3426175,0.24657294,0.0795063,0.023183653,0.17816061,0.82498765,0.78364974,0.10405517,0.055458475,0.008520796,0.19047797,0.059752036,0.0879407,0.4856235,0.06255782,0.18580642,0.029257687,0.21396613,0.10855602,0.14510198,0.0883091,0.38200927,0.46290758,0.19025996,0.043222208,0.27901265,0.4685882,0.08883739,0.148498,0.045599416,0.03777852,0.27837035,0.17716171,0.38991684,0.050231133,0.10172232,0.058257148,0.019477101,0.29193932,0.5430209,0.22082934,0.7519766,0.032279007,0.10003556,0.07755822,0.11497372,0.26008853,0.03481948,0.15233801,0.15949252,0.18959795,0.12837903,0.04141382,0.068748854,0.15987787,0.09739097,0.041556723,0.08291955,0.036448523,0.03094073,0.09982171,0.15021598,0.023417879,0.27410084,0.055863705,0.10274784,0.12602465,0.28743753,0.12370406,0.17392698,0.02979228,0.5795169,0.2653725,0.009229486,0.06803396,0.048013933,0.06765884,0.11829783,0.04794793,0.8122039,0.085778035,0.41085503,0.15526508,0.041959573,0.09375722,0.099630445,0.026481645,0.018486524,0.012876828,0.06584853,0.055060495,0.48060164,0.0757492,0.61073667,0.24347116,0.45786947,0.10765374,0.1622435,0.031906154,0.038315777,0.24140865,0.041356105,0.0808348,0.020754782,0.023883024,0.28340003,0.11502054,0.22686414,0.85761267,0.34816456,0.023029989,0.21632974,0.0612074,0.4811223,0.057089645,0.12965088,0.9603863,0.6280857,0.098000064,0.54060906,0.06676038,0.0698882,0.011623126,0.045088142,0.047220554,0.027852291,0.11007799,0.21162719,0.030326592,0.12297479,0.023276882,0.20542186,0.017891945,0.04615716,0.057843957,0.2597663
BC2026_Train_0018_S22_20211028_234500_10,0.004773879,0.017538399,0.0027142128,0.5227171,5.335773e-07,0.1609516,0.013909077,0.05254296,0.027525537,0.62339056,0.9929086,0.017736848,0.002531142,1.6989992e-07,2.256527e-06,0.013157951,0.0014771811,0.00034869302,0.22699969,0.03541967,0.046681073,0.00011706904,0.031755026,0.0109654935,0.20310804,3.689932e-05,0.0066580162,0.16151974,0.037566267,0.3562508,0.006989688,0.005564635,0.025916887,0.010133476,0.0033376752,0.0060345456,0.02520321,0.0036546472,0.005255488,0.012403671,0.023237826,0.005298475,0.020417254,0.011446388,0.0021977057,0.0021977057,0.02109659,0.004414347,0.0033549662,0.0047395113,0.006180667,0.0068260785,0.0068260785,0.010013216,0.0050453492,4.5431423e-07,0.0071615013,0.009999712,8.055211e-05,0.0101299705,0.08369872,0.0002696364,0.098882414,0.26408967,0.0050527453,0.0016240195,0.014483048,0.0007853907,0.00070963823,0.14349428,0.007019361,0.00032231177,0.020835796,0.072828315,0.096215606,0.044913895,0.057605665,0.31265268,0.062178865,0.12734374,0.24005769,0.034914713,0.8859592,0.065202005,0.14993036,0.111676574,0.12165274,0.43309054,0.14775972,0.068245195,0.26068512,0.09588417,0.038344473,0.0608168,0.5325276,0.2069084,0.33493325,0.82086086,0.3514769,0.26091245,0.0701148,0.036017247,0.18066254,0.80682486,0.70633,0.11166071,0.038335342,0.008673237,0.18210545,0.064099975,0.06319145,0.46996588,0.055414718,0.15896264,0.033126462,0.1703393,0.067636676,0.24713236,0.08179471,0.37490702,0.44396448,0.14262901,0.035549108,0.2055079,0.3853714,0.116126336,0.075451985,0.039612323,0.038437225,0.37399954,0.17954029,0.39316234,0.047403708,0.08244938,0.061890017,0.019618742,0.20340282,0.60920906,0.20346598,0.72970647,0.028209252,0.107400075,0.08143623,0.119503245,0.2874236,0.033107255,0.15985264,0.15561949,0.16855215,0.12581052,0.06255804,0.06787595,0.17546661,0.08820191,0.036538567,0.054984037,0.04125103,0.0243605,0.06902242,0.1337905,0.0176425,0.23675226,0.057689402,0.08430914,0.06193338,0.352246,0.19454883,0.14768605,0.026047267,0.53535444,0.23170018,0.0068322103,0.056695733,0.046751384,0.09580554,0.11868035,0.048194595,0.7296093,0.08766097,0.33625513,0.108088695,0.038815483,0.07684485,0.08708592,0.016900733,0.029180413,0.015391395,0.043326966,0.042271957,0.40591848,0.085476436,0.6722409,0.3005749,0.47708336,0.10268951,0.19347489,0.03250265,0.035900325,0.16565138,0.057793684,0.079243794,0.020813618,0.023707528,0.23055416,0.10208696,0.25588498,0.8639539,0.26788065,0.026287118,0.1815036,0.050778043,0.35176462,0.10684477,0.13817258,0.9062365,0.5688718,0.12650849,0.49474168,0.06337931,0.12120781,0.016873736,0.051783584,0.042964358,0.034128208,0.111116275,0.18156786,0.026685609,0.17827888,0.028833847,0.15665707,0.015969139,0.0411106,0.04588687,0.23418872
BC2026_Train_0018_S22_20211028_234500_15,0.009499221,0.009933615,0.0029212693,0.5504548,5.238033e-07,0.05687548,0.016833493,0.047962844,0.013930728,0.66901034,0.99677324,0.018647177,0.0017919673,1.789491e-07,1.5909897e-06,0.012310742,0.0019234074,0.00029062593,0.15387496,0.016199967,0.04512432,0.00011444124,0.017353889,0.0029032778,0.13294782,3.5433088e-05,0.0049415897,0.11424862,0.01096753,0.26020434,0.0037941,0.0021279496,0.014704271,0.0065193544,0.0034022296,0.0025021755,0.011544996,0.0018623259,0.0031605172,0.005547338,0.015350962,0.0024389203,0.009367932,0.0046828985,0.00083242246,0.00083242246,0.011611675,0.002130837,0.001624034,0.0023076378,0.0028120608,0.0028444354,0.0028444354,0.0061410787,0.0071391887,4.3116802e-07,0.0071469364,0.004226654,8.366425e-05,0.010771621,0.07107454,0.00027409443,0.04667407,0.21840186,0.0029921755,0.0009788777,0.017478213,0.0005916573,0.0008439981,0.11631094,0.007031488,0.0002608011,0.040969357,0.06434285,0.073840015,0.07173357,0.047442243,0.35576886,0.060731005,0.15507583,0.343393,0.044628575,0.93854934,0.058655538,0.1529492,0.079704955,0.07378821,0.32418686,0.1762376,0.08826893,0.2439006,0.07025238,0.04592912,0.05628583,0.15694954,0.26570657,0.37749517,0.68419725,0.13806362,0.11181937,0.052785747,0.04885815,0.22556329,0.8736361,0.7225245,0.1330315,0.051109254,0.008104016,0.16548698,0.066873275,0.06643534,0.59407485,0.026781714,0.15525973,0.04177944,0.09988378,0.13257779,0.17128606,0.086409226,0.42487934,0.52954525,0.15671363,0.0572745,0.37526447,0.3999092,0.19196634,0.10021712,0.042076483,0.040199026,0.31952763,0.16141796,0.3141515,0.037335772,0.06665749,0.11207096,0.025861401,0.2772304,0.66340715,0.16324803,0.79962385,0.03469651,0.042778123,0.07090155,0.091754556,0.19485688,0.0390394,0.23973452,0.2342237,0.30480927,0.15589298,0.07904749,0.03554213,0.22696182,0.0788931,0.032168545,0.062317465,0.031794116,0.030297907,0.09680477,0.1099409,0.0092219785,0.16446194,0.058501206,0.120143294,0.09104433,0.2359865,0.13773434,0.12766239,0.03307412,0.70327735,0.269988,0.006630455,0.08570222,0.055832826,0.10462226,0.13769712,0.045258384,0.29951108,0.081658185,0.2083222,0.20309094,0.016421081,0.09592074,0.14340314,0.021684889,0.023051923,0.009961588,0.074275434,0.057910297,0.43596518,0.08258106,0.7499367,0.14673685,0.4227374,0.21271345,0.19882225,0.037437685,0.0508044,0.22832757,0.09148509,0.08887073,0.020546064,0.026951985,0.23568814,0.09653899,0.29818878,0.56760824,0.33874965,0.025652722,0.08528049,0.06725177,0.24860305,0.08589098,0.18698673,0.9226061,0.58107466,0.11335997,0.51934236,0.0498372,0.113545954,0.019228503,0.039958082,0.10263466,0.053661674,0.07827424,0.30750296,0.036633566,0.20790887,0.031769156,0.2604555,0.01497886,0.04315718,0.06410369,0.4209664
BC2026_Train_0018_S22_20211028_234500_20,0.0051042014,0.01411906,0.0039609973,0.46317294,5.1905704e-07,0.066727564,0.012835905,0.06574354,0.025716504,0.62702525,0.9962046,0.012431062,0.0019027918,1.6640996e-07,2.0327102e-06,0.011358937,0.0012214362,0.00024599873,0.27156037,0.013579079,0.041557442,0.00010263854,0.04052908,0.004988769,0.21110563,4.1458195e-05,0.005878279,0.10651563,0.018769884,0.3286601,0.0056356387,0.004199507,0.019177554,0.008905532,0.003347196,0.004550406,0.019948853,0.0026351996,0.0045687305,0.008413831,0.018895797,0.0045777922,0.016399443,0.008527606,0.0017293342,0.0017293342,0.016497457,0.003474839,0.0024691322,0.0033774448,0.0049527767,0.005281759,0.005281759,0.008636498,0.0031052507,4.629293e-07,0.007188971,0.0144590335,8.221684e-05,0.012631958,0.07313532,0.00031831345,0.10341908,0.23483615,0.004962514,0.0015124269,0.013545364,0.00047599513,0.0007941131,0.101355,0.0070399772,0.00035449816,0.029532868,0.061330855,0.089090966,0.058175154,0.06117253,0.30462584,0.09872546,0.06668818,0.24011329,0.048879288,0.8751312,0.05923989,0.1606812,0.10113215,0.12383288,0.541908,0.1960385,0.069635846,0.26994148,0.08227949,0.08355728,0.04179648,0.57355595,0.19112307,0.3101117,0.6272935,0.40192872,0.18462642,0.07849602,0.02460039,0.2102944,0.8528433,0.76560265,0.11017728,0.048525434,0.007939382,0.21507303,0.055552702,0.074975364,0.42269745,0.06417347,0.2072979,0.033076998,0.17507644,0.14130409,0.11210405,0.1214262,0.34021017,0.32532373,0.16881324,0.039042354,0.23993784,0.35275564,0.11106569,0.094318695,0.034499377,0.03558069,0.18879312,0.11830876,0.48382375,0.040636256,0.10450599,0.07357018,0.018788274,0.195118,0.47628275,0.20158392,0.80825806,0.028061733,0.11839334,0.06881186,0.103614256,0.24251755,0.03416616,0.17336492,0.20374703,0.14344516,0.12652187,0.03952238,0.07995068,0.18936907,0.09943186,0.034975156,0.056422457,0.03410552,0.027753135,0.09328753,0.15694001,0.016664078,0.28925997,0.047160383,0.08602497,0.0971821,0.27248293,0.08563488,0.15850618,0.028600898,0.5669027,0.17496909,0.007661043,0.06353846,0.058464807,0.08582676,0.08658627,0.037348773,0.75723743,0.08719882,0.2393755,0.09741869,0.05192622,0.1062655,0.097330764,0.02024797,0.029201545,0.014050663,0.08673621,0.045312285,0.4069354,0.07055104,0.6812572,0.33911762,0.4563678,0.11397233,0.2085955,0.03373687,0.033620294,0.20492686,0.033968225,0.06681805,0.021938324,0.020693395,0.2473448,0.107712165,0.23070614,0.87264925,0.3526574,0.035955064,0.18540905,0.05640902,0.35488084,0.0507882,0.15520775,0.9221687,0.56859654,0.11532867,0.44133174,0.07344999,0.111051634,0.0130644115,0.060517345,0.05642265,0.0348802,0.16406171,0.20047449,0.026051316,0.22463192,0.027684849,0.21310356,0.023296546,0.044038214,0.059580177,0.26466084
BC2026_Train_0018_S22_20211028_234500_25,0.006074001,0.011541698,0.0026394154,0.48441994,5.074602e-07,0.14762534,0.013195898,0.056472376,0.018691467,0.63094544,0.99521023,0.008576449,0.0021366267,1.7328149e-07,2.2860008e-06,0.013358204,0.0019035265,0.00026825216,0.09530317,0.011678681,0.041024342,8.482664e-05,0.04761196,0.0040508956,0.2874126,4.33705e-05,0.005092876,0.10072943,0.019506,0.32012558,0.0044702226,0.0035135527,0.015899854,0.00702886,0.0033422557,0.003834567,0.015947044,0.0021609755,0.0035835945,0.0072997073,0.014573651,0.0036276774,0.0130884,0.0071688066,0.0013439676,0.0013439676,0.013588746,0.0027817239,0.0019939572,0.0027848342,0.0040520225,0.004366256,0.004366256,0.0065780026,0.0032260418,5.3195464e-07,0.0072156773,0.016539492,7.637428e-05,0.011117656,0.07809154,0.00029522763,0.073574565,0.23921835,0.006775552,0.0014776995,0.012719148,0.0007522878,0.0009273408,0.08172252,0.0070683514,0.0004644708,0.030076116,0.05510126,0.062518604,0.0538657,0.063628465,0.32041514,0.09840563,0.09257465,0.23123969,0.045350157,0.87053937,0.11215842,0.26055792,0.10690748,0.13382071,0.4170406,0.18300119,0.07498128,0.47605845,0.1642839,0.12687288,0.03359212,0.6491903,0.2741023,0.32637146,0.678835,0.31163323,0.2648269,0.06223396,0.021915017,0.19682564,0.804066,0.6910108,0.08903648,0.058039963,0.0068908297,0.17933609,0.05702412,0.0547732,0.44813126,0.06751064,0.17979406,0.02631042,0.17596807,0.100351945,0.14381939,0.07271886,0.29260486,0.310448,0.22501096,0.040384986,0.20471518,0.31037167,0.09300916,0.115505025,0.04862725,0.03758746,0.30845082,0.09143441,0.44315055,0.036233284,0.05062568,0.06887645,0.02306695,0.19560747,0.43259734,0.18144026,0.7525108,0.034232177,0.11876825,0.08584768,0.14100546,0.18992952,0.057754587,0.17653316,0.17841601,0.17772524,0.16023923,0.03614314,0.070425786,0.12560515,0.10085611,0.044063047,0.06055592,0.057990715,0.02742048,0.15255031,0.13790804,0.037738465,0.22902425,0.05846057,0.097238556,0.078574836,0.34268242,0.098418616,0.24569012,0.030280655,0.50608057,0.2018778,0.0070750434,0.055679895,0.040467463,0.06167808,0.112088196,0.035507366,0.7351009,0.09767786,0.22680956,0.13438143,0.054993704,0.08423771,0.07845147,0.02329432,0.039883293,0.011330929,0.052764874,0.06363562,0.40559268,0.07534351,0.6080948,0.2754652,0.47814998,0.15446037,0.17795822,0.038958915,0.048133947,0.21898592,0.03673057,0.06904048,0.01645689,0.020083707,0.2412486,0.10370077,0.20125753,0.9019871,0.3894428,0.02811809,0.14556101,0.07039524,0.45664406,0.053868745,0.13600455,0.903433,0.5765544,0.09330244,0.45960277,0.04684349,0.074728265,0.011855522,0.08146666,0.038086534,0.022274604,0.21461402,0.1778608,0.024204763,0.21605583,0.028328126,0.19071953,0.039857484,0.049818497,0.098616734,0.25848714
BC2026_Train_0018_S22_20211028_234500_30,0.008717577,0.012801429,0.0037291737,0.45196903,5.310705e-07,0.08304159,0.018769924,0.06841119,0.024604332,0.62890977,0.9961679,0.008881827,0.0022276172,1.7465216e-07,1.955684e-06,0.011817212,0.0021451656,0.00024542684,0.16383256,0.019567538,0.09932674,0.00010639291,0.028662197,0.0046257423,0.41892838,4.0284103e-05,0.004806692,0.10490849,0.01725937,0.29660675,0.005261698,0.003917972,0.01863548,0.008566359,0.0033602298,0.004443248,0.019641442,0.002514977,0.00436629,0.0084512895,0.017157275,0.004141911,0.015446763,0.008319298,0.0015447794,0.0015447794,0.015686665,0.0031528305,0.0021723201,0.0030304687,0.0046967072,0.005018624,0.005018624,0.008070821,0.003327795,4.5404593e-07,0.007243325,0.017861271,8.43463e-05,0.010516618,0.06220791,0.00032312045,0.12861611,0.31837687,0.004277865,0.0015861862,0.012436034,0.0008858344,0.0008900363,0.09303625,0.0070888707,0.00033873797,0.029424567,0.08549934,0.06152995,0.05121092,0.065775104,0.32238373,0.07840323,0.07847328,0.23196603,0.03293828,0.90959924,0.080909744,0.16495976,0.115733474,0.17737272,0.61455625,0.2155712,0.06455551,0.34635708,0.09803171,0.05080003,0.040873826,0.50983566,0.30575895,0.3662534,0.6520086,0.37929842,0.29143262,0.073654205,0.028963465,0.23563835,0.8339261,0.75638264,0.08612163,0.04922578,0.007511786,0.21083918,0.059498224,0.06040242,0.5710293,0.0590627,0.17323768,0.028930642,0.21570654,0.07698866,0.10755089,0.07791613,0.3514858,0.32052985,0.18947627,0.04550214,0.19195734,0.44488418,0.10310237,0.09745022,0.05033693,0.03618163,0.28414273,0.11029463,0.46838003,0.04044208,0.101386234,0.07024049,0.023950439,0.15667439,0.6154699,0.2138299,0.7753535,0.03139006,0.09943609,0.07085653,0.10087013,0.21294494,0.05239354,0.17380133,0.21982172,0.1459323,0.1424084,0.036660954,0.101225235,0.14640269,0.086575925,0.04270073,0.07436121,0.028076045,0.033281952,0.08684557,0.13590854,0.019377798,0.351427,0.054435335,0.08244022,0.081489034,0.33985537,0.09728536,0.15976204,0.030278154,0.5095003,0.19568124,0.010262393,0.061148033,0.04066619,0.11156983,0.13587269,0.032985516,0.69823265,0.095631674,0.23731446,0.10100146,0.03262565,0.08394361,0.09942577,0.015314864,0.028421078,0.0141189145,0.07285808,0.050937943,0.4931816,0.06924905,0.51067424,0.36682412,0.5057762,0.12963706,0.20033947,0.033221394,0.02880907,0.17808919,0.03971609,0.084740534,0.020048985,0.02790622,0.3088353,0.16280597,0.22409575,0.8750613,0.37326926,0.023990385,0.19438607,0.053735457,0.40006986,0.057565004,0.14818119,0.9185406,0.569369,0.06938652,0.38481274,0.062938094,0.106503345,0.014002934,0.044692032,0.043202788,0.034149226,0.12502307,0.16758882,0.020770872,0.18139032,0.028441807,0.2762511,0.019226417,0.054768834,0.07364277,0.28484514
BC2026_Train_0018_S22_20211028_234500_35,0.0066434247,0.0132789565,0.0029596493,0.43186224,4.8916337e-07,0.0732632,0.01945922,0.054391515,0.029758766,0.71868145,0.9950212,0.00845389,0.0025591906,1.7106505e-07,2.123579e-06,0.011469471,0.0016897756,0.00023832225,0.14820758,0.016276125,0.053005226,9.577808e-05,0.038026992,0.0046374914,0.18487065,4.5875004e-05,0.004888085,0.08657168,0.015885008,0.30396432,0.005099275,0.0039805514,0.017839938,0.008693419,0.0033415111,0.0044781286,0.019463012,0.0025611962,0.0042121913,0.008248914,0.016314356,0.004263201,0.015567654,0.0084826695,0.0016040741,0.0016040741,0.016136918,0.0032716289,0.0022230179,0.003116627,0.0047124806,0.0050976016,0.0050976016,0.007888346,0.0026824512,4.6825753e-07,0.0072255004,0.0178216,6.997932e-05,0.010938096,0.0473216,0.0003086502,0.09273295,0.2687659,0.0066391844,0.0012903035,0.01265974,0.0005349635,0.0008356146,0.09678384,0.0070626116,0.00031417861,0.04253802,0.07809086,0.076932356,0.052872293,0.053316504,0.2931217,0.07324526,0.06819274,0.25454238,0.044826664,0.9493885,0.12917043,0.19237968,0.08305161,0.12053343,0.5111585,0.16004689,0.06476166,0.35110164,0.10791424,0.052727103,0.04249766,0.5774865,0.24606991,0.2894624,0.6080994,0.28893462,0.24924181,0.075122885,0.025256753,0.19376676,0.8025965,0.72364694,0.09100016,0.03949669,0.0071921116,0.19955358,0.05341975,0.05005103,0.66472036,0.057520658,0.18958789,0.02787396,0.16471487,0.08095109,0.12702897,0.07638481,0.35291365,0.2620679,0.16939871,0.036061544,0.29032272,0.31417713,0.098341405,0.09935947,0.04343405,0.0325249,0.21797404,0.08787178,0.46902868,0.044002667,0.09597569,0.06254686,0.020255461,0.1975658,0.4649393,0.15231515,0.73042,0.047559924,0.1223958,0.07151338,0.14641678,0.2040275,0.030366573,0.24039547,0.18663366,0.10866415,0.17351401,0.042928327,0.08836625,0.13847792,0.0868861,0.03650742,0.055097274,0.03975207,0.029431276,0.10673802,0.13699582,0.02070754,0.3123379,0.0455479,0.088271715,0.09790307,0.31062633,0.13908373,0.122393906,0.03420589,0.5583716,0.16483994,0.008504928,0.054328002,0.056210168,0.11327269,0.12937376,0.041426882,0.8028031,0.14847279,0.22008367,0.10857705,0.052907996,0.10182185,0.090334676,0.018124005,0.021284604,0.012526939,0.046720803,0.040531848,0.44733754,0.05003475,0.57635015,0.32633463,0.51377624,0.11626671,0.19454834,0.033560272,0.028960133,0.21014047,0.026694862,0.06846188,0.018839065,0.02108736,0.21696566,0.117970504,0.25030953,0.87728983,0.2712892,0.021869386,0.13224103,0.04290679,0.33689904,0.03640274,0.13246146,0.88035285,0.5925361,0.09474738,0.42837623,0.07013292,0.09038682,0.01240849,0.06410449,0.049757726,0.037522644,0.18032214,0.17855382,0.021897886,0.1484461,0.026448276,0.23789842,0.024220496,0.038970686,0.06693976,0.26018345
BC2026_Train_0018_S22_20211028_234500_40,0.0045605344,0.012111323,0.0029742839,0.47392622,4.9699815e-07,0.0904132,0.026455991,0.07330934,0.025770368,0.645302,0.9957418,0.014413379,0.0022331325,1.7635773e-07,2.0520781e-06,0.010971388,0.0031650802,0.00025113675,0.16004568,0.01596943,0.07723853,9.2006616e-05,0.025902094,0.0040299986,0.32688573,4.088665e-05,0.00551495,0.10461599,0.018527508,0.26887882,0.0048954347,0.0036750005,0.016945181,0.007836202,0.0033627006,0.0041224007,0.016569395,0.0023033367,0.0039264867,0.007870492,0.016547006,0.0037517373,0.014115069,0.007549466,0.0013468515,0.0013468515,0.014122505,0.0029193733,0.0020951203,0.0029835363,0.004261484,0.0045680953,0.0045680953,0.0073897527,0.003044234,5.2886236e-07,0.007225812,0.012864284,7.035345e-05,0.012695142,0.06680437,0.00026615197,0.06511876,0.30243695,0.0051147677,0.00208581,0.012694606,0.0008154444,0.0011808354,0.08998292,0.0070860893,0.00029828117,0.03791088,0.071775794,0.050696556,0.038072154,0.06293866,0.3042826,0.067129575,0.08457796,0.27010193,0.03052827,0.90971696,0.06905138,0.15652859,0.116503134,0.14974822,0.48195127,0.19787797,0.083423756,0.29929376,0.104312256,0.05390461,0.04129652,0.5413506,0.23740166,0.3387148,0.6429341,0.30298486,0.2711282,0.069108196,0.027130507,0.17630467,0.83808744,0.79039156,0.11620522,0.03810935,0.008115528,0.18190448,0.04589305,0.06301735,0.48394644,0.049271192,0.13329446,0.037037235,0.1737491,0.07719104,0.12207862,0.0808421,0.37225798,0.37795612,0.24389009,0.031817183,0.22738473,0.24493578,0.09292118,0.08823388,0.037483484,0.037974216,0.30674955,0.11491091,0.394645,0.045144156,0.058383662,0.084274694,0.02231959,0.23841894,0.57672495,0.15742753,0.74504167,0.04779507,0.12808426,0.053797223,0.0949869,0.20683989,0.049486995,0.13704924,0.14924608,0.13868175,0.13412493,0.04559989,0.06018121,0.1067109,0.09052791,0.037709504,0.07377512,0.06152604,0.023933752,0.0704831,0.13437924,0.014596864,0.19503279,0.048747182,0.08465902,0.058500133,0.2681313,0.11327129,0.16336918,0.028160762,0.5281249,0.14716981,0.0070394618,0.04763911,0.035263557,0.08564822,0.10210343,0.03230122,0.7747921,0.07081339,0.25816172,0.094562486,0.047371298,0.09703896,0.078263015,0.022498338,0.024768403,0.011404769,0.048643906,0.0592832,0.42102143,0.056222897,0.5763573,0.24196184,0.44354427,0.15107219,0.1869749,0.036297157,0.034335833,0.19010709,0.03638824,0.06478093,0.014044754,0.020132923,0.23998903,0.114154525,0.2321408,0.8797162,0.29689142,0.02127492,0.11255555,0.065943755,0.3528559,0.06050282,0.1435495,0.9344773,0.5606644,0.08091169,0.4850307,0.070058726,0.10772116,0.014245645,0.074906394,0.036297847,0.03297394,0.090493284,0.15847743,0.018400677,0.15118457,0.031164208,0.21025465,0.024867551,0.04812131,0.07090063,0.2899579
BC2026_Train_0018_S22_20211028_234500_45,0.010987901,0.008163729,0.00268382,0.4186806,5.360426e-07,0.057282463,0.026467435,0.0741541,0.0151703525,0.6400589,0.99756825,0.008699699,0.0018896855,1.8263468e-07,1.8528915e-06,0.012120913,0.0020654798,0.0002508517,0.1789567,0.009732366,0.041441403,9.409982e-05,0.015066366,0.0038376143,0.17545879,4.3482636e-05,0.0047745127,0.101153396,0.011263466,0.20047878,0.0040761237,0.001979422,0.013415277,0.0072558923,0.0034453503,0.0023924573,0.009951237,0.0015152295,0.0034604217,0.004662441,0.015301716,0.0027224508,0.008793839,0.0042381845,0.0007787768,0.0007787768,0.009709613,0.0018413535,0.0013785781,0.0019113359,0.0025954181,0.0026381286,0.0026381286,0.0065697012,0.0056087645,4.155818e-07,0.0072145043,0.0037314019,7.9679805e-05,0.010534083,0.0737345,0.0002677383,0.053686544,0.29917097,0.0032486229,0.00097511796,0.014798994,0.0006157849,0.0009836969,0.08378052,0.0071050203,0.00028935674,0.04099887,0.076011054,0.08242943,0.067274,0.075513236,0.3460978,0.0812025,0.098556556,0.24624002,0.049877338,0.9582297,0.06624623,0.19535124,0.12383656,0.14828607,0.25107783,0.15244994,0.11928718,0.28401065,0.12364034,0.07359005,0.066717714,0.15687375,0.27277935,0.4711313,0.6749511,0.14062268,0.10498038,0.053744987,0.041053142,0.25039622,0.83670974,0.80226,0.1084022,0.03267625,0.0072617223,0.17467491,0.09696188,0.07164115,0.60010034,0.047400866,0.11684644,0.04347996,0.1482445,0.14053465,0.14733206,0.09427635,0.45986247,0.31775832,0.15508206,0.044633586,0.26520723,0.43072432,0.1401641,0.12401262,0.051750682,0.03859258,0.2988622,0.13079853,0.29686832,0.03423449,0.0744749,0.07805408,0.037144925,0.178259,0.69349957,0.21161644,0.75932866,0.048847616,0.026462553,0.087784275,0.10708281,0.17480138,0.057195704,0.44165453,0.21683027,0.2779791,0.15208682,0.08863213,0.07401839,0.13554265,0.076284915,0.04714568,0.09578515,0.04433909,0.025967492,0.12513342,0.10357346,0.010442867,0.14465038,0.07416165,0.121839575,0.11801628,0.29542807,0.16937476,0.19416273,0.04628438,0.6879823,0.18909092,0.0063611213,0.085003644,0.0459734,0.12200212,0.19235058,0.040074486,0.30994657,0.0948984,0.20879029,0.2104025,0.027379544,0.087700084,0.08070533,0.02142278,0.02572779,0.010091461,0.09180891,0.05347742,0.4044756,0.09533273,0.70812356,0.09536598,0.42451423,0.1820433,0.16363655,0.028197108,0.048209183,0.21691236,0.0981944,0.14001484,0.017127417,0.025577964,0.27956793,0.14897275,0.23180689,0.6604828,0.2636681,0.027084222,0.084393546,0.050571516,0.35493025,0.060123045,0.22195715,0.91118133,0.55564195,0.14995185,0.4294621,0.05772425,0.06893694,0.02206119,0.04934047,0.06808609,0.04339317,0.06637958,0.26017323,0.039578587,0.27776343,0.03593169,0.25943965,0.025866669,0.0490325,0.08756751,0.4277963
BC2026_Train_0018_S22_20211028_234500_50,0.004933025,0.007392979,0.0034706348,0.49079183,4.9223644e-07,0.05649506,0.020856619,0.05063701,0.013113032,0.67144907,0.99643266,0.018943343,0.0019653814,1.5930259e-07,1.682753e-06,0.010403729,0.0024079166,0.00024720616,0.120137535,0.0120052695,0.059938483,7.742647e-05,0.012967402,0.0019552337,0.13879706,4.1140236e-05,0.0042158016,0.07789109,0.008849982,0.22810611,0.0035316313,0.0017046051,0.012090462,0.006058993,0.0034252517,0.0020907272,0.009549182,0.0013462448,0.0029503196,0.0041395677,0.012806248,0.00229128,0.00735312,0.0037520353,0.00071831007,0.00071831007,0.0084336605,0.0016261977,0.0011919311,0.0016320645,0.002214422,0.0022385858,0.0022385858,0.0056043845,0.004484192,4.003626e-07,0.007228283,0.0027560215,8.9293026e-05,0.01200711,0.059346788,0.00028989435,0.060315788,0.21555616,0.003089949,0.00089241116,0.015886689,0.00060015323,0.0009181553,0.109938145,0.007091601,0.00027290505,0.025882732,0.09024417,0.079038575,0.06908718,0.054053105,0.3411154,0.06330603,0.08111277,0.36901513,0.040662516,0.94088477,0.04674138,0.18456478,0.07108191,0.08921636,0.21405542,0.15087791,0.070104055,0.23718403,0.07008362,0.043016814,0.038012017,0.12925492,0.26260328,0.5259206,0.57073593,0.15398689,0.12344868,0.054390457,0.04147432,0.20319453,0.7849957,0.75789857,0.0971711,0.047013022,0.007440233,0.1504529,0.05733934,0.07060337,0.5794512,0.027638443,0.10828499,0.033929154,0.12677792,0.089684576,0.17928052,0.0857636,0.43443143,0.30963677,0.1903592,0.03329824,0.23652852,0.3037506,0.17634799,0.084789805,0.040614933,0.031121206,0.33455944,0.12175676,0.24490356,0.039579134,0.06259148,0.09235407,0.029206328,0.19705322,0.6729701,0.23022424,0.7513088,0.047963236,0.03024632,0.07067913,0.091130264,0.16412301,0.03977604,0.17904805,0.2514992,0.1872982,0.13194355,0.07574106,0.043177336,0.17497356,0.061711214,0.041749664,0.09899065,0.05174615,0.030179288,0.09017953,0.09448,0.013699135,0.17241624,0.053561274,0.09449323,0.08988082,0.28621113,0.13102005,0.17051429,0.03160355,0.64676505,0.22118838,0.008334446,0.061161064,0.0559527,0.16462645,0.138672,0.05636261,0.2305027,0.08853022,0.21436784,0.15943281,0.019172631,0.099051945,0.09591719,0.027477052,0.022900093,0.010692105,0.06921904,0.05939999,0.4500945,0.07453899,0.6765804,0.08871236,0.4573623,0.16583213,0.25849685,0.03297898,0.043524932,0.23562512,0.059865903,0.06995224,0.016605658,0.030981172,0.2803043,0.11198897,0.26052886,0.64538103,0.25972578,0.026063541,0.06274532,0.06890646,0.32070154,0.06890804,0.13096733,0.90497243,0.60012114,0.101373084,0.52995455,0.06036971,0.08375581,0.01570537,0.044269666,0.062386848,0.045997772,0.07776344,0.21666811,0.033609748,0.18691073,0.032806695,0.21856801,0.015557098,0.0521652,0.06448861,0.2661978
BC2026_Train_0018_S22_20211028_234500_55,0.008577168,0.0079057915,0.0031173017,0.44364884,5.1889344e-07,0.07856875,0.019961873,0.06091511,0.014508566,0.6302542,0.9970485,0.018348213,0.00259691,1.6569398e-07,1.7061162e-06,0.012297102,0.0033218071,0.00025038456,0.1061783,0.010860846,0.03578742,8.273008e-05,0.009737608,0.0029537908,0.18358073,4.171937e-05,0.0046986276,0.09082732,0.0112763755,0.2556898,0.0032537854,0.0018975652,0.011199912,0.0057687345,0.0034327405,0.0021754163,0.010101031,0.001329265,0.0027638648,0.0039939736,0.013868778,0.0023067445,0.008871393,0.004298287,0.00071177015,0.00071177015,0.008640783,0.0017339753,0.0012692807,0.0016833302,0.0024455173,0.002474268,0.002474268,0.0058095804,0.004682682,4.2301434e-07,0.007179337,0.0039225323,8.416021e-05,0.011497718,0.06537712,0.0002873578,0.056900006,0.23722598,0.0030279453,0.0017761514,0.016689995,0.0010713778,0.0015278799,0.09179779,0.0070942417,0.00026446022,0.023527004,0.08295825,0.059224073,0.07427282,0.049261432,0.3053372,0.07359347,0.077803746,0.24224536,0.040269006,0.927505,0.06749756,0.14953366,0.091013715,0.07698379,0.2477782,0.11830467,0.15283617,0.21727468,0.0516222,0.024991095,0.040273104,0.1462044,0.2085094,0.5233911,0.63503414,0.16078131,0.09337944,0.052664753,0.04154657,0.22191171,0.82528025,0.724358,0.11736862,0.056302316,0.0075211637,0.217869,0.08357163,0.050996993,0.59892946,0.024636904,0.11095467,0.032390404,0.101825684,0.13782732,0.14300124,0.09742888,0.44813663,0.33764753,0.15171087,0.041507553,0.263205,0.3680785,0.102274045,0.09534044,0.039001297,0.04454684,0.20626599,0.14497504,0.30898607,0.041793987,0.056885388,0.064530626,0.025418237,0.26402053,0.81044567,0.25810617,0.7990265,0.029306673,0.027401393,0.055644497,0.073812135,0.205432,0.05130878,0.19806123,0.24965264,0.1703284,0.13251081,0.07273475,0.0473339,0.15067483,0.061367664,0.044579573,0.09134871,0.030417947,0.03227989,0.10542685,0.11732824,0.0073784725,0.19455752,0.07174519,0.10296819,0.08598821,0.25361624,0.1809237,0.13991395,0.025177078,0.5828177,0.2164572,0.008134996,0.082586,0.03764452,0.06524633,0.106810674,0.027710058,0.2961637,0.0669448,0.21527562,0.12926973,0.021397278,0.084156625,0.074994184,0.027493177,0.024117269,0.009809565,0.05150617,0.05155799,0.41329956,0.080952376,0.81282353,0.10496344,0.36809716,0.1589899,0.20299546,0.030167738,0.04367524,0.16091637,0.041447546,0.069543876,0.0203634,0.023380019,0.26537904,0.11057636,0.199998,0.65766424,0.31297174,0.023339294,0.06388536,0.04941799,0.24747664,0.048832443,0.17525269,0.96734875,0.5041486,0.10658457,0.48386845,0.045119338,0.06491047,0.016257541,0.049849052,0.07260163,0.04576074,0.08852768,0.18081649,0.039161116,0.18388854,0.046134885,0.16975477,0.018096097,0.035945818,0.05945815,0.22592278
BC2026_Train_0018_S22_20211028_234500_60,0.0066703493,0.011008274,0.003251271,0.43554947,5.065507e-07,0.080171585,0.027040161,0.052311048,0.02333642,0.61158705,0.9922763,0.013241022,0.002556994,1.8497097e-07,2.0456926e-06,0.009671611,0.0017726428,0.00026507696,0.11558692,0.016068382,0.07600901,0.00010161581,0.018420478,0.0041657933,0.2409822,3.9772956e-05,0.004855928,0.09919798,0.016929442,0.31676507,0.0049251206,0.003238473,0.017162682,0.008028181,0.0033446176,0.003441076,0.015035318,0.0017827332,0.0039243624,0.0061374973,0.015994597,0.0035985508,0.013108698,0.006980578,0.0011128606,0.0011128606,0.01223416,0.0027281048,0.0017540437,0.0024299375,0.0037354094,0.0039806347,0.0039806347,0.0073747723,0.0027595812,4.5293115e-07,0.007131528,0.012769305,7.690613e-05,0.00959929,0.07830008,0.00026576122,0.08123997,0.21595868,0.0051096985,0.0012193399,0.012887099,0.00064254476,0.0009576974,0.08429894,0.007009393,0.0003295197,0.032189444,0.1270285,0.066049255,0.11604527,0.05756095,0.25610647,0.12859614,0.06560568,0.19688043,0.033348512,0.8319426,0.061444905,0.11224662,0.11079374,0.08938906,0.4066707,0.12923157,0.056758247,0.2876584,0.13133329,0.11182601,0.046291355,0.60724366,0.25676027,0.3040709,0.6489389,0.16431336,0.20616792,0.07256785,0.044653133,0.2136824,0.8344187,0.7931037,0.09424209,0.03319978,0.006328113,0.14341314,0.053021733,0.050058745,0.5019061,0.046731535,0.17429261,0.027240919,0.15894912,0.07183663,0.21021427,0.08839545,0.3343101,0.3653814,0.20713551,0.042760994,0.19852862,0.4317234,0.10813384,0.12428208,0.038785595,0.033866785,0.3015412,0.14276944,0.40945566,0.041460514,0.06017346,0.053974625,0.025999796,0.24294579,0.54105324,0.15103629,0.83522034,0.024704752,0.10477506,0.055770654,0.12069017,0.23130408,0.042995382,0.17028144,0.18990879,0.12545452,0.13631752,0.045502875,0.06008441,0.16957219,0.08931339,0.039658524,0.050178982,0.054396026,0.027766641,0.18281215,0.15991963,0.01880638,0.28518933,0.04974397,0.067543365,0.07353235,0.317519,0.10035944,0.124737374,0.033637814,0.6357537,0.10670451,0.006733644,0.060982052,0.043930944,0.111582875,0.15484652,0.024870312,0.77695984,0.056331255,0.29347932,0.10407444,0.039061192,0.08508711,0.07439331,0.016323322,0.03648301,0.012274518,0.054422136,0.03965,0.4680154,0.056688845,0.5469334,0.420464,0.45285055,0.12641865,0.1621705,0.026801227,0.028387958,0.17605717,0.047494613,0.0711291,0.020995745,0.020858785,0.23788519,0.12812273,0.22364098,0.90403694,0.30535322,0.022472909,0.11440797,0.07916699,0.3960103,0.035724793,0.112871505,0.92194986,0.56015146,0.07668586,0.41436157,0.061673965,0.07504858,0.01188319,0.05266216,0.07315659,0.047158133,0.2318296,0.16495597,0.024384236,0.14841105,0.02990889,0.20465805,0.027047187,0.042997252,0.072697945,0.29586104
BC2026_Train_0019_S22_20211104_200000_5,0.0016348457,0.011271145,0.002723553,0.082527265,9.1421464e-07,0.06479007,0.0059221913,0.05457415,0.057421573,0.0030046203,0.9756068,0.004509381,0.0024323117,1.563719e-07,1.3105174e-06,0.046075024,0.010442683,0.00015683845,0.083727844,0.014812966,0.3032131,0.00045721626,0.06366369,0.0038031735,0.46248916,3.3887572e-05,0.010116127,0.11203543,0.021907832,0.32226673,0.004278434,0.002061026,0.023951244,0.004860876,0.0030051793,0.0029965169,0.012748786,0.001368078,0.0026306638,0.007325041,0.018534768,0.0018552569,0.011657279,0.006384992,0.000692281,0.000692281,0.01293755,0.002090593,0.0015918703,0.0019606776,0.002675102,0.0028480326,0.0028480326,0.0074666184,0.0020157113,3.319859e-07,0.0062222253,0.0030120153,9.36125e-05,0.008750963,0.043312993,0.0010430735,0.094799146,0.99324274,0.0035082751,0.0007501541,0.012513642,0.00056393736,0.0004487272,0.021408662,0.006319189,0.00024317781,0.027491089,0.06658984,0.054458976,0.027856192,0.048653968,0.36805958,0.1160593,0.053987943,0.3599366,0.026394745,0.7330289,0.031924352,0.08712972,0.06879113,0.067475244,0.18265583,0.22468507,0.25123987,0.18542163,0.21882173,0.0928906,0.036586612,0.22459646,0.20826147,0.41817245,0.06396573,0.34165305,0.037345145,0.062389046,0.10647987,0.36458895,0.693287,0.73064935,0.06051934,0.026122745,0.0074308123,0.26065716,0.059342533,0.09878085,0.43978745,0.077080615,0.52813786,0.85899144,0.16930719,0.021260504,0.0530087,0.04498868,0.65138227,0.24422117,0.19237606,0.18402782,0.12580352,0.29439986,0.24084334,0.04531792,0.073099956,0.0273496,0.07665275,0.17932855,0.337914,0.025258899,0.046320777,0.07964642,0.044565752,0.102717705,0.38171202,0.2676446,0.5114035,0.01908406,0.022669127,0.16320702,0.14148043,0.06910117,0.014675668,0.101548366,0.1271441,0.24087887,0.064113416,0.058233295,0.02760829,0.13270852,0.07945701,0.04765397,0.0904577,0.025238557,0.026012886,0.0313036,0.19924454,0.0060140407,0.11717977,0.03928645,0.20157902,0.06519366,0.13618468,0.07007334,0.08491052,0.13358885,0.47801435,0.08894017,0.009291157,0.04864131,0.1736807,0.044576086,0.15019204,0.10882766,0.05220555,0.13226263,0.26149955,0.20824398,0.008800327,0.08134771,0.06758262,0.054007232,0.2942031,0.010518338,0.053615827,0.028230082,0.33546492,0.28880414,0.64326894,0.06570208,0.43116122,0.22052145,0.26500317,0.05347667,0.036087856,0.09581838,0.02289011,0.03067695,0.17613888,0.04447806,0.086457,0.0719876,0.17313592,0.13508697,0.221305,0.03291986,0.04662179,0.09087688,0.20729648,0.03438419,0.2495671,0.7017863,0.66701424,0.035424445,0.33969337,0.06365223,0.17578954,0.0075192386,0.049212456,0.02246881,0.023128098,0.023059843,0.33983913,0.028800424,0.122807465,0.019316148,0.16576439,0.0115527455,0.044949763,0.12935251,0.36090034
BC2026_Train_0019_S22_20211104_200000_10,0.0014001317,0.010798828,0.003056063,0.07615981,9.2010316e-07,0.050612316,0.004353016,0.068601035,0.053276423,0.0022651881,0.96754074,0.0048858323,0.0020337673,1.5107723e-07,1.2056724e-06,0.05225798,0.013672512,0.0001594457,0.12886855,0.014140035,0.40144432,0.0004897909,0.06293212,0.0030654608,0.36053628,3.1713087e-05,0.0068858145,0.08367239,0.01806582,0.34033856,0.0040711504,0.0020554042,0.021869253,0.0046691075,0.0029927744,0.0029674054,0.013190638,0.001486018,0.0023633891,0.008543388,0.017718807,0.001678494,0.012205102,0.006274725,0.00066176883,0.00066176883,0.012574806,0.0019042996,0.0016070618,0.0020228105,0.0028050018,0.0029683989,0.0029683989,0.0068992237,0.0017229001,3.67069e-07,0.0062423,0.004892821,8.302198e-05,0.012100462,0.049608085,0.0009629556,0.09702559,0.99676776,0.004946316,0.00072180695,0.008598327,0.0004889198,0.00043419027,0.018839464,0.006317883,0.00023954766,0.026039718,0.046160623,0.044135872,0.026089078,0.048616096,0.2616946,0.07887735,0.058562398,0.32386205,0.02348677,0.6295366,0.05453402,0.06139514,0.09699906,0.06768663,0.217316,0.19484344,0.28992876,0.16322584,0.20267315,0.11599225,0.04134786,0.20507433,0.18423866,0.42782643,0.07813075,0.45427173,0.049413916,0.060612038,0.06754987,0.22402962,0.64305574,0.7097867,0.070206806,0.02500678,0.008378311,0.30153432,0.055250585,0.121676944,0.438157,0.092214584,0.4533427,0.9014002,0.13700362,0.021807455,0.033964783,0.059812035,0.58977723,0.22899513,0.15242009,0.103071906,0.13882558,0.32396224,0.18657438,0.045478188,0.043533865,0.03055524,0.0636176,0.12186098,0.31251588,0.026855828,0.040420927,0.06612622,0.05887172,0.07424713,0.36642778,0.18797824,0.44376135,0.016556606,0.032202348,0.17783567,0.12132487,0.06002233,0.017918188,0.16654114,0.08579392,0.2614943,0.094215736,0.08490691,0.028208634,0.10774749,0.094637334,0.043114744,0.11108636,0.027094897,0.021102116,0.031258915,0.27181268,0.006490476,0.119852744,0.040781192,0.18164445,0.062052634,0.13640833,0.068835154,0.091257274,0.15179668,0.42149016,0.07958227,0.014979523,0.05334813,0.19493492,0.06518107,0.17855862,0.09040386,0.052044123,0.101326585,0.25566265,0.19440588,0.008497657,0.06955469,0.072767615,0.060274698,0.33127424,0.0106948055,0.054442413,0.04912126,0.29816195,0.26800627,0.5739526,0.066988274,0.2932085,0.1505905,0.20461228,0.05361479,0.04061854,0.07309505,0.022065844,0.032523938,0.1207616,0.050100382,0.10643362,0.090981215,0.16159482,0.16750857,0.30219758,0.027699772,0.0472976,0.053321004,0.1831907,0.02435119,0.2622325,0.7393098,0.55740345,0.049359027,0.29670683,0.061280236,0.17113867,0.009639547,0.03671583,0.022077482,0.019478295,0.027128562,0.19941887,0.029031547,0.1395046,0.021980051,0.1640813,0.014859588,0.06435143,0.11492865,0.23705009
BC2026_Train_0019_S22_20211104_200000_15,0.0010148457,0.011979672,0.004095668,0.12690283,8.8516805e-07,0.07538743,0.004425066,0.04920997,0.048317466,0.003388839,0.981148,0.007918137,0.0019451074,1.3530627e-07,1.3704074e-06,0.067614235,0.008643342,0.00015743755,0.081260264,0.011332788,0.3116144,0.00054805,0.049306445,0.0048950813,0.43542948,3.495608e-05,0.013664327,0.09429621,0.02018429,0.38295245,0.005107642,0.0023443492,0.02570292,0.00497794,0.0030368667,0.003254354,0.014979788,0.0013507075,0.0029591757,0.008043442,0.019601814,0.00219023,0.014025745,0.006940101,0.00083055,0.00083055,0.014019887,0.0024145702,0.0015893254,0.0019769885,0.0032540285,0.0035182643,0.0035182643,0.008756522,0.0022559403,4.1567512e-07,0.006214667,0.004171929,7.328326e-05,0.00878161,0.04654,0.0007827149,0.13283598,0.99198055,0.0034966762,0.0008976783,0.011898117,0.0004945502,0.000470524,0.01874563,0.006320646,0.00027239806,0.036198482,0.06802621,0.058403898,0.026559792,0.052888494,0.2871535,0.08434582,0.050727602,0.44365743,0.029329186,0.709516,0.034868542,0.07654522,0.07809811,0.09145532,0.18876784,0.2632867,0.35363734,0.14974582,0.26988304,0.11589872,0.038169764,0.23205973,0.15059714,0.4169671,0.086119235,0.5140292,0.062199846,0.06285965,0.05467526,0.30381235,0.75483793,0.67676795,0.06326897,0.033993904,0.012784028,0.32729828,0.05876258,0.105827205,0.4298524,0.08954464,0.50026906,0.8937081,0.22042817,0.033503376,0.037082456,0.05713932,0.55498207,0.21088843,0.23877244,0.27841917,0.19630013,0.32190984,0.19791931,0.04530943,0.06417052,0.030183163,0.09367864,0.21417661,0.29004425,0.026881453,0.090064585,0.08223613,0.06169538,0.10615882,0.38148862,0.33754754,0.5365565,0.017945195,0.040696047,0.30930036,0.28478867,0.08781289,0.024519313,0.19628127,0.037408628,0.23307778,0.062595345,0.11906239,0.027340844,0.18623886,0.045990366,0.052671395,0.16661213,0.030273981,0.057784997,0.027589658,0.21155566,0.0069626262,0.10432006,0.034520797,0.16728607,0.07776526,0.17976709,0.04874921,0.10047754,0.11810421,0.50993127,0.088785715,0.011187943,0.09318243,0.29346538,0.054476883,0.22722927,0.08538621,0.051553555,0.20878603,0.27173895,0.13048701,0.011135546,0.085109144,0.08180608,0.071500264,0.29548314,0.012740543,0.07630285,0.044475626,0.19652532,0.459586,0.5902396,0.050554413,0.28458187,0.4781559,0.56508845,0.10119086,0.047368266,0.08697204,0.031211484,0.042637337,0.27489167,0.06436855,0.104099885,0.08261563,0.20631379,0.1434696,0.24111682,0.041720964,0.048356637,0.0670264,0.28416494,0.023268018,0.26984593,0.71691835,0.4910027,0.04291566,0.32946214,0.07114257,0.19184092,0.0107837925,0.086778015,0.025015412,0.019371461,0.0133312745,0.41516015,0.034525365,0.2294609,0.030307103,0.24892409,0.014928052,0.05485048,0.23473315,0.54046905
BC2026_Train_0019_S22_20211104_200000_20,0.0009253784,0.010639917,0.003463635,0.06981524,1.0304125e-06,0.06173245,0.004084491,0.047090117,0.062402755,0.002575948,0.95815027,0.0055682817,0.0018879831,1.314062e-07,1.1958728e-06,0.09656686,0.012414332,0.00015716367,0.059831258,0.010643535,0.4309913,0.00038441035,0.06464497,0.0036184096,0.3503282,3.0529114e-05,0.010728821,0.108428426,0.026783615,0.40750283,0.003349315,0.0021276078,0.015852878,0.0041235914,0.0030080096,0.003063026,0.012122493,0.0011466256,0.002076138,0.006732066,0.013155154,0.0015132274,0.010582627,0.005836632,0.00071745913,0.00071745913,0.010830289,0.0018806425,0.0013227196,0.0015837931,0.002486538,0.0025867557,0.0025867557,0.0059805773,0.0020859502,3.930044e-07,0.0062084286,0.0023379961,7.962441e-05,0.013550012,0.045916066,0.0011796537,0.07708523,0.99584645,0.0041251834,0.0009105295,0.010631453,0.00060808857,0.00043583216,0.039088544,0.0063092387,0.00021892964,0.04204857,0.08211189,0.043415867,0.017500328,0.047683578,0.33406982,0.07807238,0.060507625,0.2734095,0.026658246,0.6852995,0.051460084,0.0685056,0.08400689,0.077091545,0.21342315,0.1806519,0.3111035,0.18378204,0.44247112,0.1278998,0.035755843,0.23926602,0.14822277,0.33736655,0.055936113,0.35977384,0.036454827,0.052036367,0.04341214,0.27847117,0.6474304,0.6660526,0.07812274,0.025193745,0.009006706,0.31977198,0.061246347,0.115796655,0.5811819,0.117891796,0.34045634,0.89004225,0.16183725,0.024663033,0.027150188,0.044998012,0.57916605,0.25365448,0.22698411,0.1074484,0.16696428,0.31639186,0.100843355,0.041216664,0.07597962,0.029890731,0.0812761,0.18457985,0.2913313,0.028049055,0.050168175,0.07160457,0.07408879,0.09777248,0.4079163,0.32604718,0.40209025,0.020583548,0.02801479,0.19622642,0.14929484,0.09150072,0.021886058,0.2562218,0.0581214,0.18366203,0.07598188,0.08201903,0.019070689,0.1705799,0.04901308,0.06856945,0.085215606,0.023233693,0.023366628,0.031198595,0.23771569,0.005222637,0.09422896,0.036198642,0.20172359,0.09987549,0.15173805,0.06564572,0.06757483,0.12246572,0.55856305,0.08180034,0.0112965,0.044967867,0.15264612,0.04215657,0.12897287,0.06291367,0.059217315,0.10096843,0.40837273,0.19928999,0.0067338906,0.09622477,0.06805289,0.051867597,0.27819192,0.012492405,0.08764393,0.026739022,0.20766719,0.3028302,0.66082126,0.055233195,0.35142574,0.2583741,0.18880574,0.0951683,0.041415017,0.08031758,0.023555627,0.043847002,0.13486202,0.04728902,0.13465868,0.1049468,0.20520666,0.13698289,0.29294026,0.05333604,0.03646899,0.06351424,0.2826492,0.036237042,0.26106393,0.636834,0.4451863,0.043050222,0.31064573,0.0486792,0.1324821,0.010048365,0.053602587,0.022916025,0.015356148,0.020401962,0.42370167,0.04203651,0.15685175,0.027314035,0.22115092,0.015115345,0.032004762,0.14446247,0.30871016
BC2026_Train_0019_S22_20211104_200000_25,0.0010898876,0.012605772,0.0024814755,0.08449815,9.986182e-07,0.060429733,0.0061062076,0.08312823,0.06645969,0.0040562963,0.9866365,0.005376363,0.002509559,1.3984416e-07,1.1517021e-06,0.06148667,0.012443987,0.000172011,0.07050398,0.013274233,0.29180098,0.00040184092,0.07641757,0.005884312,0.51632327,3.486653e-05,0.012193802,0.09188454,0.016588388,0.45311895,0.00500516,0.002720113,0.021582652,0.0054860157,0.0030252438,0.0036206308,0.016369168,0.0017466409,0.0028944379,0.008073302,0.021110453,0.0023164388,0.016156942,0.007794467,0.00095632166,0.00095632166,0.015445001,0.0025189617,0.0018395428,0.0024192997,0.0035550275,0.003828628,0.003828628,0.0090415,0.0021053778,3.789901e-07,0.006225106,0.002703102,7.709027e-05,0.013621291,0.051766727,0.001433946,0.07404821,0.996282,0.00403686,0.0009133194,0.009512324,0.0006162189,0.00042461118,0.026750641,0.0063108187,0.00024412567,0.038506128,0.060470883,0.062014,0.025003811,0.058556724,0.3130111,0.08428614,0.05919651,0.30560732,0.030088076,0.77015096,0.025388885,0.077707216,0.09042463,0.100012854,0.15980405,0.22149993,0.20940028,0.18675148,0.24310544,0.09386922,0.06415651,0.22780581,0.12222426,0.4026,0.10136756,0.35420766,0.043453798,0.060486928,0.09487935,0.3072049,0.7627919,0.76328903,0.08928464,0.025685104,0.00916861,0.29996789,0.049363084,0.11603097,0.5074658,0.10548704,0.6143841,0.87231404,0.16988233,0.024886396,0.04406406,0.054973662,0.6178281,0.28802192,0.19832227,0.1413324,0.12663598,0.3848312,0.20145336,0.043037266,0.053653,0.031726766,0.07716053,0.15699802,0.34734237,0.027040252,0.05541187,0.08430082,0.0826509,0.0906585,0.42833707,0.25735685,0.5046284,0.019783132,0.0357933,0.20571147,0.116636835,0.087295234,0.019834427,0.2627851,0.07850661,0.34944418,0.092279136,0.08995476,0.035106104,0.12309219,0.07823485,0.065340586,0.1102992,0.023214953,0.023328813,0.04292104,0.1877766,0.0072754906,0.11189261,0.040490434,0.22710459,0.08472144,0.15603724,0.079303026,0.07695827,0.14120108,0.51790494,0.087838426,0.012526253,0.052534368,0.09189188,0.050509777,0.22254454,0.07466755,0.06451717,0.07051078,0.3413716,0.21116094,0.0075986087,0.08870488,0.057363056,0.07627228,0.24135575,0.010733076,0.06298589,0.03593737,0.2618769,0.26529157,0.68382853,0.07443058,0.27627543,0.2824869,0.18036982,0.045742914,0.03614878,0.06337374,0.03827095,0.038520064,0.14376616,0.046171073,0.1425033,0.09824756,0.14275603,0.15238085,0.28844693,0.035661455,0.043722246,0.07172991,0.19961,0.025494076,0.23223168,0.74280524,0.42335996,0.05871415,0.31636095,0.05391151,0.21944113,0.0111468835,0.03753166,0.025359148,0.01378498,0.017843314,0.3896492,0.031043464,0.1456889,0.022224654,0.17053999,0.011067117,0.05254186,0.09988401,0.3416884
BC2026_Train_0019_S22_20211104_200000_30,0.001217292,0.013741409,0.0030059328,0.14544575,8.103399e-07,0.057774663,0.0045913835,0.036622982,0.052214637,0.0038623826,0.9854748,0.0061618323,0.001794776,1.2727652e-07,1.2405603e-06,0.08123513,0.027880002,0.00014857195,0.10471031,0.0089596035,0.26045153,0.00048615405,0.045761645,0.0061952793,0.4066571,3.064941e-05,0.014155194,0.07878687,0.01635835,0.40307164,0.0054176548,0.0027094928,0.027432948,0.0054756408,0.003026108,0.0036474306,0.015923664,0.0019804423,0.0031398258,0.009338938,0.023812285,0.0023419536,0.015828202,0.007694666,0.0010011591,0.0010011591,0.017381413,0.002586804,0.0020793336,0.0027495523,0.0035680067,0.0039556883,0.0039556883,0.00912829,0.0033875173,4.2030095e-07,0.006220956,0.0032523705,0.00010184311,0.011088368,0.07295019,0.0012041195,0.22777396,0.99559915,0.004250301,0.00085423177,0.00915801,0.00053908036,0.00047388245,0.027898839,0.0063102376,0.0002612292,0.040212877,0.106064,0.07595092,0.021688819,0.047572095,0.31543633,0.08869286,0.05449239,0.30160877,0.036913514,0.7659612,0.028878871,0.098000735,0.06819954,0.07830887,0.16074775,0.2258753,0.28343838,0.12906441,0.20647077,0.079216234,0.04518716,0.29781398,0.17196563,0.32667524,0.10001431,0.4892026,0.03211734,0.058331564,0.041386046,0.34223783,0.7868137,0.72802883,0.07565668,0.028969854,0.011271912,0.22995782,0.051404107,0.08646146,0.4299108,0.13260944,0.40147713,0.87104195,0.11838815,0.03730525,0.043659393,0.08729033,0.5523791,0.34373695,0.18797418,0.15118626,0.16761257,0.37878507,0.19499096,0.038920354,0.05709383,0.02733229,0.23290184,0.1279141,0.36726102,0.029585686,0.052015457,0.10685623,0.06968868,0.06829084,0.3476134,0.2671224,0.5138053,0.03163688,0.035168525,0.17453523,0.13516128,0.11276933,0.016329482,0.16186796,0.065634385,0.25257334,0.089910135,0.07660633,0.029724138,0.1342113,0.06624577,0.07513137,0.081460476,0.037360925,0.030977707,0.031040398,0.32094625,0.007839612,0.11898195,0.03612888,0.16390514,0.066032745,0.14500578,0.088144474,0.10180747,0.088222235,0.529887,0.087807514,0.011812549,0.05638946,0.1780807,0.06528419,0.21432464,0.1417504,0.058425177,0.067050375,0.3730416,0.16076848,0.0071603274,0.07182731,0.051371004,0.09074176,0.24521331,0.013552155,0.05723128,0.053349487,0.26820785,0.29782,0.68328243,0.07638834,0.3022506,0.17375578,0.23190673,0.03774161,0.033059157,0.09494453,0.03163439,0.035632458,0.089928776,0.038743407,0.096269354,0.089859545,0.16043502,0.18227248,0.2725191,0.03915669,0.041867554,0.09897387,0.2969927,0.028608738,0.26797295,0.79350257,0.51177174,0.041577403,0.33308724,0.05904221,0.12563652,0.009000476,0.03522664,0.032194376,0.01995874,0.017909192,0.50944924,0.029708996,0.21622488,0.02274559,0.17411356,0.012167276,0.037343375,0.09134231,0.33794537
BC2026_Train_0019_S22_20211104_200000_35,0.0015998397,0.01563288,0.004084685,0.07403294,8.547988e-07,0.08109415,0.0037144583,0.044639762,0.06762387,0.002635888,0.9401499,0.0072393417,0.0021168962,1.4147513e-07,1.3234214e-06,0.16429915,0.011038133,0.00017434156,0.08769441,0.011873068,0.28684217,0.00036092498,0.062093906,0.004070089,0.39898798,2.607871e-05,0.017419137,0.069898106,0.025667772,0.5030804,0.0064927526,0.0031752873,0.03308944,0.0062380265,0.0029841764,0.004080369,0.01736362,0.0020894017,0.0038564913,0.010610854,0.022200756,0.0031069992,0.013444233,0.00790065,0.0014127878,0.0014127878,0.016596302,0.00302001,0.0022379505,0.0026941577,0.0036511885,0.003832218,0.003832218,0.009208725,0.0033674147,4.2448934e-07,0.00620666,0.0022771228,8.568193e-05,0.014863095,0.047627024,0.000838016,0.08806609,0.9940802,0.004358686,0.0012086115,0.010005691,0.0004645038,0.0005447106,0.03428843,0.0062963055,0.00023221002,0.037879806,0.06469818,0.047251884,0.040580392,0.06593337,0.3862754,0.06011015,0.047862664,0.18293673,0.023330765,0.5893661,0.030250229,0.09690053,0.09892928,0.06668212,0.16009636,0.2598301,0.4249951,0.15802142,0.3693429,0.098805994,0.048813425,0.32115942,0.18751097,0.335106,0.085183665,0.39601326,0.039410546,0.055983,0.052860405,0.22731301,0.6631891,0.7325142,0.057473265,0.032947224,0.0070826467,0.24331777,0.034097876,0.08335276,0.30411768,0.09456055,0.2860111,0.8837538,0.1797182,0.02088499,0.039996628,0.044276334,0.50830555,0.41436702,0.2029196,0.13578309,0.15257727,0.35307464,0.12815443,0.035508394,0.11307815,0.029329857,0.13558225,0.12709613,0.31628442,0.036343202,0.050863113,0.090777256,0.07279313,0.12456916,0.31308073,0.31215054,0.57893157,0.020119052,0.046780568,0.15093863,0.16750494,0.08149887,0.015293771,0.15637717,0.05125012,0.26867962,0.075332865,0.08355262,0.034629025,0.14810197,0.05222979,0.07687121,0.12454126,0.046334628,0.025489952,0.035164963,0.39529225,0.009355362,0.10979103,0.04380087,0.13623823,0.078098714,0.16388774,0.08301703,0.081421115,0.09009387,0.44559276,0.098257504,0.025063584,0.04742178,0.16721264,0.071756385,0.20164326,0.058588374,0.06985001,0.1085504,0.50704604,0.15750407,0.005268192,0.073812604,0.06169513,0.064359345,0.22740327,0.010561724,0.080571905,0.03437008,0.2644434,0.2703935,0.496884,0.077772856,0.35470727,0.19451657,0.24787523,0.043288894,0.04125244,0.08602221,0.028112195,0.041636713,0.08840279,0.03701551,0.09097736,0.12830044,0.17396349,0.15704295,0.23998508,0.040962312,0.03816748,0.1961672,0.22114675,0.028664974,0.21577196,0.7423987,0.48020968,0.07092991,0.4531749,0.056592427,0.09783074,0.011610415,0.03644451,0.031240208,0.02095181,0.017330626,0.42046335,0.03804835,0.12000382,0.021677926,0.19348836,0.014285836,0.024008041,0.11305593,0.29874936
BC2026_Train_0019_S22_20211104_200000_40,0.0011593442,0.010359523,0.0023935286,0.06683084,1.0901832e-06,0.14209431,0.005428187,0.043424502,0.052783124,0.0022830267,0.9625149,0.004656165,0.002723701,1.3925937e-07,1.2996522e-06,0.13834144,0.014580081,0.00016783424,0.16278711,0.023544483,0.37479344,0.0005306182,0.034085143,0.0044548423,0.2983733,3.377262e-05,0.022722498,0.11320012,0.019201186,0.6167332,0.0035780142,0.0022729253,0.0151754925,0.004265945,0.0030056578,0.0030201124,0.012509136,0.0015130742,0.0021744096,0.006766343,0.013274065,0.0016202894,0.010688272,0.005665416,0.0007312045,0.0007312045,0.010941414,0.00196327,0.0015765496,0.0018943244,0.0027811567,0.0028283969,0.0028283969,0.0057566473,0.0018377159,4.08543e-07,0.006232699,0.002354723,9.808208e-05,0.013230198,0.097874716,0.001035522,0.10154168,0.99611855,0.0043535684,0.0010140782,0.010874482,0.000662113,0.0007996757,0.01834788,0.006315676,0.00022139425,0.028987003,0.106724985,0.0561941,0.073771276,0.07566439,0.3081587,0.06592179,0.081336245,0.26069424,0.028808512,0.59234333,0.0359029,0.11193717,0.09324234,0.073242046,0.15812549,0.20263304,0.28432992,0.11980275,0.21295516,0.06814477,0.045794725,0.1898949,0.27640268,0.33567643,0.0856871,0.18103543,0.033896003,0.045975644,0.07960673,0.30520278,0.7032266,0.6575503,0.058642186,0.020142747,0.0077709504,0.2572356,0.06105988,0.10506023,0.37861466,0.075725704,0.25916022,0.9011742,0.13791712,0.022332145,0.033002663,0.081653506,0.47046778,0.4108449,0.18188007,0.12006995,0.17027427,0.3750731,0.114083596,0.060981054,0.070615545,0.029207561,0.10268771,0.28527173,0.30534756,0.032104764,0.04731323,0.0743854,0.10070495,0.08456366,0.3569476,0.22890884,0.3166909,0.022581587,0.034420166,0.17837027,0.1534679,0.10729856,0.017430272,0.14563228,0.04780823,0.18173262,0.092771254,0.07272931,0.034827113,0.15953816,0.052710887,0.08263732,0.08790559,0.029703856,0.019414023,0.030496137,0.23697227,0.008706894,0.071802124,0.045645464,0.24502754,0.053093687,0.16234745,0.046274927,0.059237912,0.105869845,0.43676245,0.08259984,0.010001696,0.04246812,0.12898646,0.040293165,0.14361413,0.059164174,0.05893481,0.12908636,0.22510912,0.22793667,0.006960336,0.065003626,0.058030795,0.17212303,0.25967628,0.015694596,0.044843696,0.036470465,0.19729814,0.27942568,0.6136066,0.0571259,0.30275327,0.17963226,0.22606236,0.047242176,0.03919223,0.13641456,0.020594753,0.038623273,0.07865253,0.036220316,0.121341564,0.08220924,0.18385199,0.2511626,0.26637778,0.038287476,0.039231293,0.0701853,0.2592135,0.021521877,0.24146448,0.7452021,0.38659084,0.05213249,0.34303263,0.047183264,0.139999,0.008582193,0.03783784,0.0204773,0.015801668,0.020972932,0.3254964,0.025771696,0.1288662,0.017490061,0.16797759,0.010193722,0.04009317,0.10304215,0.28800505
BC2026_Train_0019_S22_20211104_200000_45,0.0008443903,0.009511379,0.0030202493,0.062011745,1.030776e-06,0.097615294,0.005487672,0.057325654,0.07746313,0.0019896706,0.9820249,0.0073860167,0.0018160826,1.3674168e-07,1.2752431e-06,0.070425235,0.017949022,0.00015649907,0.076285556,0.010523401,0.3421047,0.00037083993,0.04936264,0.0026267106,0.27724338,3.2704924e-05,0.015685162,0.115739755,0.015955053,0.50623953,0.0030497592,0.0018210354,0.0134823425,0.003707416,0.0030205948,0.002623469,0.011405409,0.0012673007,0.0017629708,0.005784708,0.011794987,0.0013791507,0.009347477,0.0049201758,0.00061043754,0.00061043754,0.009302151,0.0016134339,0.0011857378,0.0014879974,0.0022585804,0.002298215,0.002298215,0.005124601,0.0016477896,3.5904188e-07,0.0062312246,0.001592047,0.00010190743,0.010988664,0.049128044,0.0011522225,0.09300982,0.9938915,0.0038278217,0.0010602477,0.01275922,0.0005766841,0.0007664255,0.037229367,0.006319966,0.000262419,0.028939746,0.06587082,0.045596607,0.02312396,0.052910995,0.26532817,0.051077977,0.098042294,0.31560346,0.0345915,0.7012134,0.037553858,0.07046871,0.07618775,0.057786137,0.16384418,0.18739304,0.14100066,0.19928297,0.17161095,0.103083685,0.04304953,0.22665957,0.22070086,0.30732152,0.14514022,0.1915075,0.049007595,0.054021146,0.05180492,0.21487829,0.627849,0.65822846,0.07687126,0.022003923,0.008088021,0.30983523,0.06453404,0.10349008,0.37576988,0.07953099,0.3821759,0.86079633,0.11924314,0.028108768,0.051708076,0.04841763,0.60130566,0.26343733,0.20713377,0.08959587,0.13595581,0.22990961,0.1328743,0.048146453,0.0765388,0.02671516,0.10787704,0.21206331,0.3011777,0.026532758,0.0536495,0.06713026,0.13973999,0.12121859,0.35470864,0.2624665,0.3837818,0.016169239,0.11027944,0.21391813,0.15173857,0.08552524,0.025346277,0.113351166,0.06836731,0.18964519,0.09042022,0.075905904,0.02164755,0.14516768,0.056638874,0.07803918,0.08091486,0.027368793,0.023290278,0.03607437,0.25515234,0.008322846,0.09968413,0.039310236,0.15617697,0.058116734,0.13584441,0.05459061,0.11013242,0.16598569,0.6135216,0.09631355,0.014597984,0.045468565,0.09879832,0.060953986,0.1269603,0.11994258,0.049568996,0.09872493,0.27726555,0.13291098,0.0063059996,0.09076625,0.081546046,0.08378951,0.36555943,0.013265215,0.045378152,0.028187882,0.18849403,0.3347773,0.6230894,0.09398498,0.31020486,0.18907784,0.20477551,0.05121457,0.031536486,0.09682272,0.037881643,0.039141174,0.058015674,0.04829561,0.11872664,0.07033928,0.20226179,0.14497972,0.28409886,0.050516993,0.052503403,0.11279138,0.27065885,0.03490149,0.21306607,0.75816625,0.34473926,0.041679744,0.37043005,0.05042269,0.15449658,0.010338247,0.041743413,0.017964082,0.019649824,0.017680397,0.36848497,0.026227886,0.11968192,0.028371062,0.2029308,0.011187459,0.04410571,0.11614338,0.33966964
BC2026_Train_0019_S22_20211104_200000_50,0.0008984321,0.007215682,0.0022186767,0.066432394,9.3933727e-07,0.05529913,0.0048542325,0.039833594,0.054537416,0.0018801634,0.9206108,0.005322052,0.002000721,1.3358093e-07,1.2476198e-06,0.12735628,0.01620468,0.00014401246,0.1339798,0.020453071,0.46694398,0.00037489051,0.10077798,0.001991765,0.3426737,3.3663986e-05,0.008044846,0.05112672,0.011287479,0.3747661,0.002617909,0.0014000541,0.010317302,0.0032799284,0.0029955283,0.002218633,0.0071593216,0.00082592614,0.0013924398,0.005066872,0.008500101,0.0010632293,0.0062576523,0.0032676375,0.000437749,0.000437749,0.006008202,0.0011067416,0.0008515462,0.0010254312,0.0016508955,0.0017048203,0.0017048203,0.0036811267,0.0028937238,4.3395133e-07,0.0062102666,0.0020670034,0.000117046286,0.013626611,0.06351876,0.0017377272,0.08284457,0.9920567,0.0055477284,0.00065115525,0.011232815,0.0007277898,0.00062215497,0.017283667,0.0062921243,0.00029375427,0.04495101,0.13901141,0.031698175,0.032459114,0.05092919,0.30634826,0.04018991,0.063081235,0.2747165,0.022347804,0.6429435,0.029870357,0.07362083,0.11223808,0.07229897,0.28543016,0.22263098,0.12727658,0.22889905,0.17612642,0.08226763,0.07420858,0.22822939,0.20297931,0.36132458,0.06174017,0.20431551,0.0492404,0.0339988,0.1012506,0.30186725,0.62598616,0.62539655,0.07694807,0.023589287,0.010128903,0.16086225,0.050064504,0.14253879,0.48677528,0.06763285,0.22803484,0.7930616,0.13647917,0.024069406,0.040263567,0.054580692,0.54771614,0.26938525,0.2183796,0.07522876,0.123144835,0.35694978,0.10269033,0.04296232,0.054738805,0.024790568,0.092831954,0.20046592,0.3461891,0.019170083,0.050074838,0.07392771,0.14818026,0.07857355,0.4384742,0.2477454,0.3813646,0.02275096,0.032711234,0.20030813,0.17899549,0.053815152,0.015738178,0.12513003,0.046566844,0.29114184,0.056815673,0.09573336,0.030994818,0.11877566,0.052797925,0.04379249,0.10332594,0.029080838,0.017311508,0.0320841,0.32764086,0.008675175,0.08523017,0.0352088,0.18128487,0.053205524,0.14552554,0.06880645,0.074060954,0.09443354,0.4355009,0.08764411,0.010354239,0.043796495,0.12587197,0.0527294,0.20770907,0.13809356,0.055755433,0.06927593,0.24092802,0.11869123,0.0059766863,0.06968275,0.04296742,0.13753237,0.33756796,0.011072135,0.06218612,0.04427929,0.30767882,0.213662,0.6966316,0.047883775,0.28860897,0.197285,0.20593132,0.054983098,0.04053669,0.09709742,0.028234437,0.029177984,0.17033802,0.030403329,0.14900973,0.07425521,0.19319884,0.2192522,0.21815716,0.06663555,0.05420882,0.085398465,0.28782913,0.023467392,0.12935548,0.65436566,0.37156433,0.052740507,0.36631984,0.056594178,0.16675079,0.009621929,0.02527313,0.025771374,0.030543882,0.014485371,0.3339802,0.03936766,0.18290235,0.020358898,0.18270765,0.013626451,0.04612016,0.11776991,0.2874407
BC2026_Train_0019_S22_20211104_200000_55,0.0015699062,0.008566882,0.0027224617,0.13061002,5.8359933e-07,0.10248753,0.0041989814,0.03304137,0.022812854,0.004858956,0.98059285,0.004538294,0.002563017,1.3535045e-07,1.1451954e-06,0.07953405,0.013173034,0.00014507894,0.08032789,0.01078301,0.14474806,0.00048713406,0.02271749,0.0024329394,0.21535227,3.6103123e-05,0.010392933,0.108719215,0.018268792,0.5210339,0.002561632,0.001274543,0.014116573,0.0025457162,0.0031015947,0.0017501573,0.0074985246,0.0010351028,0.0014475314,0.004594068,0.011996589,0.0010984937,0.0063188374,0.0031791334,0.00046126556,0.00046126556,0.0074905455,0.001303582,0.0010095203,0.0012515789,0.001564544,0.0015870347,0.0015870347,0.0041350056,0.004113409,3.4411605e-07,0.006236853,0.0019971763,9.4123876e-05,0.015009673,0.106697075,0.00067686936,0.05777495,0.67479825,0.0035216645,0.0006583051,0.014289862,0.00066012953,0.00081465306,0.021029495,0.006270225,0.00024873303,0.035568044,0.07376339,0.0490369,0.058170985,0.0686832,0.2625509,0.039787974,0.09474792,0.42961708,0.031638566,0.7467772,0.02070794,0.090654805,0.095322765,0.074174404,0.15972842,0.18204385,0.09743153,0.11105173,0.22163229,0.03821474,0.036765035,0.20067449,0.27019322,0.43236455,0.1584906,0.17539653,0.058744617,0.043196645,0.05614412,0.37020627,0.7512907,0.71135396,0.10492942,0.028124752,0.009859307,0.16780673,0.068076365,0.06830162,0.50867075,0.06432496,0.22032268,0.14972548,0.10520573,0.048315108,0.07913412,0.06838796,0.588219,0.49995703,0.22275324,0.098945975,0.20980626,0.46842527,0.06871339,0.03838103,0.07777595,0.033738915,0.06466994,0.20671903,0.28859425,0.025947103,0.053474214,0.10686547,0.036604412,0.15359594,0.52985543,0.21524148,0.50821793,0.024596727,0.021044757,0.101424225,0.09887936,0.11484328,0.023772968,0.22511326,0.08955623,0.15720236,0.08252136,0.13876112,0.02338153,0.15633261,0.058760706,0.061398383,0.14317822,0.042903736,0.023197567,0.04125969,0.19925204,0.0052675777,0.10047873,0.043615084,0.18911555,0.061188966,0.14462256,0.13116382,0.104936264,0.04992452,0.5177918,0.091114976,0.018164549,0.07406959,0.1603366,0.05806651,0.3437008,0.08730175,0.07983824,0.111579016,0.39035466,0.1510059,0.0074596675,0.07039405,0.071559854,0.31393632,0.08461683,0.007703223,0.050348196,0.04933278,0.15724626,0.2114942,0.6326406,0.071552545,0.39450344,0.28118053,0.29767308,0.043235403,0.043953806,0.08088576,0.03966304,0.033136643,0.086158276,0.034602582,0.11446536,0.08645114,0.20910993,0.20799313,0.30920076,0.046678584,0.037672553,0.07800901,0.29555383,0.034339428,0.13991606,0.8008001,0.4321522,0.04523737,0.37009248,0.05242735,0.40717852,0.009305409,0.041137405,0.029084839,0.029773835,0.020686472,0.44193387,0.056810394,0.2556553,0.021761002,0.2378854,0.009736562,0.06848042,0.14344455,0.28622586
BC2026_Train_0019_S22_20211104_200000_60,0.0015584495,0.008404506,0.0027270853,0.122467354,5.4673e-07,0.09671262,0.0050226576,0.050021753,0.034076244,0.0048721097,0.95528746,0.009520491,0.0021866185,1.3578763e-07,1.1934061e-06,0.0558158,0.008997964,0.0001927661,0.03778462,0.013027093,0.10650003,0.0003718473,0.023340603,0.002956101,0.34455323,3.3830198e-05,0.0064614313,0.13294241,0.012875822,0.45042405,0.0024829817,0.0010964024,0.013705438,0.003064023,0.0030614105,0.0016315315,0.0062674815,0.0010479926,0.0014104843,0.004697086,0.013110023,0.0010573871,0.0056403647,0.002882331,0.00043154036,0.00043154036,0.0077861426,0.001223743,0.0010607318,0.0012973187,0.00143063,0.0014422263,0.0014422263,0.0039446945,0.004175412,3.1384798e-07,0.006221589,0.0018407431,8.974428e-05,0.009677105,0.059215844,0.000751449,0.047372285,0.6562414,0.0032330237,0.00062108255,0.016919961,0.00064065965,0.0006445844,0.028035698,0.0062414277,0.00022236859,0.03581644,0.06894522,0.04273803,0.040454168,0.04027806,0.3037333,0.04104622,0.07579451,0.3713028,0.030781193,0.7348384,0.019242058,0.0988247,0.112176314,0.09488143,0.28814027,0.16073826,0.15032962,0.15355012,0.29770598,0.028502325,0.026274614,0.15031096,0.22370976,0.46578985,0.21052091,0.13148254,0.039050918,0.034156606,0.06946562,0.39278558,0.6990775,0.73483145,0.06655276,0.026523713,0.00809162,0.16568762,0.09780363,0.111023016,0.57038873,0.061392836,0.2387803,0.16644643,0.09929947,0.034309205,0.050923042,0.084061116,0.6414857,0.32860556,0.19933566,0.09943261,0.19736382,0.46176034,0.08881025,0.04642126,0.07164234,0.036254548,0.08862393,0.1657938,0.2690747,0.023107708,0.049312685,0.076581426,0.04077971,0.097365074,0.48370835,0.19146729,0.51244414,0.016115522,0.023891993,0.11947583,0.10807041,0.0716664,0.018854877,0.20683795,0.093291685,0.15973783,0.08910597,0.12949911,0.028314808,0.17838164,0.06741373,0.059009995,0.11555505,0.04093834,0.025837272,0.036075935,0.17995298,0.0044639152,0.09698902,0.038172845,0.1999181,0.06647392,0.12746999,0.14498064,0.114620246,0.057420827,0.5811563,0.0915432,0.014130979,0.06257862,0.11361269,0.0428843,0.17481822,0.07517771,0.07552188,0.103478946,0.3008489,0.21841893,0.008362297,0.0713057,0.054886345,0.10156548,0.074207395,0.008134795,0.061751418,0.03482621,0.2938538,0.18703075,0.6592133,0.057412926,0.33113244,0.29863834,0.23970021,0.049997028,0.0346944,0.08427773,0.026517522,0.041509688,0.07992793,0.041749064,0.15559961,0.10689802,0.20081653,0.2462466,0.23310728,0.037014548,0.038070995,0.059878938,0.3331104,0.04118043,0.12277236,0.75747776,0.5301413,0.08507487,0.29349086,0.047976173,0.27398005,0.009484939,0.04046296,0.030626211,0.023680275,0.013315926,0.43561956,0.034421798,0.16050209,0.021203822,0.21315783,0.00804277,0.057824742,0.11947057,0.21554378
BC2026_Train_0020_S22_20211104_231500_5,0.008110975,0.015988816,0.0022600275,0.3567529,3.008067e-06,0.024927199,0.01848633,0.014231267,0.013977439,0.013781165,0.92089045,0.008563669,0.0015281995,1.3909094e-07,1.931316e-06,0.034008674,0.0020681652,0.00020318452,0.11316131,0.007541574,0.08105734,0.00016519049,0.017276501,0.003771647,0.18980806,4.224677e-05,0.022012303,0.072487906,0.013789221,0.28926125,0.008283751,0.0034017973,0.023957552,0.013550101,0.0030753799,0.0050655208,0.019392729,0.0023736446,0.005070519,0.008917821,0.026647083,0.0041279574,0.013955698,0.008886849,0.0014248486,0.0014248486,0.017663663,0.003158939,0.0020132985,0.0028369345,0.0045040036,0.00448831,0.00448831,0.0111497585,0.0052499794,4.3257555e-07,0.006844265,0.0039916425,9.391261e-05,0.01079036,0.05131109,0.0005905883,0.07520131,0.9671662,0.0049672658,0.0037752076,0.032465924,0.0014235618,0.0010116887,0.06371713,0.006780736,0.00031141742,0.023039753,0.13790052,0.13917425,0.0753872,0.060966965,0.38891447,0.06573026,0.030258786,0.2304859,0.03394128,0.75444764,0.016982106,0.1036056,0.07608817,0.0917434,0.50852674,0.13202186,0.17599823,0.14384891,0.08901544,0.056536794,0.038684886,0.118336715,0.1351361,0.20573908,0.2264107,0.24909656,0.14515702,0.063592285,0.03982006,0.35906184,0.9292089,0.8181298,0.14288025,0.023637714,0.01111199,0.42436233,0.036775466,0.041831523,0.47545782,0.033286076,0.23279843,0.7859491,0.11682061,0.042315483,0.15562949,0.052925393,0.5633183,0.2124775,0.44964623,0.14109853,0.18388085,0.42618045,0.36861274,0.17172919,0.06286986,0.037370674,0.10398503,0.13335288,0.284036,0.042616516,0.10754291,0.15992112,0.07893819,0.13637199,0.2923728,0.27063724,0.56144977,0.023575477,0.18842168,0.10157064,0.07751614,0.15080662,0.017843097,0.105939604,0.07297363,0.17387979,0.15960987,0.08211126,0.07313429,0.1492288,0.034750413,0.22373454,0.041974794,0.037158728,0.031627685,0.08145497,0.20800352,0.010399127,0.23438738,0.028863495,0.067937806,0.1095045,0.15620045,0.08993115,0.10035087,0.16369791,0.5952975,0.29722744,0.036937274,0.0361268,0.13835114,0.123130396,0.15274356,0.10296289,0.26234904,0.047988977,0.24200341,0.18531343,0.016047366,0.10882612,0.04959692,0.066331826,0.19035558,0.01945169,0.08270916,0.04749322,0.40684494,0.46785426,0.3771174,0.11832232,0.3692049,0.098116696,0.16825037,0.06355544,0.044026617,0.18297869,0.036835834,0.116325304,0.037624888,0.06771407,0.18952613,0.12921093,0.25462875,0.53280914,0.42256948,0.052703224,0.27832136,0.09738583,0.22791114,0.044672873,0.4345747,0.9398539,0.850721,0.14467074,0.41322175,0.09034837,0.06845713,0.01824773,0.059428856,0.04218519,0.076337256,0.052634366,0.39744022,0.03958638,0.10662855,0.04028761,0.13568754,0.01158991,0.03041694,0.057357498,0.4013303
BC2026_Train_0020_S22_20211104_231500_10,0.008058857,0.022876771,0.0019962864,0.37890413,2.709095e-06,0.028446522,0.02252846,0.04396052,0.019702543,0.01939706,0.9822638,0.01120738,0.0021087374,1.4277038e-07,2.1788144e-06,0.059274826,0.0022262537,0.00021552022,0.12115573,0.00516983,0.08828266,0.00020113472,0.02187773,0.006435856,0.23275429,5.182664e-05,0.026967036,0.06456531,0.014030091,0.3028649,0.009548278,0.005683599,0.032530162,0.017982012,0.003070964,0.0077964854,0.029749846,0.004506603,0.00650004,0.015731335,0.031390395,0.006173676,0.024144776,0.013756281,0.0031195432,0.0031195432,0.02867109,0.0052803457,0.003916487,0.0052967006,0.007795633,0.00798769,0.00798769,0.013033855,0.0048775934,4.3442384e-07,0.0069214115,0.021282565,8.973622e-05,0.010297619,0.10034447,0.0004363242,0.16998772,0.9659696,0.0110266125,0.0051778518,0.030146636,0.0009817029,0.0011883822,0.059047773,0.006836887,0.00036181856,0.025351994,0.10308724,0.11993051,0.062300164,0.041741338,0.29166335,0.072081655,0.044861373,0.2559663,0.029818486,0.67756957,0.023826784,0.10458238,0.10863946,0.12653361,0.6501444,0.10314582,0.10827217,0.2320143,0.09386949,0.04720925,0.046837866,0.40138912,0.12987427,0.15814552,0.3825412,0.38951573,0.21535632,0.0955037,0.04158116,0.27989125,0.9006802,0.72799623,0.12504078,0.031387325,0.009564139,0.4421103,0.041087117,0.03863962,0.31252003,0.0623189,0.38895762,0.6594015,0.13158329,0.04193245,0.14030506,0.04328722,0.38837007,0.18149652,0.3312724,0.14603786,0.16339996,0.31164327,0.24018513,0.10811474,0.08471419,0.03282829,0.10683104,0.07577135,0.39364234,0.061176307,0.13382635,0.12161192,0.06604028,0.1684464,0.281768,0.26205355,0.6549359,0.025615482,0.22243741,0.16432944,0.087534815,0.16252941,0.021379583,0.107937604,0.13723832,0.10167881,0.10831076,0.09091485,0.10265554,0.13149318,0.044759233,0.34799495,0.0540354,0.06390361,0.025456175,0.07749832,0.18775572,0.014117871,0.24841997,0.027567923,0.0986703,0.08989082,0.19227688,0.05864736,0.11247765,0.1463331,0.49185845,0.23684683,0.014119558,0.041124437,0.17596228,0.05629073,0.15704726,0.06743595,0.5833547,0.061896738,0.25470933,0.15139301,0.017515682,0.08915101,0.04871045,0.06945856,0.17293961,0.014806779,0.035572756,0.03846121,0.29889983,0.4367007,0.36594957,0.4812913,0.34860137,0.08292936,0.13007787,0.04162236,0.037862983,0.076402016,0.027943233,0.12906687,0.03706937,0.06804446,0.20625007,0.11727588,0.21415459,0.79147094,0.36253023,0.060345106,0.23210227,0.0614465,0.31437778,0.037442517,0.30476305,0.9285941,0.7698264,0.12813419,0.49626672,0.062214147,0.10160553,0.01282899,0.053583678,0.03124007,0.061336424,0.100180246,0.29134035,0.041551262,0.1650181,0.06408314,0.1333111,0.010974685,0.05115179,0.04575342,0.28956556
BC2026_Train_0020_S22_20211104_231500_15,0.004689898,0.016751062,0.0015945794,0.35153103,8.915312e-06,0.03861231,0.011482147,0.021390839,0.013350573,0.02377347,0.9448186,0.0046789986,0.002411623,1.3317255e-07,2.2747754e-06,0.032907125,0.0019032091,0.0002341259,0.098099485,0.0056227366,0.10361419,0.00016880907,0.02544324,0.0037669395,0.15489896,4.593011e-05,0.00874263,0.065756544,0.011375462,0.22637047,0.0073036463,0.0042266613,0.025233855,0.01579564,0.003057735,0.00580179,0.021021148,0.0034120583,0.005496846,0.013604741,0.021088095,0.0048085987,0.016757095,0.009105748,0.0022467624,0.0022467624,0.020012967,0.0039826077,0.0029787088,0.003828743,0.0057570757,0.0059346324,0.0059346324,0.0086043775,0.0053317416,4.467445e-07,0.0069259307,0.031602662,0.00010873389,0.013930302,0.09543069,0.0005417733,0.10226775,0.96849155,0.010815142,0.02520229,0.019422468,0.0013815966,0.0012910314,0.058029927,0.0068075536,0.00038130497,0.022948608,0.1490998,0.0776042,0.08528591,0.04916489,0.37978095,0.08388776,0.034890357,0.15429705,0.02096501,0.75036633,0.013948768,0.10097229,0.12249091,0.09995291,0.66273904,0.09066883,0.08863605,0.19218235,0.105447136,0.0328004,0.037859585,0.36091137,0.14086269,0.08684826,0.24896102,0.31056914,0.14601594,0.06609816,0.025800334,0.3271275,0.880056,0.79572177,0.10624754,0.020014727,0.012304251,0.281534,0.035823748,0.042018924,0.44599298,0.050601646,0.33169353,0.7539403,0.10765444,0.03861182,0.12499983,0.05122874,0.26670858,0.18446723,0.24846365,0.06972694,0.13338412,0.35970214,0.12259881,0.16280821,0.06920163,0.027193604,0.15321122,0.0761099,0.36294678,0.052439116,0.12884167,0.11835471,0.085807286,0.1302077,0.29469368,0.36928266,0.65002155,0.019607158,0.13341218,0.10418056,0.09660874,0.19783406,0.02128581,0.07248291,0.31713477,0.08859142,0.18077277,0.052503776,0.08019759,0.14434092,0.055743538,0.08830416,0.0722003,0.04540492,0.021198077,0.07184005,0.17364584,0.0096553955,0.4220713,0.034292527,0.11122386,0.050662436,0.17969865,0.12765987,0.07595888,0.10204648,0.49298835,0.22754452,0.016838573,0.03248045,0.12056556,0.053386446,0.17940387,0.053704083,0.6517516,0.08886756,0.26576325,0.13494872,0.023596209,0.073919915,0.05900177,0.041610017,0.07797771,0.016785638,0.05031792,0.03259894,0.6235814,0.26180437,0.25818738,0.50285465,0.3445098,0.075833976,0.114057906,0.032884497,0.029660286,0.11806879,0.0383176,0.15726301,0.025912726,0.06884462,0.16151701,0.16889991,0.19340387,0.81676126,0.35749537,0.062818885,0.24144068,0.080450505,0.2519789,0.03077236,0.21215916,0.99375606,0.9109979,0.13446401,0.51604354,0.07744525,0.067178056,0.0149314515,0.058908135,0.0331707,0.061008323,0.10301494,0.21000327,0.052235033,0.08634284,0.025811061,0.12461159,0.013109052,0.042655367,0.05089227,0.34837434
BC2026_Train_0020_S22_20211104_231500_20,0.0073931417,0.012725853,0.001727639,0.40428865,3.453948e-06,0.042717744,0.007232504,0.017372187,0.014340129,0.018182935,0.53468657,0.0037647716,0.0031775455,1.4863572e-07,2.1146043e-06,0.03719648,0.0012981952,0.0002702029,0.06690224,0.008503,0.08445572,0.0001928412,0.027095636,0.004183779,0.15015006,4.677505e-05,0.00653497,0.07307944,0.012894327,0.24736692,0.005326986,0.0031334877,0.017685018,0.010559993,0.0030528563,0.0044577913,0.016977873,0.0020627596,0.0033828497,0.010629025,0.014206493,0.003546419,0.013586033,0.007845273,0.0015174188,0.0015174188,0.01458509,0.002741593,0.001913709,0.0025596817,0.004424906,0.004695422,0.004695422,0.0066088047,0.003058184,4.529109e-07,0.0069643073,0.050167914,8.844922e-05,0.015994368,0.051328193,0.00059385865,0.13660775,0.93726754,0.008169918,0.004016548,0.022264991,0.0021568616,0.00081418443,0.06495698,0.0068340995,0.0003875642,0.022315562,0.11193204,0.064056315,0.052474596,0.046486765,0.21693398,0.063519135,0.04100723,0.13203156,0.019925173,0.5475309,0.026854606,0.10395904,0.06322644,0.0746244,0.47136384,0.11536795,0.07345672,0.22952308,0.103595234,0.04234026,0.04065411,0.4589371,0.15523165,0.09166445,0.19857161,0.3032746,0.25565055,0.089382224,0.03715723,0.31056127,0.8880049,0.84944135,0.09338136,0.020144792,0.01325691,0.2547507,0.03758689,0.045053866,0.33789384,0.09368221,0.4052241,0.82213694,0.14867416,0.037725832,0.13349769,0.04681102,0.2614324,0.17877091,0.21389678,0.113216214,0.13663644,0.5280506,0.21506011,0.098291405,0.06144496,0.033032004,0.12209784,0.075261176,0.37870067,0.040897485,0.10633126,0.0797301,0.052890733,0.1660332,0.17835142,0.20214099,0.57392967,0.016970325,0.19078282,0.07211469,0.09185583,0.15382923,0.026688194,0.09215963,0.04852642,0.1042143,0.10434406,0.033813354,0.0838943,0.08236616,0.05118816,0.1170323,0.054995775,0.039745074,0.018983316,0.04860887,0.14733729,0.0060170386,0.41103566,0.031205637,0.06803816,0.06311609,0.12274197,0.06721054,0.08066078,0.11912722,0.44090918,0.19680326,0.012065672,0.036979195,0.08176288,0.059552528,0.2055987,0.0848658,0.5562686,0.07693696,0.21340506,0.09370721,0.016970795,0.094322346,0.0750584,0.029194823,0.08011491,0.018156398,0.049807414,0.037525713,0.3681127,0.16034928,0.17247118,0.41673338,0.28202555,0.0746409,0.13095002,0.03582994,0.039932355,0.106693216,0.038724367,0.12631321,0.024994154,0.09390971,0.16373129,0.105650045,0.21219005,0.79057795,0.45007682,0.066180296,0.19864818,0.0755656,0.25272706,0.031431086,0.227871,0.9301152,0.71728486,0.09714388,0.51586986,0.09134984,0.08327047,0.011717483,0.08972561,0.030026855,0.08456934,0.08796743,0.16136964,0.033001024,0.083727114,0.030133389,0.123773076,0.009012779,0.03332102,0.051636785,0.2847145
BC2026_Train_0020_S22_20211104_231500_25,0.005485921,0.015426364,0.0017910284,0.5045285,7.792365e-06,0.045657948,0.008368364,0.010541936,0.01654663,0.010087288,0.45099914,0.0076859267,0.0021982868,1.3750414e-07,2.318992e-06,0.050417833,0.0013406335,0.00022368274,0.07086465,0.004801895,0.06817964,0.00017892357,0.023779938,0.0052679097,0.20213576,4.3493204e-05,0.00942007,0.06330883,0.011644045,0.24048884,0.0065341806,0.0037980925,0.022669304,0.013147831,0.003072449,0.0058348626,0.019996272,0.0026158548,0.0041038753,0.014551118,0.018835645,0.004011236,0.015961338,0.008998803,0.0018976221,0.0018976221,0.01701783,0.0032296078,0.0023272631,0.0031449562,0.0052675707,0.005307566,0.005307566,0.007905738,0.00423288,4.546232e-07,0.006982111,0.029572863,9.3405186e-05,0.01198891,0.052810162,0.0007365602,0.09243871,0.90993893,0.009165642,0.021508306,0.017875802,0.0034419897,0.0009994658,0.06200219,0.0068544736,0.0003722435,0.025748756,0.18040411,0.12844126,0.105419345,0.07049069,0.34028605,0.14222477,0.046987776,0.14572185,0.021230472,0.47068712,0.019174596,0.08300002,0.07867779,0.17941654,0.59624696,0.0964809,0.11801149,0.20721853,0.16488527,0.038882636,0.04282294,0.33206448,0.13499981,0.11765561,0.16127458,0.3117888,0.2392938,0.06907232,0.032736663,0.22186111,0.89475006,0.71477747,0.113793604,0.022451567,0.012692945,0.31616214,0.044927385,0.04354445,0.42797607,0.07532234,0.20398872,0.64288026,0.17780173,0.027768908,0.15985426,0.047929145,0.24561769,0.15736778,0.21889354,0.11585853,0.14529502,0.3823251,0.13374309,0.113700844,0.08098965,0.04431393,0.08665623,0.104747415,0.35769504,0.03874615,0.15957196,0.11877392,0.060000602,0.15857081,0.46401092,0.5132636,0.5520939,0.01899971,0.1927019,0.108616635,0.08184788,0.16871858,0.020335792,0.06684335,0.045467105,0.12974834,0.100602664,0.04539167,0.072520554,0.08826937,0.064239316,0.13543199,0.07743627,0.050792687,0.037110116,0.10271555,0.12769692,0.0068341736,0.20436852,0.036269553,0.1179348,0.053294215,0.17455448,0.06342818,0.122601666,0.063019514,0.4292187,0.24331485,0.015205477,0.034935724,0.096560195,0.07699936,0.17808275,0.0837193,0.6182905,0.10096924,0.16928138,0.106675446,0.013048175,0.11217113,0.048200708,0.08385914,0.09854035,0.021339063,0.044428132,0.031434055,0.36156285,0.19468434,0.13083784,0.19789758,0.28319612,0.13324645,0.1263886,0.05184733,0.03869634,0.12882878,0.036820587,0.14444436,0.028342221,0.094939224,0.2593395,0.16067353,0.18403445,0.68204427,0.38902006,0.059375968,0.1620509,0.0777814,0.29802713,0.055266596,0.3893271,0.99535036,0.72473425,0.08462188,0.46111807,0.11080593,0.05434511,0.013175463,0.06937042,0.04179317,0.07338778,0.09273529,0.23864293,0.084727585,0.097828545,0.026054945,0.1340465,0.0141744735,0.030246235,0.05779143,0.24551801
BC2026_Train_0020_S22_20211104_231500_30,0.007810778,0.020991044,0.0020668001,0.5029984,1.1499095e-05,0.036181334,0.00748565,0.009418286,0.013168169,0.023027275,0.5830667,0.0070204064,0.0023619027,1.372766e-07,2.4683522e-06,0.07571268,0.0010451913,0.00023564936,0.0996572,0.005051129,0.05855011,0.00019175801,0.02775227,0.0051130992,0.119391054,5.2052448e-05,0.010970813,0.060478788,0.010795025,0.22282064,0.008165242,0.0044701556,0.028604178,0.019810196,0.0030739754,0.0065335664,0.023012837,0.0033171515,0.0057933195,0.018319508,0.0223397,0.0053104805,0.018935202,0.009976141,0.0025141672,0.0025141672,0.022603847,0.004218422,0.0032908167,0.00397234,0.006589357,0.0066145,0.0066145,0.009288313,0.007198732,4.91105e-07,0.0070131538,0.03637224,0.0001469045,0.01875721,0.07825276,0.00044452207,0.18633701,0.6760307,0.012616132,0.027586268,0.02096065,0.0021988766,0.002031226,0.05604509,0.006880751,0.00040474153,0.029494593,0.26169452,0.121273935,0.1611148,0.0601123,0.3064455,0.10797018,0.024250798,0.1117044,0.023723729,0.50121796,0.024891375,0.1218504,0.055011373,0.13399585,0.38561463,0.08230018,0.057612356,0.18844087,0.13049853,0.026461892,0.038549792,0.5689448,0.15443753,0.055872407,0.29591125,0.25751287,0.2066761,0.05347142,0.07537801,0.24645557,0.83284736,0.7054614,0.11332272,0.023545362,0.02305772,0.15485734,0.032006104,0.024452126,0.42170402,0.08379291,0.29081962,0.11781461,0.11748329,0.04045491,0.29901382,0.06813242,0.2460962,0.17076828,0.2450312,0.09506013,0.15859477,0.5719019,0.12718098,0.15737015,0.09053372,0.038482446,0.30861288,0.091319434,0.35993198,0.07111446,0.0742406,0.106921315,0.059898984,0.19037753,0.36030555,0.39887705,0.6021041,0.029475464,0.23960426,0.086691275,0.11300854,0.15656343,0.040799726,0.07964358,0.105112076,0.12507597,0.14393827,0.04151432,0.098751076,0.07173061,0.063880526,0.1623914,0.05872566,0.05249883,0.021702599,0.0686296,0.122882806,0.009926276,0.21761791,0.03129813,0.075996935,0.048061002,0.19269378,0.18149719,0.09047158,0.049675237,0.38113323,0.297308,0.01708176,0.036636125,0.11037304,0.07297166,0.20752361,0.095323846,0.5198585,0.08754859,0.21080725,0.13464756,0.032645177,0.08159417,0.04434862,0.06522927,0.051746234,0.014875296,0.06115155,0.03528613,0.86691654,0.124261454,0.22041322,0.57507,0.4213559,0.13511005,0.11034348,0.04417405,0.027712015,0.088564865,0.050244335,0.20335276,0.021886611,0.0345878,0.16417193,0.12687637,0.2554541,0.8451915,0.36738274,0.06084835,0.24155721,0.07365637,0.25624937,0.04843087,0.1969503,0.995017,0.8440014,0.28106675,0.625802,0.13309744,0.047428384,0.018341236,0.094792835,0.032304782,0.21034166,0.1891165,0.2017155,0.06948125,0.09903955,0.021748329,0.13081366,0.011468949,0.033544853,0.052413978,0.18515903
BC2026_Train_0020_S22_20211104_231500_35,0.006354504,0.021690827,0.0021257887,0.49107432,2.9792895e-06,0.051036004,0.01883713,0.011421454,0.017594473,0.03561156,0.71521086,0.009271874,0.0028961475,1.4215671e-07,2.2586423e-06,0.06442073,0.0014371036,0.00023167794,0.113186166,0.007360976,0.052316986,0.00024437942,0.03799206,0.004206648,0.19431625,5.9370097e-05,0.012767926,0.074858814,0.0104171485,0.2750708,0.01051217,0.00375871,0.03281468,0.023324952,0.0030834025,0.005367615,0.020856017,0.0029732417,0.007105965,0.01580339,0.027262785,0.005886293,0.017672252,0.00927375,0.0019417282,0.0019417282,0.02060189,0.0042452156,0.0030910957,0.0034515965,0.006098414,0.0059668445,0.0059668445,0.01137056,0.006177498,4.433397e-07,0.0070063854,0.034760103,0.00012394828,0.015072013,0.09029756,0.00052812515,0.13007234,0.72364324,0.013437652,0.0062421123,0.025657425,0.0012311252,0.00125245,0.06685784,0.0068451413,0.0004195273,0.023993421,0.110933036,0.09495986,0.057886615,0.054794125,0.26771107,0.0870279,0.03858812,0.20917033,0.019971058,0.47162306,0.021601496,0.14764516,0.068260804,0.21120684,0.4547723,0.10847036,0.05370993,0.21830699,0.1568052,0.029259726,0.032822587,0.5201063,0.19068736,0.057134133,0.29536396,0.27051136,0.14077203,0.05093368,0.09095852,0.22342983,0.90240765,0.7778506,0.09331781,0.02362557,0.022799138,0.14637296,0.033690974,0.040058196,0.43307203,0.07422884,0.2563997,0.11329757,0.15182272,0.04852298,0.3930575,0.0444189,0.24147767,0.18716055,0.20900726,0.09495195,0.18584934,0.45906347,0.14161658,0.08292003,0.06401432,0.035554532,0.23332568,0.081852004,0.36246473,0.062497824,0.060644567,0.07954104,0.051658973,0.17160267,0.2734179,0.24530461,0.53147596,0.029131575,0.18287681,0.081558995,0.08264028,0.16849507,0.038472533,0.06885883,0.12717225,0.11488836,0.12081508,0.067008965,0.09799009,0.088403456,0.058597203,0.11899324,0.051185668,0.029242912,0.027625147,0.07979748,0.14760138,0.008262838,0.21646549,0.03760951,0.07453418,0.054203585,0.13201408,0.13472252,0.095360965,0.06588253,0.39963344,0.44529563,0.014687557,0.03182122,0.074044965,0.07028506,0.21825914,0.05420568,0.4474738,0.06403633,0.18186185,0.071770266,0.023228135,0.07535807,0.044888336,0.041131277,0.047515087,0.015140683,0.07113682,0.047347493,0.96429366,0.19032487,0.35112002,0.5046431,0.31124207,0.11596455,0.13421659,0.06390821,0.030563455,0.15549953,0.06967513,0.14409533,0.040341627,0.044482656,0.13167258,0.14681259,0.1930684,0.73949933,0.35919097,0.05995922,0.20958163,0.07848727,0.17658792,0.056196056,0.16565213,0.9239264,0.73992646,0.25817987,0.35012016,0.084936716,0.055855073,0.01426158,0.07022035,0.053578783,0.35887063,0.07446056,0.19883026,0.03872491,0.08527711,0.026417917,0.19214988,0.009461668,0.03947111,0.061031524,0.26434845
BC2026_Train_0020_S22_20211104_231500_40,0.008172239,0.022062864,0.0022585823,0.36846697,6.3984276e-06,0.03519279,0.015211166,0.015486393,0.016542174,0.028809423,0.8693813,0.01783782,0.0016562387,1.438353e-07,2.3148739e-06,0.057440322,0.0014003636,0.00023473034,0.0725435,0.005077768,0.07357701,0.00015051907,0.012459177,0.0045828866,0.19944029,4.8877286e-05,0.01471215,0.057801798,0.01253616,0.23704271,0.009795867,0.0037309742,0.035955176,0.024771383,0.0031786056,0.0061794147,0.023317857,0.0033299234,0.006691058,0.018561143,0.030636119,0.005207342,0.018727142,0.009772918,0.001870597,0.001870597,0.020951545,0.0038514764,0.0029451298,0.0034804,0.005907164,0.005657894,0.005657894,0.012224543,0.0055198534,4.725563e-07,0.007029809,0.004969644,0.0001369001,0.015133659,0.06252273,0.00058793585,0.08475401,0.90148026,0.0066573145,0.014908594,0.018402271,0.0016183215,0.0012046137,0.056435242,0.0068960455,0.00032388844,0.032241546,0.09138026,0.088506855,0.05303898,0.07104612,0.28723615,0.061922945,0.024792952,0.1719459,0.020394929,0.6216608,0.019429352,0.11694148,0.061696243,0.0591802,0.23415558,0.0868164,0.06835192,0.18197195,0.18485537,0.024034644,0.03725951,0.082861505,0.1505963,0.08829815,0.28438893,0.13858737,0.071888186,0.0576366,0.092473276,0.27806666,0.9141917,0.7870871,0.12025684,0.020453507,0.02200613,0.25449297,0.034623943,0.033621192,0.46831852,0.058480714,0.37293282,0.411008,0.108090036,0.05167231,0.37933022,0.05387694,0.24957334,0.14829803,0.26704818,0.063666165,0.14654207,0.4359174,0.1636405,0.10708289,0.09224442,0.03318472,0.2169773,0.12858464,0.3450039,0.079742976,0.10406386,0.14427254,0.07039049,0.1456994,0.32743788,0.39002538,0.5338345,0.04258593,0.07120189,0.107145324,0.07442254,0.1663932,0.020065315,0.066837996,0.25491872,0.09352904,0.10287516,0.09105078,0.050691746,0.08545825,0.03589807,0.13042097,0.05077625,0.036394212,0.042216495,0.079957895,0.0879686,0.009392626,0.15126826,0.034180615,0.08826843,0.061452117,0.092772685,0.083994836,0.11650381,0.063040726,0.46014208,0.5927179,0.009530254,0.04554564,0.124469936,0.07984997,0.17579202,0.041069712,0.16701841,0.05902025,0.25369558,0.079377666,0.023029558,0.0796956,0.049900647,0.07693526,0.06488307,0.009301708,0.05991992,0.03453605,0.96653366,0.15454502,0.29236186,0.17013243,0.37311122,0.0953196,0.14489348,0.046322312,0.031515896,0.17999148,0.043861877,0.22025262,0.041620076,0.099802524,0.16524664,0.13688923,0.2069729,0.44882986,0.3935253,0.06753044,0.09768783,0.051392402,0.12322081,0.057674237,0.23408125,0.98620486,0.69105285,0.24467659,0.3649187,0.086495824,0.051915824,0.017762776,0.09081231,0.05942644,0.3475552,0.056373324,0.21891363,0.08704874,0.08391623,0.04303401,0.13287242,0.010973753,0.028616156,0.07427336,0.20171733
BC2026_Train_0020_S22_20211104_231500_45,0.0137334475,0.031039586,0.0027078965,0.2516842,2.7814422e-06,0.03947004,0.017507384,0.023030214,0.026813122,0.026989676,0.9439726,0.02279125,0.0020115355,1.3217944e-07,2.2961046e-06,0.038529556,0.0016064808,0.00023154682,0.078672595,0.004656148,0.061139382,0.00018158641,0.012663592,0.006742358,0.3007252,4.658007e-05,0.01593683,0.04692408,0.012226467,0.27299857,0.01308627,0.0049963584,0.047084298,0.033487238,0.0031411631,0.008201255,0.028186524,0.005318838,0.00931226,0.024573347,0.04503293,0.0065064332,0.023964783,0.012887639,0.002743271,0.002743271,0.029478297,0.0058433563,0.004552109,0.005759376,0.008041316,0.0075048343,0.0075048343,0.016158462,0.0059202528,4.6629168e-07,0.006977401,0.004679819,0.000140554,0.011619681,0.07131537,0.00046968984,0.0864425,0.94656503,0.0063591627,0.0048045972,0.023845969,0.0014141342,0.00079646625,0.051440135,0.0068813446,0.00031562318,0.029887931,0.0870638,0.13610914,0.06521951,0.042566657,0.33431923,0.10602934,0.034120526,0.21317697,0.022971213,0.7080901,0.03147633,0.10369174,0.06938968,0.060407326,0.22255789,0.11491358,0.2239354,0.11345747,0.16333085,0.042099837,0.04289014,0.104580216,0.23465328,0.13959025,0.36422652,0.32060242,0.08766829,0.072959006,0.08833488,0.19213016,0.95742774,0.6487829,0.16995767,0.02533579,0.0111800805,0.38708565,0.057229213,0.05360007,0.41290092,0.048316576,0.47834706,0.72076434,0.16601649,0.06660974,0.6340745,0.0586673,0.30672723,0.19780909,0.2587858,0.22053875,0.16534081,0.3959044,0.2828372,0.13436337,0.064333364,0.026014643,0.2307276,0.15771332,0.36846069,0.07146228,0.14165986,0.232179,0.049926974,0.18115014,0.34352732,0.31446397,0.6286815,0.025182903,0.07244611,0.105454735,0.06772174,0.22743341,0.021740424,0.08669,0.34605196,0.12796251,0.104472905,0.092684604,0.045041855,0.073528506,0.03357345,0.16031398,0.05678472,0.031321224,0.026700877,0.11416205,0.123069085,0.010990374,0.16743344,0.030218102,0.0662527,0.0605992,0.12874529,0.10453161,0.16282709,0.094342954,0.3372462,0.6368303,0.014013061,0.031358015,0.11382132,0.08868106,0.21521424,0.06368079,0.17803083,0.05785201,0.23106213,0.08527363,0.013639074,0.09796401,0.04601469,0.10679021,0.16669491,0.013460868,0.07702722,0.040316377,0.9680073,0.40346888,0.38116762,0.20584653,0.5244364,0.09742515,0.14771642,0.046784855,0.036972392,0.13573787,0.054062787,0.14719751,0.029005164,0.1112838,0.12909494,0.11332184,0.19611731,0.47700864,0.37757137,0.06531642,0.12623683,0.049779113,0.13042618,0.059190877,0.4243473,0.9231061,0.5919214,0.22610737,0.41721615,0.056890998,0.065444,0.01829302,0.06243983,0.10897338,0.33710015,0.111925155,0.24075134,0.04044613,0.12763244,0.06181851,0.15956825,0.015040457,0.036107685,0.060920227,0.40240625
BC2026_Train_0020_S22_20211104_231500_50,0.0055405716,0.012986998,0.0019220008,0.5508965,2.3517516e-06,0.029757632,0.058467474,0.011242651,0.013823981,0.027945086,0.9775113,0.008557711,0.0025580965,1.4601594e-07,2.03552e-06,0.028276084,0.00276998,0.000201999,0.094104335,0.006242185,0.12371248,0.00022674691,0.02177463,0.0053464505,0.19066474,5.1976494e-05,0.008617307,0.058388606,0.010587837,0.2543254,0.0038799103,0.0022756034,0.015392911,0.011925935,0.0031756673,0.004190169,0.012264672,0.0020665736,0.0026423866,0.009224866,0.022443157,0.0020793483,0.013040639,0.006708004,0.0011307332,0.0011307332,0.014808089,0.0020565342,0.0015865316,0.0024681173,0.0032307315,0.0033489869,0.0033489869,0.007494463,0.0076859053,4.294003e-07,0.0069086184,0.005184614,8.541184e-05,0.0088908365,0.07842607,0.00042697226,0.085068725,0.9541412,0.010750545,0.0037785438,0.019613605,0.0015828426,0.00117632,0.059786785,0.006939351,0.00034622566,0.023162952,0.09272941,0.2954884,0.05958449,0.051207487,0.36479512,0.081116244,0.0284509,0.10841213,0.030194908,0.8114089,0.021999203,0.086677454,0.078889996,0.12750679,0.31451058,0.17080423,0.24373266,0.16569076,0.117485695,0.04381368,0.05354025,0.1648899,0.21452047,0.14821059,0.2338415,0.27472147,0.12309876,0.063681334,0.030441865,0.22323744,0.97586095,0.6782032,0.19341433,0.027711071,0.009990797,0.4257945,0.036123686,0.064398274,0.5065264,0.060945258,0.33229157,0.49951988,0.19234625,0.06305784,0.5649759,0.056085907,0.48624727,0.28610605,0.30376515,0.1604938,0.21905123,0.40435475,0.26822558,0.10810807,0.07440323,0.041247305,0.21479848,0.11398817,0.44049323,0.0427582,0.100091346,0.19375566,0.049797226,0.177684,0.3627974,0.44742364,0.5104019,0.019386295,0.10882937,0.1124363,0.08558179,0.19408788,0.033524178,0.09198674,0.1347265,0.16092417,0.12690565,0.09248132,0.054767583,0.13701843,0.03431796,0.13978146,0.048913755,0.037648004,0.028437432,0.07659497,0.11707455,0.0047454783,0.19206312,0.027796414,0.10980718,0.1100701,0.13423958,0.17173284,0.058775645,0.07305131,0.5265363,0.26395184,0.01375207,0.025957458,0.21598502,0.07049521,0.52378935,0.20048392,0.18243673,0.07785913,0.26523194,0.23961692,0.013496716,0.12706651,0.04066429,0.07768564,0.11288982,0.023867566,0.06928921,0.04684541,0.58737755,0.6363158,0.43122548,0.12402034,0.43632087,0.12509976,0.14492777,0.048442107,0.04270943,0.08319334,0.063348666,0.07236621,0.021558575,0.050271455,0.15869936,0.09293299,0.19549815,0.37997785,0.2168625,0.05752986,0.13056092,0.08866942,0.24348724,0.070526846,0.3528386,0.82875913,0.87151957,0.08295566,0.50484586,0.06739323,0.052632943,0.018455213,0.046722025,0.06183407,0.10987384,0.046217255,0.29030293,0.05171001,0.08679491,0.06578735,0.13231604,0.01162772,0.024156414,0.06351804,0.48620588
BC2026_Train_0020_S22_20211104_231500_55,0.009951842,0.021624118,0.002920993,0.5081355,4.3333675e-06,0.041751027,0.043258782,0.018382464,0.036789224,0.023716804,0.96975034,0.008216368,0.0030448637,1.481268e-07,1.8955626e-06,0.072649404,0.0021804895,0.00022955534,0.1623826,0.00647401,0.1119157,0.00024266244,0.02644529,0.0058266725,0.43451658,4.347721e-05,0.02173682,0.053934466,0.016296599,0.26740074,0.007539572,0.0048616864,0.024896001,0.0179154,0.0030855322,0.0071389084,0.02750043,0.0037705114,0.005487854,0.014098948,0.027385483,0.004574697,0.024502313,0.012088817,0.0023244044,0.0023244044,0.021504115,0.004666121,0.0031813679,0.004278209,0.006753355,0.0070057777,0.0070057777,0.011581724,0.004098451,4.6633897e-07,0.0068856208,0.026009807,9.624816e-05,0.014584115,0.12334008,0.00049829955,0.11084683,0.9855574,0.022899779,0.014377294,0.028389707,0.0017258156,0.0019383606,0.06573652,0.006838237,0.00038415514,0.024187202,0.119528644,0.32614487,0.070460536,0.047391698,0.29903916,0.07612892,0.040329557,0.12599215,0.030849066,0.8060232,0.01594668,0.106880255,0.07942266,0.1323164,0.5093918,0.10699539,0.17599447,0.20090853,0.15957892,0.056184474,0.082126535,0.26226282,0.15240745,0.23419711,0.24523093,0.3066894,0.11056334,0.08948941,0.028465685,0.19272304,0.98248065,0.6450507,0.21434058,0.022239864,0.012755696,0.3217135,0.040272564,0.045566004,0.4305068,0.05039947,0.29469112,0.8234322,0.15582868,0.05468769,0.5073875,0.051234607,0.3968866,0.20526858,0.3274173,0.10357523,0.1573707,0.32822284,0.2435631,0.34529024,0.10307508,0.04487794,0.1770745,0.092170745,0.36601856,0.038405817,0.10471872,0.11370303,0.06057932,0.20176828,0.3713436,0.36662275,0.65332323,0.022992859,0.23775178,0.10250458,0.10095266,0.19647509,0.032528013,0.08045942,0.13717754,0.16970322,0.12147887,0.05206391,0.075832054,0.08912872,0.046073288,0.17577448,0.068455644,0.034611832,0.021063782,0.056897085,0.18995222,0.011122039,0.3405766,0.052285198,0.07509962,0.076560676,0.17081879,0.16094674,0.12398485,0.15208498,0.53231317,0.23021808,0.022098968,0.039763447,0.16309977,0.08149699,0.47310245,0.12173353,0.76986825,0.07917823,0.24423397,0.13180187,0.019659312,0.076727204,0.044864345,0.054653093,0.15078856,0.016329471,0.05959361,0.04179192,0.59145635,0.24238911,0.41830426,0.3382959,0.35179916,0.087942384,0.121194124,0.02912002,0.038415752,0.092496954,0.048271976,0.098610476,0.02309359,0.0586619,0.17296737,0.10245356,0.17205864,0.65680003,0.3048254,0.15511407,0.16283257,0.08597274,0.14624397,0.06116457,0.34100193,0.9865774,0.7150875,0.10951447,0.54630107,0.12334464,0.05275682,0.013304995,0.0699522,0.039490107,0.07839343,0.08095004,0.34214583,0.054520916,0.12870382,0.028580412,0.13382275,0.012326967,0.023333898,0.056493733,0.30530852
BC2026_Train_0020_S22_20211104_231500_60,0.0050112545,0.018279398,0.0027282122,0.35342175,4.3340674e-06,0.048617754,0.01939585,0.02036534,0.029264236,0.02441802,0.96880674,0.010702069,0.002083393,1.6093601e-07,2.0406953e-06,0.057468288,0.0015129545,0.00027289812,0.115923546,0.0064301905,0.111733735,0.00023724957,0.03159144,0.009028422,0.34051672,5.936484e-05,0.017459095,0.06683288,0.013179994,0.36116895,0.0073113125,0.004368539,0.022738157,0.014114216,0.0030895702,0.0058556125,0.022978885,0.0028573896,0.0051161246,0.012272625,0.0215689,0.0045068315,0.017813833,0.009754875,0.0019874764,0.0019874764,0.01699395,0.0039129853,0.0026153417,0.0033359136,0.005655522,0.005622553,0.005622553,0.0100563085,0.0042243316,4.1144565e-07,0.0068847807,0.02855471,8.7959255e-05,0.012947232,0.0896246,0.0005556075,0.12632911,0.97994107,0.02379328,0.0044451933,0.06756133,0.0012286416,0.0011144899,0.10039327,0.006821946,0.00040664643,0.027449038,0.080039635,0.25600848,0.033324692,0.06181682,0.27031705,0.051659185,0.035098836,0.1997123,0.033547737,0.7985034,0.024396216,0.15944177,0.08024588,0.20986706,0.52698475,0.13133563,0.13835156,0.24036758,0.11892889,0.06506264,0.039743237,0.35723937,0.15576673,0.17365903,0.29463395,0.34255192,0.20635642,0.0884074,0.056094643,0.24671862,0.97371113,0.72206235,0.123683386,0.029012011,0.011942072,0.35789308,0.044102516,0.043140084,0.34891465,0.0710406,0.28062108,0.8838208,0.19072121,0.037756793,0.4045482,0.050938886,0.48633355,0.23476958,0.3850242,0.12564988,0.13329342,0.34094152,0.20732978,0.11673437,0.06391738,0.03161367,0.11416973,0.12042378,0.3500763,0.06731773,0.07891811,0.15982203,0.059892435,0.18718946,0.3220289,0.23437779,0.63050467,0.020972986,0.41854233,0.09455828,0.077548176,0.19793417,0.03839233,0.08803787,0.07434428,0.12468492,0.0804781,0.095603816,0.07468722,0.1196967,0.050669838,0.08582564,0.043388516,0.029067924,0.023436274,0.056717396,0.18493117,0.009991712,0.294569,0.039279547,0.1267409,0.09600636,0.17318872,0.14373969,0.10790548,0.20622078,0.5906759,0.2527642,0.013093563,0.039224807,0.14609236,0.08092471,0.5919966,0.07629544,0.64932185,0.10915817,0.2733633,0.14983906,0.019322762,0.17012809,0.05441871,0.046052612,0.19697131,0.022576751,0.06628992,0.0472656,0.41348973,0.35667816,0.38254833,0.15112586,0.2716576,0.11687694,0.12786518,0.02899729,0.037023816,0.14173174,0.04329186,0.102521814,0.038648915,0.051747218,0.16976357,0.095140904,0.20881596,0.651605,0.38680157,0.062057354,0.21875848,0.13190652,0.23552132,0.109554574,0.45573917,0.9354246,0.6985717,0.09278583,0.6459677,0.1093928,0.07672947,0.01641269,0.059008926,0.05212106,0.071974844,0.037571535,0.28991184,0.058657594,0.09764628,0.03648433,0.15100019,0.010526171,0.036744244,0.0666892,0.3651741
